timestamp,episode,step,mean_reward,std_reward,min_reward,max_reward,total_reward,num_agents
2026-02-10T21:20:02.768929,1,0,-0.05393643754591136,2.0253964504621835e-16,-0.05393643754591171,-0.05393643754591104,-31.067388026444945,576
2026-02-10T21:20:02.797257,1,1,-0.053911671984312785,1.8107721364984798e-16,-0.0539116719843129,-0.05391167198431246,-31.053123062964165,576
2026-02-10T21:20:02.818861,1,2,-0.05383389122278312,1.1666149724882014e-16,-0.05383389122278337,-0.053833891222782926,-31.00832134432308,576
2026-02-10T21:20:02.840033,1,3,-0.04750407795817421,1.2719202621569003e-16,-0.04750407795817457,-0.04750407795817413,-27.362348903908348,576
2026-02-10T21:20:02.860734,1,4,-0.04639173998142327,9.020562075079397e-17,-0.04639173998142332,-0.0463917399814231,-26.721642229299803,576
2026-02-10T21:20:02.879122,1,5,-0.04314878390754675,1.4214856664723267e-16,-0.04314878390754706,-0.043148783907546395,-24.853699530746926,576
2026-02-10T21:20:02.897170,1,6,-0.0409899290532186,1.7749649012567695e-16,-0.04098992905321874,-0.0409899290532183,-23.61019913465391,576
2026-02-10T21:20:02.915592,1,7,-0.03807086511494282,1.0949389893418967e-16,-0.038070865114943064,-0.03807086511494262,-21.928818306207067,576
2026-02-10T21:20:02.933287,1,8,-0.03551336935020125,1.8871580367038856e-16,-0.03551336935020144,-0.035513369350200996,-20.455700745715923,576
2026-02-10T21:20:02.949566,1,9,-0.03271791746021472,1.2276156489239667e-16,-0.03271791746021502,-0.032717917460214574,-18.84552045708368,576
2026-02-10T21:20:02.972793,1,10,-0.03008322420016492,1.5258994251532936e-16,-0.03008322420016518,-0.030083224200164738,-17.327937139294995,576
2026-02-10T21:20:02.989131,1,11,-0.02736117030936853,1.278684588044975e-16,-0.0273611703093688,-0.027361170309368354,-15.760034098196273,576
2026-02-10T21:20:03.005648,1,12,-0.024718559122903827,1.4686870114880517e-16,-0.024718559122903994,-0.02471855912290355,-14.237890054792604,576
2026-02-10T21:20:03.021777,1,13,-0.022037935036372597,1.227452217431673e-16,-0.022037935036372858,-0.022037935036372414,-12.693850580950617,576
2026-02-10T21:20:03.038216,1,14,-0.019404655874550956,1.406588704082613e-16,-0.01940465587455109,-0.019404655874550647,-11.17708178374135,576
2026-02-10T21:20:03.054213,1,15,-0.016755417384464927,1.2515682248423183e-16,-0.016755417384465288,-0.016755417384464844,-9.651120413451798,576
2026-02-10T21:20:03.069437,1,16,-0.014139750381889008,1.2274113561584238e-16,-0.014139750381889415,-0.01413975038188875,-8.144496219968069,576
2026-02-10T21:20:03.084849,1,17,-0.011519781823769929,1.6550328702580176e-16,-0.011519781823770225,-0.011519781823769781,-6.635394330491479,576
2026-02-10T21:20:03.100413,1,18,-0.00892638032365145,1.2819751242557092e-16,-0.008926380323651895,-0.008926380323651228,-5.1415950664232355,576
2026-02-10T21:20:03.115378,1,19,-0.006335607965229195,1.6024689053196368e-16,-0.006335607965229473,-0.006335607965228807,-3.6493101879720165,576
2026-02-10T21:20:03.130600,1,20,-0.003767523462704527,1.3565895280952748e-16,-0.0037675234627048138,-0.0037675234627043697,-2.1700935145178075,576
2026-02-10T21:20:03.145464,1,21,-0.0012066518088263052,1.0946949037439064e-16,-0.0012066518088267308,-0.0012066518088260647,-0.6950314418839518,576
2026-02-10T21:20:03.160502,1,22,0.0013336709505186544,1.2685511369611754e-16,0.0013336709505182842,0.0013336709505189503,0.7681944674987449,576
2026-02-10T21:20:03.175401,1,23,0.0038635184589908,1.3597399555105182e-16,0.003863518458990578,0.003863518458990911,2.225386632378701,576
2026-02-10T21:20:03.189892,1,24,0.006373910371754572,1.655025294193921e-16,0.006373910371754277,0.006373910371754832,3.671372374130634,576
2026-02-10T21:20:03.204721,1,25,0.008871393338548125,1.0779507099648074e-16,0.008871393338547917,0.00887139333854825,5.10992256300372,576
2026-02-10T21:20:03.219239,1,26,0.011349864008405,1.5138879198344937e-16,0.011349864008404653,0.011349864008405208,6.53752166884128,576
2026-02-10T21:20:03.233551,1,27,0.013813539647665624,1.377731611231084e-16,0.013813539647665296,0.013813539647665962,7.9565988370554,576
2026-02-10T21:20:03.247745,1,28,0.01625823118888093,1.086108692045682e-16,0.01625823118888059,0.016258231188881034,9.364741164795415,576
2026-02-10T21:20:03.261257,1,29,0.01868660994570646,1.347140578106045e-16,0.018686609945706256,0.0186866099457067,10.76348732872692,576
2026-02-10T21:20:03.275540,1,30,0.021095763750627557,1.3964254612015911e-16,0.021095763750627383,0.021095763750627827,12.151159920361472,576
2026-02-10T21:20:03.289183,1,31,0.023487337813810627,1.1102230246251565e-16,0.023487337813810294,0.02348733781381085,13.528706580754921,576
2026-02-10T21:20:03.303396,1,32,0.02585927592069778,1.5195755184390407e-16,0.02585927592069759,0.025859275920698255,14.894942930321921,576
2026-02-10T21:20:03.318044,1,33,0.02821254602805214,1.2948987442391537e-16,0.0282125460280519,0.028212546028052454,16.250426512158032,576
2026-02-10T21:20:03.331946,1,34,0.030545667127379765,1.4304896245381993e-16,0.030545667127379605,0.03054566712738005,17.594304265370745,576
2026-02-10T21:20:03.345927,1,35,0.03285916104788013,1.580281355082732e-16,0.03285916104787967,0.03285916104788045,18.926876763578953,576
2026-02-10T21:20:03.359702,1,36,0.03515193107650834,1.1471931522915447e-16,0.03515193107650816,0.03515193107650871,20.247512300068802,576
2026-02-10T21:20:03.373482,1,37,0.037424201749197195,1.5700924586837752e-16,0.03742420174919692,0.03742420174919736,21.556340207537584,576
2026-02-10T21:20:03.387503,1,38,0.039675127091235725,1.1548621071314795e-16,0.03967512709123555,0.039675127091235995,22.852873204551777,576
2026-02-10T21:20:03.401377,1,39,0.04190472966311208,1.1245861446835832e-16,0.04190472966311187,0.041904729663112206,24.13712428595256,576
2026-02-10T21:20:03.415182,1,40,0.044112326757003474,1.373246665344274e-16,0.04411232675700327,0.04411232675700372,25.408700212034002,576
2026-02-10T21:20:03.428974,1,41,0.04629781056063387,1.199177923332954e-16,0.046297810560633534,0.04629781056063409,26.667538882925108,576
2026-02-10T21:20:03.442828,1,42,0.04846061938212701,1.2919517348320736e-16,0.04846061938212676,0.04846061938212742,27.913316764105154,576
2026-02-10T21:20:03.456258,1,43,0.05060058602565498,1.013490324081353e-16,0.05060058602565487,0.05060058602565509,29.14593755077727,576
2026-02-10T21:20:03.469711,1,44,0.052717271250668385,1.5202354861220294e-16,0.05271727125066816,0.05271727125066861,30.36514824038499,576
2026-02-10T21:20:03.483256,1,45,0.054810527524426035,1.4681405232788112e-16,0.054810527524425834,0.05481052752442628,31.570863854069398,576
2026-02-10T21:20:03.496929,1,46,0.056880069923141284,1.1850417367259094e-16,0.0568800699231411,0.05688006992314154,32.76292027572938,576
2026-02-10T21:20:03.510318,1,47,0.058925848544890885,1.545365047825326e-16,0.05892584854489069,0.058925848544891135,33.94128876185715,576
2026-02-10T21:20:03.524021,1,48,0.060947769226616634,1.4214856664723267e-16,0.06094776922661638,0.06094776922661682,35.10591507453118,576
2026-02-10T21:20:03.537428,1,49,0.06294593362387063,1.3214297116801536e-16,0.06294593362387046,0.06294593362387091,36.25685776734948,576
2026-02-10T21:20:03.550944,1,50,0.06492045126351406,1.642041997679149e-16,0.06492045126351387,0.06492045126351431,37.3941799277841,576
2026-02-10T21:20:03.564487,1,51,0.06687158533565271,1.406160757608305e-16,0.06687158533565252,0.06687158533565296,38.51803315333596,576
2026-02-10T21:20:03.578219,1,52,0.06879961931603584,1.1775693440128312e-16,0.06879961931603573,0.06879961931603618,39.628580726036645,576
2026-02-10T21:20:03.591726,1,53,0.07070493893883942,1.4946834900704541e-16,0.07070493893883922,0.07070493893883967,40.726044828771506,576
2026-02-10T21:20:03.605048,1,54,0.07258793425754585,1.2541302914435336e-16,0.0725879342575455,0.07258793425754606,41.81065013234641,576
2026-02-10T21:20:03.618483,1,55,0.07444904389574913,1.3018518929051675e-16,0.07444904389574891,0.07444904389574947,42.8826492839515,576
2026-02-10T21:20:03.631801,1,56,0.07628868666000907,1.3407216768447582e-16,0.07628868666000888,0.07628868666000943,43.942283516165226,576
2026-02-10T21:20:03.645121,1,57,0.07810728907757734,1.5138879198344937e-16,0.07810728907757714,0.07810728907757758,44.98979850868455,576
2026-02-10T21:20:03.658865,1,58,0.07990524505910662,1.2412670766236366e-16,0.07990524505910646,0.0799052450591069,46.02542115404542,576
2026-02-10T21:20:03.672142,1,59,0.08168294047921273,1.013490324081353e-16,0.08168294047921265,0.08168294047921287,47.04937371602654,576
2026-02-10T21:20:03.685331,1,60,0.08344073631241702,1.6806835668167717e-16,0.08344073631241677,0.08344073631241733,48.061864115952204,576
2026-02-10T21:20:03.699087,1,61,0.08517899195883273,1.5721355206523873e-16,0.0851789919588325,0.08517899195883294,49.06309936828765,576
2026-02-10T21:20:03.712672,1,62,0.08689806138353366,1.4968294832647052e-16,0.0868980613835334,0.08689806138353395,50.05328335691539,576
2026-02-10T21:20:03.726104,1,63,0.08859831013397672,1.3092278833360675e-16,0.08859831013397657,0.08859831013397701,51.03262663717059,576
2026-02-10T21:20:03.739426,1,64,0.09028011088717056,1.3116773295997497e-16,0.09028011088717036,0.0902801108871708,52.00134387101024,576
2026-02-10T21:20:03.752816,1,65,0.09194384676224644,1.3573772431164653e-16,0.0919438467622462,0.09194384676224676,52.95965573505395,576
2026-02-10T21:20:03.766072,1,66,0.09358989889673913,1.634204043630099e-16,0.09358989889673885,0.09358989889673952,53.907781764521744,576
2026-02-10T21:20:03.779456,1,67,0.0952186364706078,1.5700924586837752e-16,0.09521863647060758,0.09521863647060802,54.84593460707009,576
2026-02-10T21:20:03.793044,1,68,0.096830397987617,1.4332917616497527e-16,0.09683039798761683,0.09683039798761739,55.774309240867396,576
2026-02-10T21:20:03.806610,1,69,0.09842547634008703,1.6958936828758672e-16,0.09842547634008669,0.09842547634008725,56.69307437189013,576
2026-02-10T21:20:03.820156,1,70,0.10000410334974026,1.9445417088559127e-16,0.10000410334973975,0.10000410334974053,57.60236352945039,576
2026-02-10T21:20:03.833663,1,71,0.10156644254056198,1.453307666099876e-16,0.10156644254056157,0.10156644254056235,58.5022709033637,576
2026-02-10T21:20:03.847328,1,72,0.10311258533491491,1.1555567610933196e-16,0.10311258533491452,0.10311258533491507,59.39284915291099,576
2026-02-10T21:20:03.860737,1,73,0.10464255849986752,2.0126779796317358e-16,0.10464255849986726,0.10464255849986803,60.27411369592369,576
2026-02-10T21:20:03.874029,1,74,0.10615633678547426,1.4686870114880517e-16,0.10615633678547387,0.10615633678547454,61.14604998843318,576
2026-02-10T21:20:03.887398,1,75,0.10765386241228249,1.663405949681655e-16,0.10765386241228214,0.1076538624122827,62.00862474947471,576
2026-02-10T21:20:03.900757,1,76,0.10913506809459858,1.748087196078735e-16,0.10913506809459805,0.10913506809459872,62.861799222488784,576
2026-02-10T21:20:03.914137,1,77,0.11059990230739973,1.6556691358816732e-16,0.11059990230739936,0.11059990230740002,63.70554372906224,576
2026-02-10T21:20:03.927244,1,78,0.11204835288205345,1.4686870114880517e-16,0.11204835288205317,0.11204835288205373,64.53985126006279,576
2026-02-10T21:20:03.940464,1,79,0.11348046760580911,1.663405949681655e-16,0.11348046760580865,0.11348046760580954,65.36474934094605,576
2026-02-10T21:20:03.953460,1,80,0.11489636940989773,1.3970000036909087e-16,0.11489636940989734,0.11489636940989789,66.18030878010109,576
2026-02-10T21:20:03.966424,1,81,0.11629626573325846,1.7407267962461114e-16,0.11629626573325802,0.11629626573325891,66.98664906235688,576
2026-02-10T21:20:03.979522,1,82,0.11768045038979597,1.784433852716382e-16,0.11768045038979558,0.11768045038979624,67.78393942452247,576
2026-02-10T21:20:03.992602,1,83,0.11904929902008989,1.5515838457795457e-16,0.11904929902008954,0.1190492990200901,68.57239623557177,576
2026-02-10T21:20:04.005834,1,84,0.12040325892637536,1.3335198968585163e-16,0.12040325892637516,0.1204032589263756,69.35227714159221,576
2026-02-10T21:20:04.019184,1,85,0.12174283476716484,1.1802920513331013e-16,0.12174283476716474,0.12174283476716519,70.12387282588695,576
2026-02-10T21:20:04.032670,1,86,0.12306857110775489,1.4664998367652188e-16,0.12306857110775449,0.12306857110775515,70.88749695806682,576
2026-02-10T21:20:04.046075,1,87,0.12438103503050583,1.5598370095651687e-16,0.12438103503050535,0.12438103503050602,71.64347617757136,576
2026-02-10T21:20:04.059610,1,88,0.12568079860740763,1.5782488380292966e-16,0.12568079860740733,0.12568079860740788,72.39213999786679,576
2026-02-10T21:20:04.072954,1,89,0.12696842535331734,1.784433852716382e-16,0.12696842535331687,0.12696842535331754,73.1338130035108,576
2026-02-10T21:20:04.086444,1,90,0.12824445940168505,1.5700924586837752e-16,0.12824445940168472,0.12824445940168527,73.86880861537058,576
2026-02-10T21:20:04.099914,1,91,0.1295094197899756,1.2819751242557092e-16,0.12950941978997532,0.12950941978997588,74.59742579902594,576
2026-02-10T21:20:04.113602,1,92,0.13076379910085403,1.4510973109558773e-16,0.13076379910085367,0.13076379910085423,75.31994828209193,576
2026-02-10T21:20:04.127039,1,93,0.13200806736782245,1.4510973109558773e-16,0.1320080673678221,0.13200806736782267,76.03664680386572,576
2026-02-10T21:20:04.140753,1,94,0.1332426785915566,1.3502643003081224e-16,0.13324267859155625,0.13324267859155703,76.7477828687366,576
2026-02-10T21:20:04.154244,1,95,0.1344680815108634,1.0868472903575298e-16,0.1344680815108633,0.13446808151086376,77.45361495025732,576
2026-02-10T21:20:04.167716,1,96,0.13568472947117374,1.5618934864101645e-16,0.1356847294711735,0.13568472947117405,78.15440417539608,576
2026-02-10T21:20:04.181084,1,97,0.13689309069696806,1.2617852778345905e-16,0.13689309069696787,0.1368930906969683,78.8504202414536,576
2026-02-10T21:20:04.194547,1,98,0.13809365548186323,9.614813431917819e-17,0.13809365548186292,0.13809365548186336,79.54194555755322,576
2026-02-10T21:20:04.207953,1,99,0.13928693971812608,1.4686870114880517e-16,0.1392869397181259,0.13928693971812622,80.22927727764062,576
2026-02-10T21:20:04.221617,1,100,0.1404734828174354,1.0868472903575298e-16,0.14047348281743532,0.14047348281743577,80.9127261028428,576
2026-02-10T21:20:04.235122,1,101,0.14165384071957313,1.4510973109558773e-16,0.14165384071957277,0.14165384071957332,81.59261225447412,576
2026-02-10T21:20:04.248852,1,102,0.14282857354854478,1.3970000036909087e-16,0.1428285735485445,0.14282857354854506,82.2692583639618,576
2026-02-10T21:20:04.262358,1,103,0.14399822863508435,1.3214297116801536e-16,0.14399822863508394,0.1439982286350845,82.94297969380858,576
2026-02-10T21:20:04.275964,1,104,0.14516332104246032,1.1331166295920987e-16,0.14516332104246,0.14516332104246055,83.61407292045715,576
2026-02-10T21:20:04.289470,1,105,0.14632431307940946,1.6653345369377348e-16,0.14632431307940919,0.14632431307940985,84.28280433373985,576
2026-02-10T21:20:04.302893,1,106,0.14748159437465935,1.798766884999431e-16,0.1474815943746588,0.14748159437465957,84.9493983598038,576
2026-02-10T21:20:04.316255,1,107,0.14863546536008176,1.7554167342883506e-16,0.14863546536008132,0.148635465360082,85.61402804740709,576
2026-02-10T21:20:04.329626,1,108,0.1497861248819083,1.725911830690932e-16,0.1497861248819079,0.14978612488190857,86.27680793197918,576
2026-02-10T21:20:04.343044,1,109,0.15093366425287216,1.406160757608305e-16,0.1509336642528718,0.15093366425287247,86.93779060965437,576
2026-02-10T21:20:04.356330,1,110,0.15207806818263578,1.7184564531560764e-16,0.15207806818263547,0.15207806818263614,87.5969672731982,576
2026-02-10T21:20:04.369879,1,111,0.153219221639591,1.9362705454232937e-16,0.15321922163959045,0.15321922163959123,88.25427166440441,576
2026-02-10T21:20:04.383516,1,112,0.15435692338614782,1.4510973109558773e-16,0.15435692338614748,0.15435692338614826,88.90958787042115,576
2026-02-10T21:20:04.396887,1,113,0.15549090409162947,1.975656351854947e-16,0.1554909040916288,0.1554909040916299,89.56276075677857,576
2026-02-10T21:20:04.410146,1,114,0.15662084628535855,1.725911830690932e-16,0.1566208462853581,0.15662084628535888,90.21360746036652,576
2026-02-10T21:20:04.423438,1,115,0.15774640661957054,1.805890742125813e-16,0.15774640661957018,0.15774640661957096,90.86193021287264,576
2026-02-10T21:20:04.436705,1,116,0.15886723479462514,2.101618266747808e-16,0.1588672347946245,0.1588672347946256,91.50752724170408,576
2026-02-10T21:20:04.450234,1,117,0.15998299167548533,1.725911830690932e-16,0.1599829916754847,0.15998299167548546,92.15020320507955,576
2026-02-10T21:20:04.463534,1,118,0.16109336316165176,1.7554167342883506e-16,0.16109336316165124,0.16109336316165224,92.78977718111142,576
2026-02-10T21:20:04.477054,1,119,0.16219807087800178,2.0770370905276122e-16,0.16219807087800098,0.1621980708780022,93.42608882572902,576
2026-02-10T21:20:04.490626,1,120,0.16329688128025158,2.4196749845665633e-16,0.16329688128025066,0.163296881280252,94.0590036174249,576
2026-02-10T21:20:04.504234,1,121,0.1643896128041878,2.7194799110210365e-16,0.16438961280418674,0.1643896128041883,94.68841697521216,576
2026-02-10T21:20:04.518548,1,122,0.1654761426417571,2.0521614974769298e-16,0.16547614264175636,0.16547614264175758,95.31425816165209,576
2026-02-10T21:20:04.532136,1,123,0.1665564159642251,2.0142721802615894e-16,0.16655641596422455,0.16655641596422555,95.93649559539367,576
2026-02-10T21:20:04.545627,1,124,0.16763045347386205,1.8200548080610225e-16,0.16763045347386152,0.1676304534738624,96.55514120094453,576
2026-02-10T21:20:04.559091,1,125,0.16869836036004274,2.1319462161963365e-16,0.16869836036004193,0.16869836036004315,97.17025556738461,576
2026-02-10T21:20:04.572801,1,126,0.16976033173136312,2.642859423360307e-16,0.1697603317313624,0.16976033173136384,97.78195107726516,576
2026-02-10T21:20:04.586258,1,127,0.1708166537866823,1.7916147020621908e-16,0.17081665378668165,0.17081665378668265,98.39039258112899,576
2026-02-10T21:20:04.599719,1,128,0.17186769671582125,2.398355846665908e-16,0.17186769671582047,0.1718676967158217,98.99579330831304,576
2026-02-10T21:20:04.613149,1,129,0.1729139000437114,1.8200548080610225e-16,0.17291390004371088,0.17291390004371188,99.59840642517777,576
2026-02-10T21:20:04.626484,1,130,0.1739557483612711,2.0014830212433605e-16,0.17395574836127048,0.1739557483612716,100.19851105609214,576
2026-02-10T21:20:04.639763,1,131,0.17499374030186354,1.8129866073473578e-16,0.174993740301863,0.174993740301864,100.7963944138734,576
2026-02-10T21:20:04.653221,1,132,0.17602835501018743,2.2887833992611187e-16,0.17602835501018665,0.17602835501018788,101.39233248586797,576
2026-02-10T21:20:04.666535,1,133,0.17706002074642463,2.101618266747808e-16,0.17706002074642402,0.17706002074642513,101.98657194994058,576
2026-02-10T21:20:04.679975,1,134,0.17808909093053282,1.962615573354719e-16,0.17808909093053216,0.17808909093053316,102.5793163759869,576
2026-02-10T21:20:04.693087,1,135,0.17911583330807668,1.7554167342883506e-16,0.179115833308076,0.179115833308077,103.17071998545217,576
2026-02-10T21:20:04.706263,1,136,0.18014043371983082,1.657606724766902e-16,0.18014043371983035,0.18014043371983113,103.76088982262256,576
2026-02-10T21:20:04.719378,1,137,0.18116301519945407,1.6263283156521023e-16,0.18116301519945377,0.18116301519945444,104.34989675488555,576
2026-02-10T21:20:04.732484,1,138,0.18218366854133564,1.798766884999431e-16,0.18218366854133516,0.18218366854133594,104.93779307980932,576
2026-02-10T21:20:04.745660,1,139,0.18320248960818997,1.7554167342883506e-16,0.18320248960818952,0.1832024896081904,105.52463401431743,576
2026-02-10T21:20:04.758909,1,140,0.1842196159162975,1.784433852716382e-16,0.18421961591629687,0.18421961591629787,106.11049876778736,576
2026-02-10T21:20:04.772269,1,141,0.18523525672873958,1.4686870114880517e-16,0.1852352567287392,0.18523525672873986,106.695507875754,576
2026-02-10T21:20:04.785851,1,142,0.18624970945489472,1.3214297116801536e-16,0.1862497094548945,0.18624970945489505,107.27983264601936,576
2026-02-10T21:20:04.799222,1,143,0.18726336148288705,1.442222014787673e-16,0.1872633614828868,0.18726336148288736,107.86369621414295,576
2026-02-10T21:20:04.812509,1,144,0.18827667608113627,1.3311106448512297e-16,0.18827667608113607,0.18827667608113663,108.44736542273449,576
2026-02-10T21:20:04.825917,1,145,0.1892901654865123,1.7184564531560764e-16,0.1892901654865119,0.18929016548651267,109.03113532023109,576
2026-02-10T21:20:04.839503,1,146,0.19030435583245658,1.5032490816276445e-16,0.1903043558324562,0.19030435583245675,109.615308959495,576
2026-02-10T21:20:04.852909,1,147,0.19131974871199187,2.0014830212433605e-16,0.19131974871199142,0.1913197487119921,110.20017525810731,576
2026-02-10T21:20:04.866330,1,148,0.19233678701300796,1.3018518929051675e-16,0.1923367870130076,0.19233678701300816,110.78598931949259,576
2026-02-10T21:20:04.879783,1,149,0.19335582684011063,1.0749688212373146e-16,0.19335582684011032,0.19335582684011077,111.37295625990372,576
2026-02-10T21:20:04.893296,1,150,0.1943771202211174,1.4510973109558773e-16,0.19437712022111708,0.19437712022111764,111.96122124736361,576
2026-02-10T21:20:04.906610,1,151,0.19540080949747474,1.7699847578072257e-16,0.19540080949747418,0.19540080949747496,112.55086627054544,576
2026-02-10T21:20:04.920228,1,152,0.19642693224597346,7.850462293418876e-17,0.1964269322459733,0.19642693224597352,113.14191297368072,576
2026-02-10T21:20:04.933677,1,153,0.1974554348546751,8.479468414379336e-17,0.19745543485467498,0.1974554348546752,113.73433047629285,576
2026-02-10T21:20:04.947414,1,154,0.1984861922222023,1.0985973322754192e-16,0.19848619222220198,0.19848619222220243,114.32804671998852,576
2026-02-10T21:20:04.960874,1,155,0.199519030023628,1.0007415106216802e-16,0.1995190300236277,0.19951903002362814,114.92296129360973,576
2026-02-10T21:20:04.974360,1,156,0.20055374715148758,1.3691500328805859e-16,0.20055374715148733,0.20055374715148777,115.51895835925684,576
2026-02-10T21:20:04.987847,1,157,0.2015901353842574,1.537034178252068e-16,0.2015901353842573,0.20159013538425763,116.11591798133227,576
2026-02-10T21:20:05.001384,1,158,0.20262799438438953,1.1555567610933196e-16,0.20262799438438928,0.20262799438438972,116.71372476540837,576
2026-02-10T21:20:05.014573,1,159,0.20366714205612682,1.0749688212373146e-16,0.20366714205612668,0.20366714205612713,117.31227382432905,576
2026-02-10T21:20:05.027947,1,160,0.20470741961790762,1.6498427161603295e-16,0.20470741961790728,0.20470741961790795,117.91147369991478,576
2026-02-10T21:20:05.041265,1,161,0.20574869207044721,1.5536512468907993e-16,0.2057486920704471,0.20574869207044755,118.5112466325776,576
2026-02-10T21:20:05.054911,1,162,0.20679084585850438,1.3214297116801536e-16,0.20679084585850416,0.2067908458585046,119.11152721449852,576
2026-02-10T21:20:05.068507,1,163,0.2078337846024837,1.4332917616497527e-16,0.20783378460248347,0.20783378460248403,119.71225993103062,576
2026-02-10T21:20:05.082033,1,164,0.20887742553014674,1.5782488380292966e-16,0.20887742553014643,0.208877425530147,120.31339710536452,576
2026-02-10T21:20:05.095302,1,165,0.2099216977832871,1.4599186524558625e-16,0.20992169778328684,0.2099216977832874,120.91489792317337,576
2026-02-10T21:20:05.108630,1,166,0.21096654402779175,1.5700924586837752e-16,0.21096654402779147,0.21096654402779202,121.51672936000804,576
2026-02-10T21:20:05.121963,1,167,0.21201192674660266,1.1217282337237457e-16,0.21201192674660252,0.21201192674660296,122.11886980604314,576
2026-02-10T21:20:05.135454,1,168,0.21305783787939214,1.5032490816276445e-16,0.2130578378793918,0.21305783787939236,122.72131461852987,576
2026-02-10T21:20:05.148625,1,169,0.21410431163656096,1.7407267962461114e-16,0.21410431163656063,0.21410431163656118,123.32408350265912,576
2026-02-10T21:20:05.161921,1,170,0.2151514371830942,1.5700924586837752e-16,0.2151514371830937,0.21515143718309448,123.92722781746227,576
2026-02-10T21:20:05.175143,1,171,0.21619936850206878,2.344209911246199e-16,0.2161993685020681,0.21619936850206933,124.53083625719162,576
2026-02-10T21:20:05.188699,1,172,0.21724832746619038,1.8410966031475738e-16,0.21724832746618983,0.21724832746619072,125.13503662052565,576
2026-02-10T21:20:05.202000,1,173,0.2182985967211086,1.8549918689772906e-16,0.2182985967211083,0.21829859672110885,125.73999171135856,576
2026-02-10T21:20:05.215457,1,174,0.21935050047969057,1.725911830690932e-16,0.21935050047969018,0.21935050047969074,126.34588827630176,576
2026-02-10T21:20:05.229099,1,175,0.22040437282323533,1.8410966031475738e-16,0.22040437282323488,0.22040437282323555,126.95291874618356,576
2026-02-10T21:20:05.242711,1,176,0.2214605155296313,1.896066778761455e-16,0.22146051552963097,0.22146051552963164,127.56125694506764,576
2026-02-10T21:20:05.256190,1,177,0.22251915054983293,2.0584085788909642e-16,0.2225191505498324,0.2225191505498334,128.17103071670377,576
2026-02-10T21:20:05.269813,1,178,0.22358037176468473,2.0458953408719598e-16,0.22358037176468426,0.22358037176468515,128.7822941364584,576
2026-02-10T21:20:05.283407,1,179,0.2246441046627088,1.725911830690932e-16,0.22464410466270834,0.22464410466270923,129.39500428572026,576
2026-02-10T21:20:05.297046,1,180,0.2257100794521231,1.7772239894833365e-16,0.22571007945212263,0.2257100794521234,130.0090057644229,576
2026-02-10T21:20:05.311107,1,181,0.22677782400831126,1.962615573354719e-16,0.22677782400831092,0.2267778240083116,130.62402662878728,576
2026-02-10T21:20:05.324969,1,182,0.22784667970613023,2.1795933556870606e-16,0.2278466797061296,0.2278466797061307,131.23968751073102,576
2026-02-10T21:20:05.338506,1,183,0.22891584046369592,1.5782488380292966e-16,0.2289158404636955,0.2289158404636964,131.85552410708885,576
2026-02-10T21:20:05.352306,1,184,0.22998441218367166,1.8129866073473578e-16,0.22998441218367116,0.22998441218367216,132.47102141779487,576
2026-02-10T21:20:05.366040,1,185,0.23105148733024578,1.784433852716382e-16,0.23105148733024528,0.23105148733024616,133.08565670222157,576
2026-02-10T21:20:05.379923,1,186,0.23211622797637055,2.3111135221866393e-16,0.2321162279763701,0.2321162279763711,133.69894731438944,576
2026-02-10T21:20:05.393160,1,187,0.23317794624804064,1.8129866073473578e-16,0.23317794624804022,0.233177946248041,134.3104970388714,576
2026-02-10T21:20:05.406539,1,188,0.23423617539527036,1.975656351854947e-16,0.23423617539526997,0.23423617539527097,134.92003702767573,576
2026-02-10T21:20:05.419835,1,189,0.23529072231224202,2.1736945807150596e-16,0.23529072231224157,0.23529072231224257,135.5274560518514,576
2026-02-10T21:20:05.433005,1,190,0.23634169586713286,1.8892829760514111e-16,0.2363416958671326,0.23634169586713338,136.13281681946853,576
2026-02-10T21:20:05.446339,1,191,0.23738950750923069,2.2943863045830894e-16,0.23738950750923016,0.23738950750923138,136.73635632531688,576
2026-02-10T21:20:05.459577,1,192,0.2384348444808646,2.1138016631127878e-16,0.23843484448086405,0.23843484448086505,137.338470420978,576
2026-02-10T21:20:05.472825,1,193,0.23947861680896607,1.9560625815268048e-16,0.23947861680896565,0.23947861680896632,137.93968328196445,576
2026-02-10T21:20:05.486093,1,194,0.2405218842310705,1.827095665330967e-16,0.24052188423107024,0.2405218842310709,138.5406053170966,576
2026-02-10T21:20:05.499332,1,195,0.24156576859490275,1.4860685278828935e-16,0.2415657685949023,0.24156576859490297,139.141882710664,576
2026-02-10T21:20:05.512776,1,196,0.24261135992428967,2.0521614974769298e-16,0.24261135992428917,0.24261135992428995,139.74414331639085,576
2026-02-10T21:20:05.525954,1,197,0.2436596247305707,1.8619006149354548e-16,0.24365962473057012,0.24365962473057112,140.34794384480873,576
2026-02-10T21:20:05.539252,1,198,0.2447113228173574,1.725911830690932e-16,0.24471132281735708,0.24471132281735775,140.95372194279787,576
2026-02-10T21:20:05.552574,1,199,0.24576694127384677,1.5782488380292966e-16,0.24576694127384635,0.2457669412738469,141.56175817373574,576
2026-02-10T21:20:05.565939,1,200,0.2468266503988488,1.868783819980842e-16,0.24682665039884844,0.2468266503988492,142.1721506297369,576
2026-02-10T21:20:05.579518,1,201,0.24789028522405726,1.3597399555105182e-16,0.24789028522405698,0.24789028522405754,142.78480428905698,576
2026-02-10T21:20:05.593157,1,202,0.24895735502666635,1.545365047825326e-16,0.24895735502666605,0.24895735502666683,143.39943649535982,576
2026-02-10T21:20:05.606542,1,203,0.25002708004475427,1.415262216750919e-16,0.25002708004475405,0.2500270800447546,144.01559810577845,576
2026-02-10T21:20:05.620020,1,204,0.2510984515366928,1.634204043630099e-16,0.2510984515366925,0.25109845153669297,144.63270808513505,576
2026-02-10T21:20:05.633393,1,205,0.25217031016154146,1.1102230246251565e-16,0.25217031016154134,0.2521703101615418,145.25009865304787,576
2026-02-10T21:20:05.646738,1,206,0.25324143382159164,1.725911830690932e-16,0.25324143382159126,0.2532414338215919,145.86706588123678,576
2026-02-10T21:20:05.660156,1,207,0.2543106257476838,1.4686870114880517e-16,0.2543106257476836,0.2543106257476839,146.48292043066587,576
2026-02-10T21:20:05.673665,1,208,0.2553767931520938,1.199177923332954e-16,0.2553767931520935,0.25537679315209405,147.09703285560602,576
2026-02-10T21:20:05.687388,1,209,0.25643900797221403,1.3970000036909087e-16,0.25643900797221386,0.2564390079722143,147.70886859199527,576
2026-02-10T21:20:05.700960,1,210,0.25749654465549143,8.777083671441753e-17,0.2574965446554911,0.25749654465549154,148.31800972156307,576
2026-02-10T21:20:05.714488,1,211,0.2585488909452719,1.5700924586837752e-16,0.25854889094527167,0.2585488909452721,148.92416118447662,576
2026-02-10T21:20:05.728303,1,212,0.25959573594544394,1.199177923332954e-16,0.25959573594544383,0.2595957359454444,149.52714390457572,576
2026-02-10T21:20:05.741802,1,213,0.26063693800389365,1.0385185452638061e-16,0.2606369380038933,0.26063693800389387,150.12687629024273,576
2026-02-10T21:20:05.755327,1,214,0.26167248161571766,1.5032490816276445e-16,0.26167248161571743,0.261672481615718,150.72334941065338,576
2026-02-10T21:20:05.768833,1,215,0.26270243106416197,8.479468414379336e-17,0.2627024310641618,0.262702431064162,151.3166002929573,576
2026-02-10T21:20:05.782312,1,216,0.263726887811297,1.199177923332954e-16,0.26372688781129683,0.2637268878112973,151.90668737930707,576
2026-02-10T21:20:05.796033,1,217,0.26474595745273,1.3970000036909087e-16,0.2647459574527298,0.26474595745273033,152.49367149277248,576
2026-02-10T21:20:05.810027,1,218,0.2657597275901161,1.199177923332954e-16,0.265759727590116,0.26575972759011635,153.0776030919069,576
2026-02-10T21:20:05.823618,1,219,0.2667682569834856,1.7554167342883506e-16,0.26676825698348516,0.26676825698348594,153.6585160224877,576
2026-02-10T21:20:05.836983,1,220,0.26777157200408097,1.415262216750919e-16,0.26777157200408075,0.2677715720040812,154.23642547435063,576
2026-02-10T21:20:05.850403,1,221,0.26876966749091796,1.4686870114880517e-16,0.2687696674909177,0.26876966749091824,154.81132847476874,576
2026-02-10T21:20:05.863997,1,222,0.2697625073336578,1.8410966031475738e-16,0.26976250733365736,0.26976250733365814,155.3832042241869,576
2026-02-10T21:20:05.877194,1,223,0.2707500220644448,1.5032490816276445e-16,0.27075002206444465,0.270750022064445,155.95201270912023,576
2026-02-10T21:20:05.890469,1,224,0.2717321027056883,1.1555567610933196e-16,0.27173210270568793,0.2717321027056886,156.51769115847648,576
2026-02-10T21:20:05.903752,1,225,0.27270859005949677,1.7699847578072257e-16,0.27270859005949644,0.2727085900594971,157.08014787427015,576
2026-02-10T21:20:05.916984,1,226,0.27367926288922173,1.5032490816276445e-16,0.2736792628892213,0.27367926288922206,157.63925542419173,576
2026-02-10T21:20:05.930333,1,227,0.27464382562598355,1.7109685898544713e-16,0.2746438256259831,0.274643825625984,158.19484356056654,576
2026-02-10T21:20:05.943674,1,228,0.2756018998751136,1.7554167342883506e-16,0.2756018998751131,0.27560189987511385,158.74669432806542,576
2026-02-10T21:20:05.957165,1,229,0.2765530213765465,1.3970000036909087e-16,0.27655302137654614,0.2765530213765468,159.2945403128908,576
2026-02-10T21:20:05.970599,1,230,0.2774966449763759,1.9494875626492583e-16,0.2774966449763753,0.27749664497637616,159.83806750639252,576
2026-02-10T21:20:05.983994,1,231,0.27843215714743547,2.0014830212433605e-16,0.27843215714743497,0.27843215714743597,160.37692251692283,576
2026-02-10T21:20:05.997794,1,232,0.27935889757531174,1.8129866073473578e-16,0.2793588975753112,0.27935889757531207,160.91072500337955,576
2026-02-10T21:20:06.011220,1,233,0.2802761886262944,1.6024689053196368e-16,0.2802761886262938,0.28027618862629466,161.43908464874556,576
2026-02-10T21:20:06.024450,1,234,0.28118336964662843,1.868783819980842e-16,0.2811833696466277,0.2811833696466287,161.96162091645797,576
2026-02-10T21:20:06.037720,1,235,0.28207983614435084,1.7109685898544713e-16,0.28207983614435017,0.28207983614435117,162.47798561914607,576
2026-02-10T21:20:06.050989,1,236,0.28296507865688514,1.9886116142864912e-16,0.2829650786568846,0.2829650786568856,162.98788530636585,576
2026-02-10T21:20:06.064271,1,237,0.28383871941653954,1.784433852716382e-16,0.28383871941653904,0.28383871941653993,163.49110238392677,576
2026-02-10T21:20:06.077556,1,238,0.2847005422247647,2.101618266747808e-16,0.28470054222476393,0.28470054222476504,163.98751232146446,576
2026-02-10T21:20:06.090897,1,239,0.2855505126464705,1.9494875626492583e-16,0.2855505126464698,0.2855505126464708,164.477095284367,576
2026-02-10T21:20:06.104199,1,240,0.28638878519816363,1.8410966031475738e-16,0.2863887851981629,0.286388785198164,164.95994027414224,576
2026-02-10T21:20:06.117430,1,241,0.28721569655070006,1.537034178252068e-16,0.28721569655069945,0.28721569655070023,165.43624121320323,576
2026-02-10T21:20:06.130829,1,242,0.2880317439252464,1.634204043630099e-16,0.2880317439252458,0.2880317439252468,165.90628450094192,576
2026-02-10T21:20:06.144130,1,243,0.2888375498049122,1.6958936828758672e-16,0.2888375498049116,0.2888375498049124,166.37042868762944,576
2026-02-10T21:20:06.157480,1,244,0.2896338170305231,1.6958936828758672e-16,0.2896338170305226,0.2896338170305235,166.8290786095813,576
2026-02-10T21:20:06.170795,1,245,0.29042127798082795,2.1499376424746292e-16,0.2904212779808273,0.2904212779808283,167.2826561169569,576
2026-02-10T21:20:06.184145,1,246,0.29120064151083336,1.3970000036909087e-16,0.2912006415108328,0.2912006415108336,167.73156951024,576
2026-02-10T21:20:06.197464,1,247,0.2919725440200127,1.6498427161603295e-16,0.29197254402001227,0.29197254402001316,168.17618535552734,576
2026-02-10T21:20:06.210777,1,248,0.29273750644953833,1.9362705454232937e-16,0.29273750644953767,0.29273750644953866,168.61680371493406,576
2026-02-10T21:20:06.223995,1,249,0.2934959027003876,1.5700924586837752e-16,0.29349590270038717,0.29349590270038783,169.05363995542325,576
2026-02-10T21:20:06.237316,1,250,0.2942479402342648,1.3407216768447582e-16,0.29424794023426437,0.29424794023426504,169.48681357493655,576
2026-02-10T21:20:06.250582,1,251,0.2949936555317122,1.5536512468907993e-16,0.29499365553171186,0.2949936555317124,169.91634558626623,576
2026-02-10T21:20:06.263915,1,252,0.29573292481986907,1.4686870114880517e-16,0.2957329248198687,0.29573292481986935,170.3421646962446,576
2026-02-10T21:20:06.277238,1,253,0.2964654905580289,1.5700924586837752e-16,0.2964654905580285,0.29646549055802907,170.76412256142464,576
2026-02-10T21:20:06.290553,1,254,0.2971910016926064,1.3214297116801536e-16,0.2971910016926059,0.2971910016926066,171.1820169749413,576
2026-02-10T21:20:06.304044,1,255,0.29790906465054534,1.3407216768447582e-16,0.297909064650545,0.29790906465054556,171.5956212387141,576
2026-02-10T21:20:06.317435,1,256,0.29861929963673745,1.3597399555105182e-16,0.29861929963673717,0.2986192996367376,172.00471659076078,576
2026-02-10T21:20:06.330894,1,257,0.2993213954462086,1.415262216750919e-16,0.2993213954462084,0.29932139544620884,172.40912377701616,576
2026-02-10T21:20:06.344418,1,258,0.3000151561023579,1.3214297116801536e-16,0.3000151561023575,0.3000151561023582,172.80872991495815,576
2026-02-10T21:20:06.357972,1,259,0.30070053177541506,9.064933036736789e-17,0.3007005317754148,0.3007005317754152,173.20350630263908,576
2026-02-10T21:20:06.371369,1,260,0.3013776304035253,9.878281759274735e-17,0.30137763040352517,0.3013776304035256,173.59351511243057,576
2026-02-10T21:20:06.384745,1,261,0.3020467085757102,1.199177923332954e-16,0.30204670857571003,0.3020467085757105,173.97890413960909,576
2026-02-10T21:20:06.398477,1,262,0.3027081428292981,1.0629576194313574e-16,0.3027081428292979,0.30270814282929837,174.3598902696757,576
2026-02-10T21:20:06.411943,1,263,0.30336238748863664,1.4686870114880517e-16,0.3033623874886364,0.30336238748863686,174.7367351934547,576
2026-02-10T21:20:06.425432,1,264,0.30400992349900413,1.013490324081353e-16,0.3040099234990039,0.30400992349900424,175.10971593542638,576
2026-02-10T21:20:06.438794,1,265,0.30465120771767945,1.3970000036909087e-16,0.3046512077176793,0.30465120771767973,175.47909564538335,576
2026-02-10T21:20:06.452410,1,266,0.305286627489157,1.2412670766236366e-16,0.3052866274891568,0.30528662748915725,175.84509743375446,576
2026-02-10T21:20:06.465981,1,267,0.3059164658522524,1.3970000036909087e-16,0.3059164658522523,0.30591646585225274,176.2078843308974,576
2026-02-10T21:20:06.479692,1,268,0.30654088054523154,1.634204043630099e-16,0.3065408805452312,0.3065408805452319,176.56754719405336,576
2026-02-10T21:20:06.493202,1,269,0.3071598967327268,1.5536512468907993e-16,0.3071598967327266,0.30715989673272714,176.92410051805064,576
2026-02-10T21:20:06.506821,1,270,0.3077734129167109,1.3597399555105182e-16,0.30777341291671056,0.3077734129167111,177.27748584002546,576
2026-02-10T21:20:06.520432,1,271,0.3083812165507804,1.537034178252068e-16,0.30838121655078,0.30838121655078066,177.6275807332495,576
2026-02-10T21:20:06.534357,1,272,0.3089830076178653,1.3970000036909087e-16,0.3089830076178649,0.30898300761786557,177.97421238789042,576
2026-02-10T21:20:06.548112,1,273,0.30957842564239235,1.7109685898544713e-16,0.3095784256423919,0.3095784256423927,178.317173170018,576
2026-02-10T21:20:06.561663,1,274,0.31016707980602504,1.6958936828758672e-16,0.31016707980602476,0.3101670798060253,178.65623796827043,576
2026-02-10T21:20:06.576105,1,275,0.3107485785862794,1.3214297116801536e-16,0.310748578586279,0.3107485785862797,178.99118126569695,576
2026-02-10T21:20:06.589966,1,276,0.311322559201485,1.7554167342883506e-16,0.31132255920148466,0.3113225592014852,179.32179410005534,576
2026-02-10T21:20:06.603798,1,277,0.31188871602911067,1.9229626863835638e-16,0.3118887160291104,0.31188871602911106,179.64790043276776,576
2026-02-10T21:20:06.618159,1,278,0.31244682778815064,1.9494875626492583e-16,0.31244682778815025,0.31244682778815114,179.96937280597476,576
2026-02-10T21:20:06.632245,1,279,0.31299678149490173,1.415262216750919e-16,0.3129967814949014,0.31299678149490207,180.2861461410634,576
2026-02-10T21:20:06.646195,1,280,0.3135385907786462,1.784433852716382e-16,0.31353859077864576,0.31353859077864654,180.59822828850022,576
2026-02-10T21:20:06.660061,1,281,0.3140724046838498,1.2617852778345905e-16,0.31407240468384956,0.3140724046838501,180.90570509789748,576
2026-02-10T21:20:06.674065,1,282,0.3145985034001835,1.5032490816276445e-16,0.31459850340018314,0.3145985034001838,181.2087379585057,576
2026-02-10T21:20:06.687629,1,283,0.31511727599011724,1.6958936828758672e-16,0.31511727599011674,0.31511727599011763,181.50755097030753,576
2026-02-10T21:20:06.701338,1,284,0.31562917829554726,1.827095665330967e-16,0.31562917829554693,0.3156291782955477,181.80240669823522,576
2026-02-10T21:20:06.714802,1,285,0.3161346726357269,1.8410966031475738e-16,0.31613467263572637,0.31613467263572737,182.0935714381787,576
2026-02-10T21:20:06.728307,1,286,0.31663415392953265,1.6958936828758672e-16,0.3166341539295323,0.3166341539295331,182.3812726634108,576
2026-02-10T21:20:06.741876,1,287,0.317127872033103,1.6024689053196368e-16,0.31712787203310266,0.3171278720331032,182.6656542910673,576
2026-02-10T21:20:06.755298,1,288,0.3176158620477453,1.5202354861220294e-16,0.31761586204774483,0.3176158620477456,182.94673653950127,576
2026-02-10T21:20:06.768778,1,289,0.3180978951341746,1.6024689053196368e-16,0.3180978951341741,0.31809789513417486,183.22438759728456,576
2026-02-10T21:20:06.782227,1,290,0.3185734593030398,1.3597399555105182e-16,0.3185734593030395,0.31857345930304026,183.49831255855094,576
2026-02-10T21:20:06.795668,1,291,0.31904177680050405,1.2204039592116465e-16,0.31904177680050383,0.3190417768005044,183.76806343709035,576
2026-02-10T21:20:06.809072,1,292,0.31950185742297144,1.4860685278828935e-16,0.3195018574229711,0.31950185742297177,184.03306987563155,576
2026-02-10T21:20:06.822477,1,293,0.3199525813922677,1.7407267962461114e-16,0.31995258139226734,0.3199525813922679,184.29268688194617,576
2026-02-10T21:20:06.835871,1,294,0.3203928013469209,1.2819751242557092e-16,0.3203928013469205,0.32039280134692105,184.54625357582643,576
2026-02-10T21:20:06.849254,1,295,0.320821450122056,1.1102230246251565e-16,0.32082145012205554,0.3208214501220561,184.79315527030425,576
2026-02-10T21:20:06.862644,1,296,0.32123764019767326,1.3597399555105182e-16,0.321237640197673,0.3212376401976734,185.03288075385979,576
2026-02-10T21:20:06.876005,1,297,0.32164074192821357,1.3970000036909087e-16,0.32164074192821335,0.3216407419282138,185.265067350651,576
2026-02-10T21:20:06.889371,1,298,0.3220304340624214,7.166458808248763e-17,0.32203043406242127,0.3220304340624215,185.4895300199547,576
2026-02-10T21:20:06.902678,1,299,0.3224067203230848,9.34391909990421e-17,0.3224067203230847,0.32240672032308504,185.70627090609685,576
2026-02-10T21:20:06.916105,1,300,0.3227699136792702,8.777083671441753e-17,0.3227699136792699,0.3227699136792703,185.91547027925964,576
2026-02-10T21:20:06.929697,1,301,0.3231205918481171,1.3214297116801536e-16,0.3231205918481169,0.32312059184811726,186.11746090451544,576
2026-02-10T21:20:06.943355,1,302,0.32345953103352093,1.2412670766236366e-16,0.32345953103352076,0.3234595310335212,186.31268987530805,576
2026-02-10T21:20:06.956691,1,303,0.3237876272694187,1.0385185452638061e-16,0.32378762726941845,0.3237876272694188,186.50167330718517,576
2026-02-10T21:20:06.970041,1,304,0.32410581391094473,1.3018518929051675e-16,0.3241058139109445,0.32410581391094495,186.68494881270416,576
2026-02-10T21:20:06.983473,1,305,0.324414982539041,1.0385185452638061e-16,0.3244149825390408,0.3244149825390411,186.86302994248763,576
2026-02-10T21:20:06.996818,1,306,0.3247159157037746,1.0629576194313574e-16,0.32471591570377434,0.3247159157037748,187.03636744537417,576
2026-02-10T21:20:07.010345,1,307,0.3250092347835303,1.1775693440128312e-16,0.32500923478353005,0.3250092347835304,187.20531923531342,576
2026-02-10T21:20:07.023848,1,308,0.3252953647989496,1.4686870114880517e-16,0.3252953647989494,0.3252953647989498,187.370130124195,576
2026-02-10T21:20:07.037437,1,309,0.3255745186134511,8.171020218150495e-17,0.325574518613451,0.3255745186134512,187.53092272134785,576
2026-02-10T21:20:07.051121,1,310,0.3258466972860692,1.013490324081353e-16,0.32584669728606896,0.3258466972860694,187.68769763677585,576
2026-02-10T21:20:07.064659,1,311,0.3261117061913701,1.2819751242557092e-16,0.32611170619136975,0.3261117061913702,187.84034276622918,576
2026-02-10T21:20:07.078489,1,312,0.32636918189371583,8.479468414379336e-17,0.32636918189371567,0.3263691818937161,187.98864877078032,576
2026-02-10T21:20:07.092078,1,313,0.3266186278438002,1.0629576194313574e-16,0.3266186278438,0.32661862784380047,188.13232963802892,576
2026-02-10T21:20:07.105636,1,314,0.32685945548433115,1.5202354861220294e-16,0.3268594554843308,0.32685945548433126,188.27104635897473,576
2026-02-10T21:20:07.119238,1,315,0.3270910268451398,1.5032490816276445e-16,0.32709102684513947,0.32709102684514,188.40443146280052,576
2026-02-10T21:20:07.132712,1,316,0.3273126969300791,1.3970000036909087e-16,0.3273126969300788,0.32731269693007925,188.53211343172555,576
2026-02-10T21:20:07.146254,1,317,0.32752385330114475,1.3597399555105182e-16,0.32752385330114453,0.327523853301145,188.65373950145937,576
2026-02-10T21:20:07.159820,1,318,0.32772395109831653,1.1775693440128312e-16,0.3277239510983161,0.32772395109831665,188.7689958326303,576
2026-02-10T21:20:07.173324,1,319,0.3279125417005741,7.166458808248763e-17,0.32791254170057393,0.32791254170057416,188.87762401953069,576
2026-02-10T21:20:07.187162,1,320,0.3280892941403907,1.3970000036909087e-16,0.32808929414039034,0.3280892941403909,188.97943342486502,576
2026-02-10T21:20:07.200881,1,321,0.32825400789627796,1.6024689053196368e-16,0.32825400789627746,0.3282540078962781,189.0743085482561,576
2026-02-10T21:20:07.214799,1,322,0.3284066173542336,7.850462293418876e-17,0.3284066173542335,0.3284066173542337,189.16221159603856,576
2026-02-10T21:20:07.228605,1,323,0.3285471878741364,1.013490324081353e-16,0.32854718787413617,0.3285471878741366,189.24318021550255,576
2026-02-10T21:20:07.242576,1,324,0.32867590353500814,8.479468414379336e-17,0.328675903535008,0.3286759035350082,189.3173204361647,576
2026-02-10T21:20:07.256329,1,325,0.3287930494463566,1.5700924586837752e-16,0.32879304944635634,0.3287930494463569,189.3847964811014,576
2026-02-10T21:20:07.270027,1,326,0.3288989889239918,1.3970000036909087e-16,0.3288989889239915,0.32889898892399194,189.44581762021926,576
2026-02-10T21:20:07.283690,1,327,0.32899413854890314,9.064933036736789e-17,0.328994138548903,0.32899413854890325,189.5006238041682,576
2026-02-10T21:20:07.297417,1,328,0.32907894284359773,9.614813431917819e-17,0.3290789428435976,0.32907894284359795,189.5494710779123,576
2026-02-10T21:20:07.311176,1,329,0.32915385007822984,1.1775693440128312e-16,0.3291538500782297,0.32915385007823006,189.5926176450604,576
2026-02-10T21:20:07.324921,1,330,0.3292192918897921,5.551115123125783e-17,0.32921929188979204,0.32921929188979215,189.63031212852025,576
2026-02-10T21:20:07.338817,1,331,0.3292756657845222,1.013490324081353e-16,0.32927566578452194,0.3292756657845224,189.6627834918848,576
2026-02-10T21:20:07.352635,1,332,0.32932332315431734,1.0385185452638061e-16,0.3293233231543172,0.32932332315431756,189.69023413688677,576
2026-02-10T21:20:07.366530,1,333,0.3293625613346416,3.204937810639273e-17,0.3293625613346415,0.3293625613346417,189.71283532875356,576
2026-02-10T21:20:07.380462,1,334,0.32939362010115986,6.409875621278546e-17,0.3293936201011598,0.32939362010116,189.73072517826807,576
2026-02-10T21:20:07.394613,1,335,0.32941668210411873,1.2412670766236366e-16,0.32941668210411845,0.3294166821041189,189.74400889197238,576
2026-02-10T21:20:07.409515,1,336,0.32943187650661593,1.1555567610933196e-16,0.32943187650661565,0.3294318765066161,189.75276086781076,576
2026-02-10T21:20:07.423940,1,337,0.329439284229349,1.0385185452638061e-16,0.32943928422934876,0.3294392842293491,189.757027716105,576
2026-02-10T21:20:07.438237,1,338,0.32943894620132,6.409875621278546e-17,0.32943894620131997,0.3294389462013202,189.75683301196034,576
2026-02-10T21:20:07.452495,1,339,0.3294308712803971,1.199177923332954e-16,0.32943087128039694,0.3294308712803973,189.75218185750873,576
2026-02-10T21:20:07.466520,1,340,0.3294150447916173,1.1102230246251565e-16,0.329415044791617,0.32941504479161754,189.7430657999716,576
2026-02-10T21:20:07.480302,1,341,0.32939143705295276,6.409875621278546e-17,0.3293914370529527,0.32939143705295293,189.7294677425008,576
2026-02-10T21:20:07.496326,1,342,0.32936001132231013,1.199177923332954e-16,0.32936001132230974,0.3293600113223104,189.71136652165063,576
2026-02-10T21:20:07.511136,1,343,0.3293207311604337,8.777083671441753e-17,0.3293207311604336,0.3293207311604339,189.6887411484098,576
2026-02-10T21:20:07.526149,1,344,0.32927356839177857,9.064933036736789e-17,0.32927356839177824,0.3292735683917787,189.66157539366446,576
2026-02-10T21:20:07.540995,1,345,0.3292185098133736,1.0629576194313574e-16,0.3292185098133733,0.32921850981337375,189.6298616525032,576
2026-02-10T21:20:07.555939,1,346,0.3291555665509222,1.3597399555105182e-16,0.32915556655092204,0.3291555665509224,189.5936063333312,576
2026-02-10T21:20:07.571214,1,347,0.32908478229941535,1.1102230246251565e-16,0.3290847822994152,0.3290847822994155,189.55283460446324,576
2026-02-10T21:20:07.586181,1,348,0.3290062437624617,1.4686870114880517e-16,0.32900624376246157,0.329006243762462,189.50759640717794,576
2026-02-10T21:20:07.601946,1,349,0.32892009110816517,6.409875621278546e-17,0.3289200911081651,0.32892009110816534,189.45797247830313,576
2026-02-10T21:20:07.616477,1,350,0.328826527984424,1.1102230246251565e-16,0.3288265279844239,0.32882652798442413,189.40408011902824,576
2026-02-10T21:20:07.630271,1,351,0.3287258310901158,9.064933036736789e-17,0.32872583109011555,0.328725831090116,189.3460787079067,576
2026-02-10T21:20:07.644058,1,352,0.32861835673338974,7.850462293418876e-17,0.32861835673338946,0.3286183567333898,189.28417347843248,576
2026-02-10T21:20:07.657612,1,353,0.32850454434675797,1.013490324081353e-16,0.3285045443467578,0.328504544346758,189.2186175437326,576
2026-02-10T21:20:07.671191,1,354,0.32838491492510435,5.551115123125783e-17,0.32838491492510424,0.32838491492510447,189.1497109968601,576
2026-02-10T21:20:07.684721,1,355,0.32826006410552877,6.798699777552591e-17,0.32826006410552866,0.3282600641055289,189.07779692478456,576
2026-02-10T21:20:07.698492,1,356,0.3281306479841497,8.171020218150495e-17,0.3281306479841495,0.3281306479841497,189.00325323887023,576
2026-02-10T21:20:07.712169,1,357,0.327997363267912,1.3214297116801536e-16,0.32799736326791185,0.3279973632679123,188.92648124231732,576
2026-02-10T21:20:07.725924,1,358,0.3278609198771497,1.3407216768447582e-16,0.3278609198771495,0.3278609198771498,188.84788984923824,576
2026-02-10T21:20:07.739765,1,359,0.32772200909991916,7.850462293418876e-17,0.3277220090999189,0.3277220090999192,188.76787724155344,576
2026-02-10T21:20:07.753374,1,360,0.3275812680632739,7.850462293418876e-17,0.3275812680632737,0.32758126806327414,188.6868104044458,576
2026-02-10T21:20:07.767209,1,361,0.3274392430431152,1.2412670766236366e-16,0.327439243043115,0.32743924304311534,188.60500399283436,576
2026-02-10T21:20:07.781196,1,362,0.3272963563439862,1.013490324081353e-16,0.327296356343986,0.32729635634398646,188.52270125413605,576
2026-02-10T21:20:07.794980,1,363,0.32715287895057127,7.850462293418876e-17,0.327152878950571,0.3271528789505713,188.44005827552905,576
2026-02-10T21:20:07.809047,1,364,0.32700891245952923,1.1102230246251565e-16,0.3270089124595291,0.32700891245952934,188.35713357668882,576
2026-02-10T21:20:07.822971,1,365,0.32686438413598257,8.479468414379336e-17,0.3268643841359823,0.32686438413598273,188.27388526232596,576
2026-02-10T21:20:07.836791,1,366,0.32671905529938045,6.409875621278546e-17,0.3267190552993803,0.3267190552993805,188.19017585244313,576
2026-02-10T21:20:07.850735,1,367,0.32657254374520905,9.614813431917819e-17,0.32657254374520894,0.3265725437452093,188.1057851972404,576
2026-02-10T21:20:07.864527,1,368,0.32642435850614604,1.3407216768447582e-16,0.3264243585061457,0.32642435850614615,188.0204304995401,576
2026-02-10T21:20:07.878464,1,369,0.3262739441721898,1.0868472903575298e-16,0.3262739441721897,0.32627394417219,187.93379184318133,576
2026-02-10T21:20:07.892385,1,370,0.32612072995543867,8.479468414379336e-17,0.3261207299554385,0.32612072995543884,187.84554045433268,576
2026-02-10T21:20:07.906048,1,371,0.3259641794181719,9.064933036736789e-17,0.3259641794181718,0.32596417941817224,187.755367344867,576
2026-02-10T21:20:07.920085,1,372,0.3258038365042284,1.415262216750919e-16,0.3258038365042282,0.3258038365042286,187.66300982643557,576
2026-02-10T21:20:07.933651,1,373,0.32563936170030655,8.479468414379336e-17,0.3256393617003064,0.3256393617003066,187.56827233937656,576
2026-02-10T21:20:07.947680,1,374,0.3254705585748499,7.166458808248763e-17,0.32547055857484974,0.32547055857484997,187.47104173911356,576
2026-02-10T21:20:07.961489,1,375,0.32529738552318527,1.013490324081353e-16,0.3252973855231849,0.3252973855231853,187.37129406135472,576
2026-02-10T21:20:07.975522,1,376,0.3251199541885738,9.064933036736789e-17,0.32511995418857365,0.32511995418857387,187.26909361261852,576
2026-02-10T21:20:07.989352,1,377,0.32493851539011076,1.3784958753881249e-16,0.32493851539011065,0.3249385153901111,187.16458486470378,576
2026-02-10T21:20:08.003280,1,378,0.3247534341181133,1.5536512468907993e-16,0.32475343411811297,0.3247534341181135,187.05797805203326,576
2026-02-10T21:20:08.017220,1,379,0.3245651563938935,8.777083671441753e-17,0.32456515639389316,0.3245651563938936,186.94953008288266,576
2026-02-10T21:20:08.031089,1,380,0.32437417201785185,1.3214297116801536e-16,0.32437417201785146,0.324374172017852,186.83952308228265,576
2026-02-10T21:20:08.045065,1,381,0.32418097471793417,1.5700924586837752e-16,0.32418097471793395,0.3241809747179344,186.72824143753007,576
2026-02-10T21:20:08.059398,1,382,0.32398602434524876,9.064933036736789e-17,0.3239860243452486,0.3239860243452489,186.61595002286327,576
2026-02-10T21:20:08.073427,1,383,0.32378971365228587,1.0629576194313574e-16,0.3237897136522857,0.32378971365228604,186.50287506371666,576
2026-02-10T21:20:08.087415,1,384,0.32359233994814596,1.5700924586837752e-16,0.32359233994814574,0.32359233994814607,186.38918781013206,576
2026-02-10T21:20:08.101380,1,385,0.3233940858727095,7.166458808248763e-17,0.32339408587270935,0.32339408587270957,186.27499346268067,576
2026-02-10T21:20:08.115264,1,386,0.323195008264463,1.3784958753881249e-16,0.3231950082644628,0.32319500826446335,186.1603247603307,576
2026-02-10T21:20:08.129151,1,387,0.32299503693462583,1.1331166295920987e-16,0.3229950369346255,0.32299503693462606,186.04514127434447,576
2026-02-10T21:20:08.143106,1,388,0.32279398331635994,1.634204043630099e-16,0.32279398331635967,0.3227939833163601,185.92933439022332,576
2026-02-10T21:20:08.156982,1,389,0.3225915585249745,1.3970000036909087e-16,0.32259155852497434,0.3225915585249747,185.8127377103853,576
2026-02-10T21:20:08.170918,1,390,0.3223873990300781,1.3970000036909087e-16,0.32238739903007796,0.3223873990300783,185.695141841325,576
2026-02-10T21:20:08.184619,1,391,0.3221810993984305,1.1555567610933196e-16,0.3221810993984302,0.32218109939843076,185.57631325349595,576
2026-02-10T21:20:08.198832,1,392,0.321972248195407,1.4332917616497527e-16,0.3219722481954067,0.32197224819540715,185.45601496055443,576
2026-02-10T21:20:08.212813,1,393,0.3217604646303467,6.798699777552591e-17,0.3217604646303466,0.3217604646303469,185.3340276270797,576
2026-02-10T21:20:08.226619,1,394,0.32154543262610635,9.34391909990421e-17,0.32154543262610613,0.32154543262610646,185.21016919263727,576
2026-02-10T21:20:08.240537,1,395,0.3213269277558512,1.013490324081353e-16,0.32132692775585103,0.3213269277558515,185.0843103873703,576
2026-02-10T21:20:08.254332,1,396,0.32110483440656573,9.064933036736789e-17,0.3211048344065657,0.3211048344065659,184.95638461818186,576
2026-02-10T21:20:08.268123,1,397,0.3208791522420241,1.415262216750919e-16,0.3208791522420239,0.32087915224202435,184.8263916914059,576
2026-02-10T21:20:08.281817,1,398,0.32064998923246474,1.3970000036909087e-16,0.32064998923246457,0.3206499892324649,184.6943937978997,576
2026-02-10T21:20:08.295453,1,399,0.32041754410726164,1.1331166295920987e-16,0.32041754410726153,0.320417544107262,184.5605054057827,576
2026-02-10T21:20:08.309058,1,400,0.3201820801675147,1.3018518929051675e-16,0.3201820801675145,0.3201820801675148,184.42487817648848,576
2026-02-10T21:20:08.322739,1,401,0.31994389537339146,1.1102230246251565e-16,0.3199438953733913,0.31994389537339174,184.28768373507347,576
2026-02-10T21:20:08.336587,1,402,0.31970329206800635,1.2819751242557092e-16,0.3197032920680061,0.3197032920680065,184.14909623117165,576
2026-02-10T21:20:08.350362,1,403,0.31946055220089625,1.0629576194313574e-16,0.3194605522008961,0.31946055220089653,184.00927806771625,576
2026-02-10T21:20:08.364070,1,404,0.3192159194238557,9.064933036736789e-17,0.3192159194238555,0.31921591942385585,183.86836958814087,576
2026-02-10T21:20:08.377681,1,405,0.31896959173131156,1.4686870114880517e-16,0.31896959173131134,0.3189695917313118,183.72648483723546,576
2026-02-10T21:20:08.391318,1,406,0.31872172111563885,1.1102230246251565e-16,0.31872172111563857,0.318721721115639,183.58371136260797,576
2026-02-10T21:20:08.404885,1,407,0.31847242146695187,1.5202354861220294e-16,0.31847242146695165,0.318472421466952,183.44011476496428,576
2026-02-10T21:20:08.418363,1,408,0.3182217777844363,8.479468414379336e-17,0.31822177778443606,0.3182217777844364,183.2957440038353,576
2026-02-10T21:20:08.431946,1,409,0.31796985776250497,1.7109685898544713e-16,0.31796985776250475,0.3179698577625052,183.15063807120288,576
2026-02-10T21:20:08.445522,1,410,0.3177167190108958,1.4686870114880517e-16,0.3177167190108956,0.31771671901089604,183.004830150276,576
2026-02-10T21:20:08.458895,1,411,0.3174624133486445,1.3970000036909087e-16,0.3174624133486442,0.3174624133486448,182.85835008881924,576
2026-02-10T21:20:08.472386,1,412,0.31720698820509274,1.3597399555105182e-16,0.3172069882050925,0.31720698820509297,182.71122520613343,576
2026-02-10T21:20:08.485875,1,413,0.31695048435847817,1.3597399555105182e-16,0.31695048435847795,0.3169504843584785,182.56347899048342,576
2026-02-10T21:20:08.499442,1,414,0.31669293424809664,9.34391909990421e-17,0.3166929342480965,0.31669293424809675,182.41513012690368,576
2026-02-10T21:20:08.512846,1,415,0.31643436170976624,9.34391909990421e-17,0.31643436170976613,0.31643436170976635,182.26619234482536,576
2026-02-10T21:20:08.526738,1,416,0.3161747846071567,1.5032490816276445e-16,0.31617478460715653,0.316174784607157,182.11667593372226,576
2026-02-10T21:20:08.540282,1,417,0.31591422076323616,1.3018518929051675e-16,0.31591422076323605,0.3159142207632364,181.96659115962404,576
2026-02-10T21:20:08.553824,1,418,0.31565269762178083,1.3018518929051675e-16,0.3156526976217806,0.31565269762178105,181.81595383014576,576
2026-02-10T21:20:08.567421,1,419,0.3153902630214573,8.479468414379336e-17,0.315390263021457,0.31539026302145745,181.6647915003594,576
2026-02-10T21:20:08.581062,1,420,0.3151269969215297,1.2412670766236366e-16,0.31512699692152957,0.31512699692153,181.5131502268011,576
2026-02-10T21:20:08.594582,1,421,0.3148630217345608,1.4510973109558773e-16,0.3148630217345605,0.31486302173456115,181.36110051910703,576
2026-02-10T21:20:08.608321,1,422,0.3145985100645514,1.0629576194313574e-16,0.3145985100645512,0.31459851006455164,181.20874179718163,576
2026-02-10T21:20:08.621950,1,423,0.3143336900178426,1.3597399555105182e-16,0.3143336900178423,0.31433369001784284,181.05620545027736,576
2026-02-10T21:20:08.635594,1,424,0.31406884580101857,8.171020218150495e-17,0.31406884580101846,0.3140688458010187,180.90365518138668,576
2026-02-10T21:20:08.649884,1,425,0.3138043155853221,8.479468414379336e-17,0.31380431558532196,0.3138043155853224,180.75128577714554,576
2026-02-10T21:20:08.664405,1,426,0.31354048509884486,1.2412670766236366e-16,0.3135404850988447,0.31354048509884513,180.59931941693463,576
2026-02-10T21:20:08.678258,1,427,0.31327777846005406,1.2819751242557092e-16,0.3132777784600539,0.3132777784600542,180.44800039299113,576
2026-02-10T21:20:08.692032,1,428,0.3130166453132357,1.3970000036909087e-16,0.3130166453132356,0.3130166453132359,180.29758770042378,576
2026-02-10T21:20:08.706018,1,429,0.31275754524369936,1.2412670766236366e-16,0.31275754524369925,0.3127575452436996,180.14834606037084,576
2026-02-10T21:20:08.719853,1,430,0.3125009307310538,8.171020218150495e-17,0.31250093073105367,0.3125009307310539,180.000536101087,576
2026-02-10T21:20:08.733569,1,431,0.3122472278169312,1.199177923332954e-16,0.31224722781693093,0.3122472278169315,179.85440322255238,576
2026-02-10T21:20:08.747750,1,432,0.31199681809247065,1.1555567610933196e-16,0.3119968180924704,0.3119968180924708,179.7101672212631,576
2026-02-10T21:20:08.761554,1,433,0.31175002162904,6.798699777552591e-17,0.31175002162903986,0.3117500216290401,179.56801245832702,576
2026-02-10T21:20:08.775228,1,434,0.3115070842217982,6.409875621278546e-17,0.31150708422179807,0.3115070842217984,179.42808051175575,576
2026-02-10T21:20:08.788874,1,435,0.3112681696918859,1.2819751242557092e-16,0.31126816969188564,0.3112681696918861,179.2904657425263,576
2026-02-10T21:20:08.802548,1,436,0.3110333581017677,8.171020218150495e-17,0.3110333581017676,0.3110333581017679,179.1552142666182,576
2026-02-10T21:20:08.816314,1,437,0.3108026518581935,1.0629576194313574e-16,0.31080265185819334,0.3108026518581939,179.02232747031945,576
2026-02-10T21:20:08.830092,1,438,0.31057598756920846,8.777083671441753e-17,0.31057598756920834,0.3105759875692088,178.89176883986408,576
2026-02-10T21:20:08.844335,1,439,0.3103532545128083,9.614813431917819e-17,0.31035325451280826,0.3103532545128086,178.7634745993776,576
2026-02-10T21:20:08.858339,1,440,0.3101343154537328,9.614813431917819e-17,0.3101343154537326,0.31013431545373316,178.6373657013501,576
2026-02-10T21:20:08.872303,1,441,0.3099190300442899,9.064933036736789e-17,0.30991903004428967,0.3099190300442901,178.51336130551098,576
2026-02-10T21:20:08.886318,1,442,0.30970727721608915,9.614813431917819e-17,0.30970727721608904,0.30970727721608937,178.39139167646735,576
2026-02-10T21:20:08.900145,1,443,0.30949897382505986,1.2412670766236366e-16,0.30949897382505975,0.3094989738250601,178.27140892323447,576
2026-02-10T21:20:08.913942,1,444,0.3092940897346996,1.013490324081353e-16,0.3092940897346994,0.30929408973469974,178.15339568718696,576
2026-02-10T21:20:08.927698,1,445,0.3090926559189477,1.4686870114880517e-16,0.3090926559189475,0.30909265591894797,178.03736980931387,576
2026-02-10T21:20:08.941557,1,446,0.30889476633016066,1.199177923332954e-16,0.30889476633016044,0.3088947663301609,177.92338540617254,576
2026-02-10T21:20:08.955286,1,447,0.3087005734551651,1.013490324081353e-16,0.3087005734551648,0.3087005734551651,177.8115303101751,576
2026-02-10T21:20:08.969094,1,448,0.30851027729036695,7.850462293418876e-17,0.30851027729036684,0.3085102772903672,177.70191971925135,576
2026-02-10T21:20:08.983001,1,449,0.3083241095575683,1.2819751242557092e-16,0.30832410955756795,0.3083241095575686,177.59468710515932,576
2026-02-10T21:20:08.996857,1,450,0.3081423139689989,1.2412670766236366e-16,0.3081423139689987,0.30814231396899905,177.48997284614336,576
2026-02-10T21:20:09.010607,1,451,0.3079651245867292,1.1331166295920987e-16,0.307965124586729,0.3079651245867294,177.38791176195602,576
2026-02-10T21:20:09.024568,1,452,0.3077927440723177,8.777083671441753e-17,0.3077927440723175,0.3077927440723178,177.288620585655,576
2026-02-10T21:20:09.038363,1,453,0.30762532383657504,1.1775693440128312e-16,0.3076253238365748,0.30762532383657515,177.19218652986723,576
2026-02-10T21:20:09.052250,1,454,0.3074629484066939,6.409875621278546e-17,0.30746294840669375,0.30746294840669397,177.09865828225568,576
2026-02-10T21:20:09.066101,1,455,0.3073056259117472,1.013490324081353e-16,0.30730562591174704,0.3073056259117475,177.0080405251664,576
2026-02-10T21:20:09.079826,1,456,0.3071532863713139,5.99588961666477e-17,0.3071532863713138,0.307153286371314,176.9202929498768,576
2026-02-10T21:20:09.093623,1,457,0.3070057889403267,5.99588961666477e-17,0.3070057889403266,0.3070057889403268,176.83533442962818,576
2026-02-10T21:20:09.107258,1,458,0.3068629383077092,1.4332917616497527e-16,0.30686293830770894,0.3068629383077094,176.7530524652405,576
2026-02-10T21:20:09.121058,1,459,0.3067245095462538,1.1555567610933196e-16,0.30672450954625363,0.30672450954625397,176.67331749864218,576
2026-02-10T21:20:09.134709,1,460,0.3065902803093174,7.850462293418876e-17,0.30659028030931734,0.3065902803093177,176.59600145816682,576
2026-02-10T21:20:09.148302,1,461,0.3064600662291031,1.199177923332954e-16,0.30646006622910293,0.30646006622910327,176.52099814796338,576
2026-02-10T21:20:09.162426,1,462,0.3063337575135917,8.777083671441753e-17,0.3063337575135915,0.3063337575135918,176.44824432782883,576
2026-02-10T21:20:09.176057,1,463,0.3062113520366736,1.1331166295920987e-16,0.3062113520366734,0.3062113520366738,176.377738773124,576
2026-02-10T21:20:09.189669,1,464,0.30609298063923784,1.0868472903575298e-16,0.3060929806392376,0.30609298063923807,176.309556848201,576
2026-02-10T21:20:09.203361,1,465,0.3059789223883455,1.4686870114880517e-16,0.30597892238834534,0.3059789223883457,176.243859295687,576
2026-02-10T21:20:09.217016,1,466,0.305869606925251,7.850462293418876e-17,0.3058696069252509,0.3058696069252511,176.18089358894457,576
2026-02-10T21:20:09.230528,1,467,0.30576560355160115,1.3597399555105182e-16,0.3057656035516009,0.30576560355160143,176.12098764572227,576
2026-02-10T21:20:09.244072,1,468,0.30566759798283977,1.2412670766236366e-16,0.3056675979828395,0.30566759798283993,176.0645364381157,576
2026-02-10T21:20:09.257633,1,469,0.3055763580703366,7.850462293418876e-17,0.30557635807033656,0.3055763580703368,176.0119822485139,576
2026-02-10T21:20:09.271087,1,470,0.3054926921150219,1.2412670766236366e-16,0.3054926921150217,0.30549269211502217,175.9637906582526,576
2026-02-10T21:20:09.284561,1,471,0.30541740358284525,7.850462293418876e-17,0.3054174035828451,0.3054174035828453,175.92042446371886,576
2026-02-10T21:20:09.298033,1,472,0.30535124470498426,7.166458808248763e-17,0.3053512447049842,0.3053512447049844,175.88231695007093,576
2026-02-10T21:20:09.311517,1,473,0.30529487390769844,1.634204043630099e-16,0.30529487390769816,0.3052948739076987,175.8498473708343,576
2026-02-10T21:20:09.325053,1,474,0.3052488187558746,1.1331166295920987e-16,0.3052488187558745,0.30524881875587484,175.82331960338377,576
2026-02-10T21:20:09.338560,1,475,0.30521344781141596,6.409875621278546e-17,0.3052134478114158,0.305213447811416,175.8029459393756,576
2026-02-10T21:20:09.352045,1,476,0.30518895160703036,9.064933036736789e-17,0.3051889516070302,0.3051889516070305,175.78883612564948,576
2026-02-10T21:20:09.365567,1,477,0.3051753366543908,1.2819751242557092e-16,0.30517533665439045,0.305175336654391,175.7809939129291,576
2026-02-10T21:20:09.379095,1,478,0.30517242895783336,1.415262216750919e-16,0.30517242895783325,0.3051724289578336,175.77931907971202,576
2026-02-10T21:20:09.392543,1,479,0.3051798902150251,1.013490324081353e-16,0.3051798902150249,0.30517989021502523,175.78361676385447,576
2026-02-10T21:20:09.406270,1,480,0.30519724458328895,7.166458808248763e-17,0.3051972445832888,0.3051972445832891,175.79361287997443,576
2026-02-10T21:20:09.419814,1,481,0.3052239139556618,1.2412670766236366e-16,0.3052239139556614,0.30522391395566184,175.80897443846118,576
2026-02-10T21:20:09.433654,1,482,0.3052592615070511,8.479468414379336e-17,0.30525926150705107,0.3052592615070513,175.82933462806145,576
2026-02-10T21:20:09.447454,1,483,0.30530263905397015,7.166458808248763e-17,0.3053026390539699,0.30530263905397026,175.8543200950868,576
2026-02-10T21:20:09.460969,1,484,0.30535343586669583,1.3597399555105182e-16,0.3053534358666956,0.30535343586669605,175.8835790592168,576
2026-02-10T21:20:09.474634,1,485,0.3054111253184597,9.878281759274735e-17,0.3054111253184596,0.30541112531845993,175.9168081834328,576
2026-02-10T21:20:09.488482,1,486,0.3054753048322594,1.3018518929051675e-16,0.30547530483225915,0.3054753048322596,175.9537755833814,576
2026-02-10T21:20:09.502043,1,487,0.3055457267806276,1.1555567610933196e-16,0.3055457267806274,0.30554572678062775,175.9943386256415,576
2026-02-10T21:20:09.515840,1,488,0.30562231631276165,9.064933036736789e-17,0.3056223163127615,0.30562231631276193,176.03845419615072,576
2026-02-10T21:20:09.529635,1,489,0.30570517393859525,1.1555567610933196e-16,0.3057051739385951,0.3057051739385954,176.08618018863086,576
2026-02-10T21:20:09.543430,1,490,0.305794563767362,5.99588961666477e-17,0.3057945637673619,0.30579456376736214,176.13766873000054,576
2026-02-10T21:20:09.557330,1,491,0.3058908861309106,1.1555567610933196e-16,0.3058908861309103,0.30589088613091087,176.1931504114045,576
2026-02-10T21:20:09.571147,1,492,0.3059946385254957,1.013490324081353e-16,0.30599463852549547,0.3059946385254959,176.25291179068552,576
2026-02-10T21:20:09.585102,1,493,0.3061063668390806,1.1555567610933196e-16,0.3061063668390802,0.30610636683908077,176.31726729931043,576
2026-02-10T21:20:09.599135,1,494,0.3062266121940168,5.99588961666477e-17,0.3062266121940167,0.3062266121940169,176.3865286237537,576
2026-02-10T21:20:09.612944,1,495,0.3063558573792189,8.171020218150495e-17,0.3063558573792188,0.306355857379219,176.4609738504301,576
2026-02-10T21:20:09.626867,1,496,0.30649447814210684,1.2412670766236366e-16,0.30649447814210673,0.30649447814210706,176.54081940985355,576
2026-02-10T21:20:09.641093,1,497,0.30664270328797955,1.013490324081353e-16,0.30664270328797927,0.3066427032879797,176.62619709387621,576
2026-02-10T21:20:09.655181,1,498,0.30680058678189365,1.4332917616497527e-16,0.30680058678189326,0.3068005867818938,176.71713798637074,576
2026-02-10T21:20:09.669263,1,499,0.3069679950386799,1.0385185452638061e-16,0.3069679950386798,0.3069679950386801,176.8135651422796,576
2026-02-10T21:20:09.683580,1,500,0.3071446086720871,1.013490324081353e-16,0.3071446086720869,0.30714460867208737,176.91529459512216,576
2026-02-10T21:20:09.697899,1,501,0.307329939736215,1.0629576194313574e-16,0.3073299397362147,0.30732993973621514,177.02204528805981,576
2026-02-10T21:20:09.712046,1,502,0.3075233611869167,1.013490324081353e-16,0.3075233611869166,0.3075233611869169,177.133456043664,576
2026-02-10T21:20:09.725999,1,503,0.3077241462558625,1.199177923332954e-16,0.3077241462558623,0.30772414625586264,177.24910824337678,576
2026-02-10T21:20:09.740086,1,504,0.3079315140094272,1.013490324081353e-16,0.3079315140094271,0.30793151400942753,177.36855206943008,576
2026-02-10T21:20:09.754182,1,505,0.3081446758742127,1.0629576194313574e-16,0.30814467587421246,0.3081446758742128,177.4913333035465,576
2026-02-10T21:20:09.768354,1,506,0.3083628809886648,1.199177923332954e-16,0.3083628809886644,0.30836288098866493,177.61701944947094,576
2026-02-10T21:20:09.781950,1,507,0.30858545533090226,1.2819751242557092e-16,0.30858545533090187,0.3085854553309024,177.7452222705997,576
2026-02-10T21:20:09.795859,1,508,0.3088118337423478,6.409875621278546e-17,0.30881183374234766,0.3088118337423479,177.8756162355923,576
2026-02-10T21:20:09.809560,1,509,0.30904158168520385,1.2412670766236366e-16,0.30904158168520346,0.3090415816852041,178.0079510506774,576
2026-02-10T21:20:09.823239,1,510,0.30927440779650506,9.34391909990421e-17,0.30927440779650484,0.30927440779650517,178.14205889078693,576
2026-02-10T21:20:09.837008,1,511,0.3095101665434918,1.1102230246251565e-16,0.3095101665434916,0.30951016654349195,178.27785592905127,576
2026-02-10T21:20:09.850895,1,512,0.3097488521311035,1.1775693440128312e-16,0.30974885213110326,0.3097488521311036,178.4153388275156,576
2026-02-10T21:20:09.864691,1,513,0.3099905843906073,1.1555567610933196e-16,0.3099905843906071,0.30999058439060745,178.5545766089898,576
2026-02-10T21:20:09.878613,1,514,0.3102355887001478,1.2617852778345905e-16,0.31023558870014745,0.310235588700148,178.69569909128512,576
2026-02-10T21:20:09.892587,1,515,0.3104841708561101,7.166458808248763e-17,0.3104841708561099,0.31048417085611013,178.8388824131194,576
2026-02-10T21:20:09.906440,1,516,0.31073668906961127,9.614813431917819e-17,0.31073668906961094,0.3107366890696114,178.9843329040961,576
2026-02-10T21:20:09.920357,1,517,0.3109935240226399,1.3018518929051675e-16,0.3109935240226397,0.31099352402264,179.13226983704058,576
2026-02-10T21:20:09.934282,1,518,0.3112550495935968,1.1102230246251565e-16,0.3112550495935965,0.31125504959359707,179.28290856591175,576
2026-02-10T21:20:09.948387,1,519,0.311521606099369,1.1102230246251565e-16,0.31152160609936874,0.3115216060993693,179.43644511323654,576
2026-02-10T21:20:09.962235,1,520,0.3117934767190007,8.479468414379336e-17,0.3117934767190006,0.3117934767190008,179.59304259014442,576
2026-02-10T21:20:09.976157,1,521,0.31207086971394205,1.415262216750919e-16,0.3120708697139416,0.31207086971394216,179.75282095523062,576
2026-02-10T21:20:09.990072,1,522,0.31235390659181356,1.013490324081353e-16,0.3123539065918133,0.3123539065918137,179.9158501968846,576
2026-02-10T21:20:10.003768,1,523,0.3126426166019865,8.479468414379336e-17,0.3126426166019862,0.31264261660198667,180.08214716274423,576
2026-02-10T21:20:10.017554,1,524,0.3129369377235095,1.3784958753881249e-16,0.3129369377235094,0.3129369377235097,180.25167612874148,576
2026-02-10T21:20:10.031315,1,525,0.31323672291653976,6.409875621278546e-17,0.3132367229165396,0.3132367229165398,180.4243523999269,576
2026-02-10T21:20:10.045178,1,526,0.3135417507374757,1.415262216750919e-16,0.3135417507374755,0.3135417507374759,180.600048424786,576
2026-02-10T21:20:10.059097,1,527,0.3138517406137115,1.199177923332954e-16,0.31385174061371135,0.3138517406137117,180.77860259349782,576
2026-02-10T21:20:10.072906,1,528,0.314166369686037,9.614813431917819e-17,0.31416636968603673,0.3141663696860372,180.95982893915732,576
2026-02-10T21:20:10.086872,1,529,0.3144852928084402,1.3597399555105182e-16,0.31448529280843995,0.3144852928084404,181.14352865766153,576
2026-02-10T21:20:10.100814,1,530,0.3148081646326672,1.3970000036909087e-16,0.31480816463266703,0.3148081646326675,181.3295028284163,576
2026-02-10T21:20:10.114915,1,531,0.3151346630688482,1.3407216768447582e-16,0.31513466306884796,0.3151346630688484,181.51756592765656,576
2026-02-10T21:20:10.129029,1,532,0.31546451378341356,8.479468414379336e-17,0.31546451378341334,0.31546451378341367,181.7075599392462,576
2026-02-10T21:20:10.142889,1,533,0.31579751474805495,9.614813431917819e-17,0.31579751474805473,0.3157975147480552,181.89936849487967,576
2026-02-10T21:20:10.156990,1,534,0.31613355830863,1.1775693440128312e-16,0.31613355830862966,0.3161335583086303,182.0929295857709,576
2026-02-10T21:20:10.170676,1,535,0.3164726485647076,1.3597399555105182e-16,0.31647264856470736,0.3164726485647078,182.28824557327155,576
2026-02-10T21:20:10.184411,1,536,0.3168149119289152,9.34391909990421e-17,0.316814911928915,0.3168149119289154,182.48538927105517,576
2026-02-10T21:20:10.198092,1,537,0.31716059616637593,1.5700924586837752e-16,0.3171605961663756,0.31716059616637615,182.68450339183252,576
2026-02-10T21:20:10.211798,1,538,0.3175100593648355,1.2819751242557092e-16,0.31751005936483523,0.3175100593648357,182.88579419414526,576
2026-02-10T21:20:10.225609,1,539,0.31786374527454403,1.5032490816276445e-16,0.31786374527454375,0.3178637452745443,183.08951727813735,576
2026-02-10T21:20:10.239331,1,540,0.31822214875944443,1.0629576194313574e-16,0.3182221487594442,0.31822214875944477,183.29595768544,576
2026-02-10T21:20:10.253061,1,541,0.31858577238302543,1.199177923332954e-16,0.3185857723830252,0.31858577238302577,183.50540489262266,576
2026-02-10T21:20:10.266831,1,542,0.3189550801042841,1.2819751242557092e-16,0.31895508010428386,0.3189550801042843,183.71812614006762,576
2026-02-10T21:20:10.280538,1,543,0.3193304513288581,1.1555567610933196e-16,0.31933045132885796,0.3193304513288584,183.93433996542228,576
2026-02-10T21:20:10.294244,1,544,0.3197121420909859,1.1555567610933196e-16,0.31971214209098575,0.3197121420909862,184.1541938444079,576
2026-02-10T21:20:10.307984,1,545,0.3201002565478045,1.4510973109558773e-16,0.3201002565478043,0.32010025654780483,184.37774777153538,576
2026-02-10T21:20:10.321801,1,546,0.3204947317168139,1.3970000036909087e-16,0.32049473171681353,0.3204947317168142,184.6049654688848,576
2026-02-10T21:20:10.335791,1,547,0.32089533799249087,1.199177923332954e-16,0.3208953379924905,0.32089533799249104,184.83571468367475,576
2026-02-10T21:20:10.349578,1,548,0.32130169398383956,1.6653345369377348e-16,0.32130169398383934,0.32130169398384,185.06977573469158,576
2026-02-10T21:20:10.363456,1,549,0.3217132940485572,1.6184142622847344e-16,0.32171329404855675,0.32171329404855753,185.30685737196893,576
2026-02-10T21:20:10.377216,1,550,0.32212954549336087,1.6024689053196368e-16,0.3221295454933605,0.32212954549336126,185.54661820417587,576
2026-02-10T21:20:10.391003,1,551,0.3225498121215851,1.2819751242557092e-16,0.32254981212158484,0.3225498121215854,185.78869178203303,576
2026-02-10T21:20:10.405054,1,552,0.3229734585340407,1.5032490816276445e-16,0.32297345853404036,0.3229734585340409,186.03271211560744,576
2026-02-10T21:20:10.418851,1,553,0.3233998925835276,1.2819751242557092e-16,0.3233998925835273,0.32339989258352775,186.2783381281119,576
2026-02-10T21:20:10.432625,1,554,0.32382860224418775,1.2204039592116465e-16,0.3238286022441874,0.32382860224418797,186.52527489265213,576
2026-02-10T21:20:10.446353,1,555,0.3242591827803951,1.3597399555105182e-16,0.3242591827803949,0.32425918278039545,186.7732892815076,576
2026-02-10T21:20:10.460108,1,556,0.3246913543886905,1.5032490816276445e-16,0.32469135438869023,0.3246913543886907,187.02222012788573,576
2026-02-10T21:20:10.473878,1,557,0.32512496807261304,1.1775693440128312e-16,0.3251249680726128,0.3251249680726134,187.2719816098251,576
2026-02-10T21:20:10.487616,1,558,0.32556000005529334,1.0629576194313574e-16,0.32556000005529306,0.3255600000552936,187.52256003184897,576
2026-02-10T21:20:10.501381,1,559,0.32599653662375594,9.614813431917819e-17,0.3259965366237557,0.32599653662375605,187.77400509528343,576
2026-02-10T21:20:10.515097,1,560,0.32643475140698414,1.199177923332954e-16,0.32643475140698386,0.3264347514069844,188.02641681042286,576
2026-02-10T21:20:10.528839,1,561,0.3268748774446287,1.2819751242557092e-16,0.3268748774446284,0.32687487744462895,188.2799294081061,576
2026-02-10T21:20:10.542837,1,562,0.32731717750511463,1.1102230246251565e-16,0.32731717750511446,0.3273171775051149,188.53469424294602,576
2026-02-10T21:20:10.556651,1,563,0.3277619165362748,1.1102230246251565e-16,0.3277619165362745,0.32776191653627507,188.79086392489427,576
2026-02-10T21:20:10.570382,1,564,0.3282093367502936,1.415262216750919e-16,0.3282093367502932,0.32820933675029396,189.04857796816913,576
2026-02-10T21:20:10.584138,1,565,0.3286596388056766,1.415262216750919e-16,0.3286596388056765,0.32865963880567683,189.30795195206974,576
2026-02-10T21:20:10.597893,1,566,0.3291129691468358,1.3970000036909087e-16,0.3291129691468354,0.3291129691468361,189.56907022857743,576
2026-02-10T21:20:10.611650,1,567,0.3295694131893368,1.199177923332954e-16,0.32956941318933664,0.32956941318933697,189.831981997058,576
2026-02-10T21:20:10.625414,1,568,0.33002899345179776,8.479468414379336e-17,0.3300289934517976,0.33002899345179804,190.0967002282355,576
2026-02-10T21:20:10.639173,1,569,0.33049167110094946,1.4686870114880517e-16,0.33049167110094924,0.3304916711009497,190.36320255414688,576
2026-02-10T21:20:10.652975,1,570,0.330957350155873,1.3018518929051675e-16,0.3309573501558728,0.33095735015587324,190.63143368978285,576
2026-02-10T21:20:10.666782,1,571,0.3314258824193822,5.067451620406765e-17,0.3314258824193821,0.3314258824193823,190.90130827356415,576
2026-02-10T21:20:10.680680,1,572,0.3318970732846624,1.013490324081353e-16,0.3318970732846621,0.33189707328466256,191.17271421196554,576
2026-02-10T21:20:10.694486,1,573,0.3323706873606447,1.3214297116801536e-16,0.33237068736064457,0.3323706873606449,191.44551591973135,576
2026-02-10T21:20:10.708303,1,574,0.3328464553161429,1.3018518929051675e-16,0.33284645531614265,0.3328464553161431,191.7195582620983,576
2026-02-10T21:20:10.722235,1,575,0.3333240811161228,8.777083671441753e-17,0.33332408111612255,0.3333240811161229,191.99467072288672,576
2026-02-10T21:20:10.735989,1,576,0.33380325114760434,1.0868472903575298e-16,0.333803251147604,0.33380325114760434,192.2706726610201,576
2026-02-10T21:20:10.750024,1,577,0.3342836439581636,7.166458808248763e-17,0.33428364395816357,0.3342836439581638,192.54737891990226,576
2026-02-10T21:20:10.763816,1,578,0.3347649411243366,1.3214297116801536e-16,0.3347649411243364,0.33476494112433675,192.82460608761787,576
2026-02-10T21:20:10.777753,1,579,0.33524683778008363,7.850462293418876e-17,0.33524683778008335,0.3352468377800837,193.10217856132817,576
2026-02-10T21:20:10.791688,1,580,0.33572905186444313,9.34391909990421e-17,0.335729051864443,0.33572905186444324,193.37993387391924,576
2026-02-10T21:20:10.806013,1,581,0.3362113307224802,8.777083671441753e-17,0.3362113307224801,0.33621133072248033,193.6577264961486,576
2026-02-10T21:20:10.820182,1,582,0.33669345427810293,7.166458808248763e-17,0.3366934542781028,0.33669345427810293,193.9354296641873,576
2026-02-10T21:20:10.834431,1,583,0.33717523358755314,1.2412670766236366e-16,0.33717523358755297,0.3371752335875533,194.2129345464306,576
2026-02-10T21:20:10.848587,1,584,0.3376565055912644,1.199177923332954e-16,0.33765650559126426,0.3376565055912647,194.4901472205683,576
2026-02-10T21:20:10.862719,1,585,0.3381371237397261,8.479468414379336e-17,0.33813712373972593,0.33813712373972626,194.76698327408224,576
2026-02-10T21:20:10.876856,1,586,0.3386169461904831,8.777083671441753e-17,0.3386169461904829,0.3386169461904832,195.04336100571825,576
2026-02-10T21:20:10.891092,1,587,0.3390958227516041,1.0385185452638061e-16,0.33909582275160377,0.3390958227516043,195.31919390492396,576
2026-02-10T21:20:10.905250,1,588,0.33957358246975744,1.1555567610933196e-16,0.339573582469757,0.33957358246975755,195.59438350258029,576
2026-02-10T21:20:10.919363,1,589,0.34005002306516324,1.2412670766236366e-16,0.34005002306516297,0.3400500230651635,195.86881328553403,576
2026-02-10T21:20:10.933631,1,590,0.34052490432165905,9.34391909990421e-17,0.34052490432165883,0.34052490432165916,196.14234488927562,576
2026-02-10T21:20:10.947765,1,591,0.3409979457843088,1.4332917616497527e-16,0.34099794578430853,0.340997945784309,196.41481677176188,576
2026-02-10T21:20:10.962176,1,592,0.3414688292805504,1.1555567610933196e-16,0.3414688292805501,0.34146882928055056,196.68604566559702,576
2026-02-10T21:20:10.976256,1,593,0.34193720646983927,1.2617852778345905e-16,0.34193720646983894,0.3419372064698395,196.9558309266274,576
2026-02-10T21:20:10.990348,1,594,0.34240270987707117,1.0629576194313574e-16,0.342402709877071,0.34240270987707144,197.223960889193,576
2026-02-10T21:20:11.004171,1,595,0.3428649670384111,1.2204039592116465e-16,0.34286496703841063,0.3428649670384113,197.49022101412478,576
2026-02-10T21:20:11.017967,1,596,0.3433236153409238,1.4510973109558773e-16,0.3433236153409235,0.34332361534092404,197.75440243637212,576
2026-02-10T21:20:11.031724,1,597,0.3437783160563188,1.199177923332954e-16,0.34377831605631837,0.3437783160563189,198.01631004843964,576
2026-02-10T21:20:11.045548,1,598,0.3442287666324316,1.1555567610933196e-16,0.3442287666324313,0.34422876663243185,198.2757695802806,576
2026-02-10T21:20:11.059516,1,599,0.3446747095743375,1.1102230246251565e-16,0.3446747095743371,0.34467470957433766,198.5326327148184,576
2026-02-10T21:20:11.074277,1,600,0.345115937291382,1.5202354861220294e-16,0.34511593729138157,0.34511593729138224,198.78677987983605,576
2026-02-10T21:20:11.088351,1,601,0.345552292951473,1.4332917616497527e-16,0.3455522929514726,0.34555229295147316,199.03812074004844,576
2026-02-10T21:20:11.102588,1,602,0.34598366760272886,1.1555567610933196e-16,0.3459836676027285,0.34598366760272903,199.28659253917183,576
2026-02-10T21:20:11.116568,1,603,0.3464099949909585,1.2819751242557092e-16,0.34640999499095826,0.3464099949909588,199.53215711479208,576
2026-02-10T21:20:11.130560,1,604,0.34683124432110407,1.1102230246251565e-16,0.3468312443211038,0.34683124432110435,199.77479672895595,576
2026-02-10T21:20:11.144542,1,605,0.3472474128853812,1.1555567610933196e-16,0.34724741288538086,0.3472474128853813,200.01450982197957,576
2026-02-10T21:20:11.158623,1,606,0.3476585196315537,1.3407216768447582e-16,0.34765851963155336,0.3476585196315539,200.25130730777494,576
2026-02-10T21:20:11.172786,1,607,0.3480646001895932,1.0629576194313574e-16,0.34806460018959295,0.3480646001895935,200.48520970920566,576
2026-02-10T21:20:11.186739,1,608,0.34846570411865585,1.0385185452638061e-16,0.34846570411865574,0.3484657041186562,200.71624557234577,576
2026-02-10T21:20:11.200787,1,609,0.34886189450615573,1.4686870114880517e-16,0.34886189450615546,0.348861894506156,200.9444512355457,576
2026-02-10T21:20:11.214844,1,610,0.3492532496392624,8.777083671441753e-17,0.3492532496392622,0.3492532496392625,201.16987179221516,576
2026-02-10T21:20:11.228921,1,611,0.3496398660403618,9.34391909990421e-17,0.34963986604036146,0.3496398660403619,201.3925628392484,576
2026-02-10T21:20:11.243075,1,612,0.35002186190445794,9.34391909990421e-17,0.3500218619044577,0.35002186190445794,201.61259245696777,576
2026-02-10T21:20:11.257197,1,613,0.350399380056279,8.479468414379336e-17,0.3503993800562789,0.35039938005627924,201.83004291241673,576
2026-02-10T21:20:11.271260,1,614,0.35077258977147957,1.2412670766236366e-16,0.3507725897714793,0.35077258977147974,202.04501170837224,576
2026-02-10T21:20:11.285242,1,615,0.35114168608944674,8.777083671441753e-17,0.3511416860894465,0.35114168608944696,202.25761118752132,576
2026-02-10T21:20:11.299164,1,616,0.35150688679877845,9.614813431917819e-17,0.3515068867987782,0.3515068867987786,202.4679667960964,576
2026-02-10T21:20:11.313396,1,617,0.35186842584174993,6.798699777552591e-17,0.3518684258417497,0.35186842584175004,202.67621328484796,576
2026-02-10T21:20:11.327570,1,618,0.3522265438395274,1.199177923332954e-16,0.3522265438395271,0.35222654383952756,202.8824892515678,576
2026-02-10T21:20:11.341720,1,619,0.3525814760942768,1.1775693440128312e-16,0.3525814760942766,0.3525814760942769,203.08693023030344,576
2026-02-10T21:20:11.355666,1,620,0.352933438235621,6.409875621278546e-17,0.35293343823562084,0.35293343823562107,203.2896604237177,576
2026-02-10T21:20:11.369745,1,621,0.3532826114396601,1.3018518929051675e-16,0.3532826114396599,0.3532826114396602,203.49078418924424,576
2026-02-10T21:20:11.383941,1,622,0.35362912773419186,8.479468414379336e-17,0.35362912773419175,0.3536291277341922,203.6903775748945,576
2026-02-10T21:20:11.398430,1,623,0.35397305810373575,1.1555567610933196e-16,0.3539730581037356,0.353973058103736,203.8884814677518,576
2026-02-10T21:20:11.412399,1,624,0.3543144035934529,7.166458808248763e-17,0.3543144035934527,0.354314403593453,204.08509646982887,576
2026-02-10T21:20:11.426469,1,625,0.3546530918583006,7.166458808248763e-17,0.3546530918583005,0.35465309185830074,204.28018091038112,576
2026-02-10T21:20:11.440441,1,626,0.3549889793868397,1.1775693440128312e-16,0.3549889793868396,0.35498897938683993,204.47365212681967,576
2026-02-10T21:20:11.454591,1,627,0.35532186001132665,7.850462293418876e-17,0.3553218600113266,0.35532186001132693,204.66539136652415,576
2026-02-10T21:20:11.468568,1,628,0.3556514790484155,7.850462293418876e-17,0.3556514790484152,0.35565147904841554,204.85525193188732,576
2026-02-10T21:20:11.482488,1,629,0.3559775523520838,9.614813431917819e-17,0.3559775523520835,0.35597755235208384,205.04307015480026,576
2026-02-10T21:20:11.496370,1,630,0.356299788176097,9.878281759274735e-17,0.35629978817609687,0.3562997881760972,205.22867798943184,576
2026-02-10T21:20:11.510248,1,631,0.3566179100234381,9.064933036736789e-17,0.356617910023438,0.35661791002343823,205.41191617350034,576
2026-02-10T21:20:11.524185,1,632,0.3569316785597239,6.409875621278546e-17,0.35693167855972374,0.35693167855972396,205.59264685040097,576
2026-02-10T21:20:11.538000,1,633,0.35724090983286505,1.1102230246251565e-16,0.35724090983286494,0.35724090983286527,205.77076406373027,576
2026-02-10T21:20:11.551820,1,634,0.35754548845531453,1.1331166295920987e-16,0.3575454884553143,0.35754548845531475,205.94620135026116,576
2026-02-10T21:20:11.565710,1,635,0.3578453748074702,8.479468414379336e-17,0.35784537480747003,0.35784537480747036,206.11893588910283,576
2026-02-10T21:20:11.579579,1,636,0.35814060455739305,9.614813431917819e-17,0.35814060455739294,0.35814060455739316,206.2889882250584,576
2026-02-10T21:20:11.593676,1,637,0.35843128238619226,1.0385185452638061e-16,0.35843128238619215,0.3584312823861924,206.45641865444674,576
2026-02-10T21:20:11.607654,1,638,0.3587175692532542,9.614813431917819e-17,0.35871756925325415,0.3587175692532545,206.62131988987443,576
2026-02-10T21:20:11.621694,1,639,0.35899966566029157,7.850462293418876e-17,0.3589996656602914,0.3589996656602916,206.78380742032795,576
2026-02-10T21:20:11.635927,1,640,0.35927779150493255,9.34391909990421e-17,0.35927779150493244,0.35927779150493266,206.94400790684114,576
2026-02-10T21:20:11.650181,1,641,0.3595521661199337,1.1555567610933196e-16,0.35955216611993346,0.3595521661199339,207.1020476850818,576
2026-02-10T21:20:11.664744,1,642,0.3598229888890096,1.013490324081353e-16,0.35982298888900943,0.35982298888900976,207.25804160006953,576
2026-02-10T21:20:11.678940,1,643,0.36009042214385095,8.479468414379336e-17,0.3600904221438507,0.360090422143851,207.41208315485815,576
2026-02-10T21:20:11.693226,1,644,0.36035457854262937,1.013490324081353e-16,0.3603545785426292,0.36035457854262953,207.56423724055452,576
2026-02-10T21:20:11.707534,1,645,0.3606155125841922,9.34391909990421e-17,0.3606155125841921,0.36061551258419244,207.7145352484947,576
2026-02-10T21:20:11.722024,1,646,0.3608732178836622,8.479468414379336e-17,0.360873217883662,0.36087321788366233,207.86297350098945,576
2026-02-10T21:20:11.736145,1,647,0.36112762870094284,7.850462293418876e-17,0.3611276287009427,0.36112762870094306,208.00951413174306,576
2026-02-10T21:20:11.750389,1,648,0.361378626515106,7.850462293418876e-17,0.3613786265151059,0.3613786265151062,208.15408887270104,576
2026-02-10T21:20:11.764626,1,649,0.36162605046099905,8.479468414379336e-17,0.36162605046099894,0.36162605046099916,208.29660506553546,576
2026-02-10T21:20:11.778662,1,650,0.3618697099811164,1.199177923332954e-16,0.3618697099811161,0.36186970998111656,208.43695294912305,576
2026-02-10T21:20:11.793317,1,651,0.3621093991667024,7.166458808248763e-17,0.36210939916670226,0.3621093991667025,208.57501392002058,576
2026-02-10T21:20:11.808198,1,652,0.3623449113807312,7.166458808248763e-17,0.3623449113807311,0.3623449113807313,208.71066895530117,576
2026-02-10T21:20:11.822853,1,653,0.36257605270913884,7.516245408138222e-17,0.36257605270913873,0.36257605270913895,208.843806360464,576
2026-02-10T21:20:11.837367,1,654,0.3628026531574414,9.878281759274735e-17,0.3628026531574412,0.36280265315744165,208.97432821868625,576
2026-02-10T21:20:11.852023,1,655,0.3630245749859382,7.516245408138222e-17,0.3630245749859381,0.3630245749859383,209.1021551919004,576
2026-02-10T21:20:11.866275,1,656,0.36324171723101306,9.064933036736789e-17,0.36324171723101284,0.3632417172310132,209.22722912506353,576
2026-02-10T21:20:11.880314,1,657,0.36345401729203375,1.0868472903575298e-16,0.3634540172920335,0.36345401729203397,209.34951396021143,576
2026-02-10T21:20:11.894592,1,658,0.36366144870769673,1.013490324081353e-16,0.36366144870769646,0.3636614487076969,209.46899445563332,576
2026-02-10T21:20:11.909176,1,659,0.36386401648761524,1.0385185452638061e-16,0.3638640164876151,0.36386401648761546,209.58567349686638,576
2026-02-10T21:20:11.923528,1,660,0.36406175035636923,1.013490324081353e-16,0.364061750356369,0.36406175035636934,209.69956820526866,576
2026-02-10T21:20:11.937763,1,661,0.3642546982142838,1.1331166295920987e-16,0.3642546982142837,0.364254698214284,209.81070617142748,576
2026-02-10T21:20:11.952288,1,662,0.3644429194051743,1.2819751242557092e-16,0.36444291940517404,0.3644429194051745,209.9191215773804,576
2026-02-10T21:20:11.966422,1,663,0.364626479524438,7.166458808248763e-17,0.36462647952443783,0.36462647952443816,210.02485220607628,576
2026-02-10T21:20:11.980804,1,664,0.3648054480268428,1.0629576194313574e-16,0.36480544802684256,0.364805448026843,210.12793806346144,576
2026-02-10T21:20:11.995027,1,665,0.36497989752268545,1.013490324081353e-16,0.3649798975226852,0.36497989752268567,210.22842097306682,576
2026-02-10T21:20:12.009262,1,666,0.3651499063156827,1.199177923332954e-16,0.36514990631568256,0.365149906315683,210.32634603783325,576
2026-02-10T21:20:12.023513,1,667,0.3653155618580355,8.479468414379336e-17,0.36531556185803526,0.3653155618580356,210.42176363022844,576
2026-02-10T21:20:12.037711,1,668,0.3654769651749402,1.1102230246251565e-16,0.36547696517494,0.36547696517494044,210.51473194076556,576
2026-02-10T21:20:12.052197,1,669,0.3656342346594277,7.516245408138222e-17,0.36563423465942746,0.3656342346594277,210.60531916383033,576
2026-02-10T21:20:12.066496,1,670,0.3657875071461025,1.1102230246251565e-16,0.3657875071461023,0.36578750714610275,210.69360411615503,576
2026-02-10T21:20:12.080652,1,671,0.36593693592508914,1.1331166295920987e-16,0.365936935925089,0.36593693592508936,210.77967509285133,576
2026-02-10T21:20:12.095189,1,672,0.36608268410471717,1.0629576194313574e-16,0.3660826841047169,0.3660826841047172,210.8636260443171,576
2026-02-10T21:20:12.109428,1,673,0.36622491375888166,9.614813431917819e-17,0.36622491375888144,0.3662249137588819,210.94555032511585,576
2026-02-10T21:20:12.123690,1,674,0.3663637707981936,1.013490324081353e-16,0.3663637707981934,0.3663637707981938,211.0255319797595,576
2026-02-10T21:20:12.137935,1,675,0.36649936788873855,7.850462293418876e-17,0.3664993678887384,0.3664993678887387,211.1036359039134,576
2026-02-10T21:20:12.152618,1,676,0.3666317671678881,1.1102230246251565e-16,0.3666317671678879,0.36663176716788837,211.17989788870355,576
2026-02-10T21:20:12.166823,1,677,0.36676096450402607,9.614813431917819e-17,0.36676096450402584,0.3667609645040262,211.25431555431902,576
2026-02-10T21:20:12.181094,1,678,0.36688687946513343,9.064933036736789e-17,0.3668868794651332,0.36688687946513365,211.32684257191684,576
2026-02-10T21:20:12.195366,1,679,0.36700935175588684,9.064933036736789e-17,0.36700935175588656,0.367009351755887,211.39738661139083,576
2026-02-10T21:20:12.209651,1,680,0.36712814627381923,6.409875621278546e-17,0.36712814627381907,0.3671281462738193,211.4658122537199,576
2026-02-10T21:20:12.223916,1,681,0.3672429669435791,1.1102230246251565e-16,0.36724296694357894,0.3672429669435794,211.53194895950156,576
2026-02-10T21:20:12.238346,1,682,0.3673534786226235,9.614813431917819e-17,0.36735347862262324,0.3673534786226237,211.59560368663114,576
2026-02-10T21:20:12.252430,1,683,0.3674593356890549,8.479468414379336e-17,0.36745933568905476,0.3674593356890551,211.65657735689564,576
2026-02-10T21:20:12.266534,1,684,0.36756021381858983,8.171020218150495e-17,0.3675602138185896,0.36756021381858994,211.71468315950776,576
2026-02-10T21:20:12.280643,1,685,0.3676558429708536,8.479468414379336e-17,0.3676558429708534,0.36765584297085374,211.76976555121166,576
2026-02-10T21:20:12.294731,1,686,0.36774603704531067,9.614813431917819e-17,0.3677460370453104,0.3677460370453107,211.82171733809895,576
2026-02-10T21:20:12.308802,1,687,0.3678307174876501,9.064933036736789e-17,0.36783071748764995,0.3678307174876503,211.87049327288648,576
2026-02-10T21:20:12.322958,1,688,0.3679099292169641,8.777083671441753e-17,0.36790992921696386,0.3679099292169642,211.9161192289713,576
2026-02-10T21:20:12.337060,1,689,0.3679838452700497,1.0385185452638061e-16,0.36798384527004957,0.3679838452700499,211.95869487554862,576
2026-02-10T21:20:12.351238,1,690,0.3680527609894855,7.516245408138222e-17,0.36805276098948536,0.3680527609894856,211.99839032994365,576
2026-02-10T21:20:12.365447,1,691,0.3681170775392365,8.171020218150495e-17,0.3681170775392364,0.3681170775392367,212.03543666260023,576
2026-02-10T21:20:12.380178,1,692,0.36817727580723747,7.166458808248763e-17,0.36817727580723736,0.3681772758072377,212.0701108649688,576
2026-02-10T21:20:12.395051,1,693,0.36823388405390534,8.171020218150495e-17,0.3682338840539051,0.36823388405390545,212.10271721504947,576
2026-02-10T21:20:12.409269,1,694,0.36828744054292356,7.850462293418876e-17,0.3682874405429234,0.3682874405429237,212.13356575272397,576
2026-02-10T21:20:12.423696,1,695,0.3683384560599457,1.013490324081353e-16,0.36833845605994553,0.36833845605994586,212.16295069052873,576
2026-02-10T21:20:12.437873,1,696,0.3683873784432432,1.0629576194313574e-16,0.3683873784432431,0.3683873784432433,212.1911299833081,576
2026-02-10T21:20:12.452349,1,697,0.3684345628975147,9.614813431917819e-17,0.36843456289751453,0.36843456289751475,212.21830822896845,576
2026-02-10T21:20:12.466609,1,698,0.36848025001216733,9.064933036736789e-17,0.3684802500121671,0.36848025001216733,212.24462400700838,576
2026-02-10T21:20:12.480861,1,699,0.3685245536547639,1.0385185452638061e-16,0.3685245536547638,0.368524553654764,212.27014290514398,576
2026-02-10T21:20:12.495063,1,700,0.3685674590939314,1.1775693440128312e-16,0.3685674590939312,0.3685674590939315,212.2948564381045,576
2026-02-10T21:20:12.509302,1,701,0.3686088307375334,7.166458808248763e-17,0.36860883073753326,0.3686088307375335,212.31868650481925,576
2026-02-10T21:20:12.523867,1,702,0.3686484299535725,8.777083671441753e-17,0.36864842995357217,0.3686484299535726,212.34149565325777,576
2026-02-10T21:20:12.538142,1,703,0.36868593880798134,9.614813431917819e-17,0.3686859388079812,0.3686859388079815,212.36310075339725,576
2026-02-10T21:20:12.552359,1,704,0.36872098926226116,1.2819751242557092e-16,0.3687209892622608,0.36872098926226127,212.38328981506243,576
2026-02-10T21:20:12.566460,1,705,0.36875319414856356,8.479468414379336e-17,0.36875319414856333,0.36875319414856367,212.40183982957262,576
2026-02-10T21:20:12.580620,1,706,0.3687821774382061,7.166458808248763e-17,0.36878217743820596,0.3687821774382063,212.41853420440674,576
2026-02-10T21:20:12.594811,1,707,0.36880760190328704,1.1555567610933196e-16,0.36880760190328676,0.3688076019032872,212.43317869629334,576
2026-02-10T21:20:12.608793,1,708,0.36882919154737703,1.0868472903575298e-16,0.3688291915473769,0.36882919154737726,212.44561433128916,576
2026-02-10T21:20:12.622729,1,709,0.3688467477342782,1.013490324081353e-16,0.36884674773427806,0.3688467477342783,212.45572669494425,576
2026-02-10T21:20:12.636660,1,710,0.3688601588796116,9.064933036736789e-17,0.36886015887961143,0.36886015887961177,212.46345151465627,576
2026-02-10T21:20:12.650565,1,711,0.36886940230456666,8.479468414379336e-17,0.36886940230456655,0.3688694023045668,212.4687757274304,576
2026-02-10T21:20:12.664585,1,712,0.3688745409473309,7.850462293418876e-17,0.36887454094733085,0.3688745409473311,212.4717355856626,576
2026-02-10T21:20:12.678602,1,713,0.36887571324972096,7.850462293418876e-17,0.3688757132497208,0.368875713249721,212.47241083183928,576
2026-02-10T21:20:12.692576,1,714,0.36887312011810336,7.166458808248763e-17,0.36887312011810325,0.3688731201181036,212.47091718802753,576
2026-02-10T21:20:12.706442,1,715,0.3688670083435419,7.166458808248763e-17,0.3688670083435418,0.368867008343542,212.46739680588016,576
2026-02-10T21:20:12.720344,1,716,0.36885765332498305,8.479468414379336e-17,0.36885765332498277,0.3688576533249832,212.46200831519025,576
2026-02-10T21:20:12.734365,1,717,0.3688453411690312,8.171020218150495e-17,0.368845341169031,0.36884534116903134,212.45491651336198,576
2026-02-10T21:20:12.748257,1,718,0.3688303517766948,1.0629576194313574e-16,0.36883035177669465,0.368830351776695,212.44628262337622,576
2026-02-10T21:20:12.762417,1,719,0.3688129431957251,9.064933036736789e-17,0.3688129431957249,0.3688129431957252,212.43625528073767,576
2026-02-10T21:20:12.776512,1,720,0.36879333818376026,1.0868472903575298e-16,0.36879333818376014,0.3687933381837605,212.4249627938459,576
2026-02-10T21:20:12.790696,1,721,0.3687717128524167,1.1775693440128312e-16,0.3687717128524164,0.36877171285241683,212.41250660299204,576
2026-02-10T21:20:12.805096,1,722,0.368748188394438,6.798699777552591e-17,0.368748188394438,0.3687481883944381,212.3989565151963,576
2026-02-10T21:20:12.819374,1,723,0.36872282574917875,9.614813431917819e-17,0.3687228257491786,0.3687228257491789,212.38434763152696,576
2026-02-10T21:20:12.833728,1,724,0.368695623702882,7.516245408138222e-17,0.3686956237028818,0.3686956237028821,212.36867925286003,576
2026-02-10T21:20:12.848343,1,725,0.3686665206936085,8.479468414379336e-17,0.3686665206936084,0.3686665206936087,212.3519159195185,576
2026-02-10T21:20:12.863003,1,726,0.36863540013237145,1.1102230246251565e-16,0.3686354001323713,0.3686354001323716,212.33399047624596,576
2026-02-10T21:20:12.877588,1,727,0.3686020983116014,9.878281759274735e-17,0.3686020983116012,0.3686020983116015,212.31480862748242,576
2026-02-10T21:20:12.892116,1,728,0.36856641544497426,1.1102230246251565e-16,0.3685664154449739,0.36856641544497437,212.29425529630518,576
2026-02-10T21:20:12.906665,1,729,0.36852812732945217,1.013490324081353e-16,0.36852812732945195,0.3685281273294523,212.27220134176446,576
2026-02-10T21:20:12.921345,1,730,0.36848699804552026,6.409875621278546e-17,0.3684869980455201,0.3684869980455203,212.24851087421968,576
2026-02-10T21:20:12.936096,1,731,0.3684427916554084,7.166458808248763e-17,0.3684427916554083,0.3684427916554085,212.22304799351522,576
2026-02-10T21:20:12.950585,1,732,0.3683952827058489,8.479468414379336e-17,0.36839528270584876,0.3683952827058491,212.19568283856898,576
2026-02-10T21:20:12.964883,1,733,0.36834426528545067,7.166458808248763e-17,0.3683442652854506,0.36834426528545083,212.16629680441957,576
2026-02-10T21:20:12.979295,1,734,0.36828955956218795,1.0629576194313574e-16,0.3682895595621878,0.3682895595621881,212.13478630782026,576
2026-02-10T21:20:12.993496,1,735,0.3682310165628953,1.1102230246251565e-16,0.36823101656289514,0.3682310165628955,212.1010655402277,576
2026-02-10T21:20:13.007582,1,736,0.3681685209920431,5.99588961666477e-17,0.368168520992043,0.3681685209920432,212.06506809141683,576
2026-02-10T21:20:13.021834,1,737,0.36810199244385405,7.166458808248763e-17,0.3681019924438539,0.3681019924438541,212.02674764765993,576
2026-02-10T21:20:13.036461,1,738,0.36803138510101263,1.0868472903575298e-16,0.3680313851010125,0.36803138510101285,211.98607781818328,576
2026-02-10T21:20:13.050786,1,739,0.36795668698722384,8.171020218150495e-17,0.3679566869872236,0.36795668698722395,211.94305170464094,576
2026-02-10T21:20:13.065283,1,740,0.36787791777226087,9.064933036736789e-17,0.36787791777226075,0.367877917772261,211.89768063682226,576
2026-02-10T21:20:13.079857,1,741,0.36779512665769737,8.479468414379336e-17,0.3677951266576972,0.3677951266576974,211.84999295483368,576
2026-02-10T21:20:13.094382,1,742,0.36770838981399623,1.013490324081353e-16,0.367708389813996,0.36770838981399634,211.80003253286182,576
2026-02-10T21:20:13.108762,1,743,0.36761780726496507,8.479468414379336e-17,0.36761780726496485,0.3676178072649652,211.7478569846199,576
2026-02-10T21:20:13.123158,1,744,0.3675234994616377,9.064933036736789e-17,0.36752349946163765,0.36752349946163787,211.6935356899033,576
2026-02-10T21:20:13.137591,1,745,0.36742560372091926,7.850462293418876e-17,0.36742560372091915,0.36742560372091937,211.6371477432495,576
2026-02-10T21:20:13.151888,1,746,0.36732426963416565,8.777083671441753e-17,0.36732426963416553,0.36732426963416587,211.5787793092794,576
2026-02-10T21:20:13.166191,1,747,0.3672196542507851,7.850462293418876e-17,0.36721965425078507,0.3672196542507854,211.51852084845223,576
2026-02-10T21:20:13.180599,1,748,0.36711191657301495,6.409875621278546e-17,0.3671119165730148,0.367111916573015,211.4564639460566,576
2026-02-10T21:20:13.194940,1,749,0.36700121194134955,6.409875621278546e-17,0.3670012119413495,0.3670012119413497,211.39269807821734,576
2026-02-10T21:20:13.209219,1,750,0.36688768593701937,1.0629576194313574e-16,0.36688768593701926,0.3668876859370196,211.32730709972316,576
2026-02-10T21:20:13.223586,1,751,0.3667714685946896,9.614813431917819e-17,0.36677146859468945,0.3667714685946898,211.26036591054122,576
2026-02-10T21:20:13.238239,1,752,0.3666526693769947,8.171020218150495e-17,0.3666526693769945,0.3666526693769949,211.19193756114896,576
2026-02-10T21:20:13.252580,1,753,0.36653137227749877,8.777083671441753e-17,0.36653137227749866,0.366531372277499,211.1220704318393,576
2026-02-10T21:20:13.266982,1,754,0.36640763224375306,1.1102230246251565e-16,0.36640763224375283,0.36640763224375317,211.05079617240176,576
2026-02-10T21:20:13.281458,1,755,0.36628147269277406,9.064933036736789e-17,0.3662814726927739,0.3662814726927742,210.97812827103786,576
2026-02-10T21:20:13.295750,1,756,0.36615288334935314,7.516245408138222e-17,0.3661528833493529,0.36615288334935325,210.90406080922742,576
2026-02-10T21:20:13.310056,1,757,0.3660218197063241,8.171020218150495e-17,0.36602181970632386,0.3660218197063242,210.82856815084267,576
2026-02-10T21:20:13.324412,1,758,0.36588820307832126,1.199177923332954e-16,0.36588820307832115,0.3658882030783215,210.75160497311305,576
2026-02-10T21:20:13.338775,1,759,0.3657519212948158,1.1102230246251565e-16,0.3657519212948157,0.36575192129481604,210.67310666581392,576
2026-02-10T21:20:13.353231,1,760,0.3656128305343969,1.0629576194313574e-16,0.36561283053439675,0.3656128305343971,210.59299038781262,576
2026-02-10T21:20:13.367788,1,761,0.3654707578574415,8.479468414379336e-17,0.36547075785744143,0.36547075785744165,210.5111565258863,576
2026-02-10T21:20:13.382209,1,762,0.3653255051308443,1.0629576194313574e-16,0.36532550513084405,0.3653255051308444,210.4274909553663,576
2026-02-10T21:20:13.396403,1,763,0.36517685370041686,9.614813431917819e-17,0.36517685370041675,0.3651768537004171,210.34186773144012,576
2026-02-10T21:20:13.410558,1,764,0.36502457124008725,9.34391909990421e-17,0.36502457124008714,0.36502457124008747,210.25415303429025,576
2026-02-10T21:20:13.424769,1,765,0.36486841934162356,9.614813431917819e-17,0.3648684193416234,0.36486841934162373,210.16420954077518,576
2026-02-10T21:20:13.438791,1,766,0.36470816282808055,1.013490324081353e-16,0.3647081628280803,0.3647081628280806,210.0719017889744,576
2026-02-10T21:20:13.452813,1,767,0.3645435795628484,7.850462293418876e-17,0.3645435795628482,0.36454357956284855,209.97710182820066,576
2026-02-10T21:20:13.466835,1,768,0.36437447063497047,7.850462293418876e-17,0.3643744706349703,0.36437447063497064,209.87969508574298,576
2026-02-10T21:20:13.480867,1,769,0.3642006702944195,8.777083671441753e-17,0.3642006702944194,0.3642006702944196,209.77958608958562,576
2026-02-10T21:20:13.494820,1,770,0.364022054011638,1.013490324081353e-16,0.3640220540116378,0.36402205401163823,209.6767031107035,576
2026-02-10T21:20:13.508814,1,771,0.36383854489945844,6.409875621278546e-17,0.3638385448994583,0.36383854489945855,209.57100186208805,576
2026-02-10T21:20:13.522934,1,772,0.3636501171445403,8.171020218150495e-17,0.3636501171445402,0.36365011714454054,209.4624674752552,576
2026-02-10T21:20:13.536908,1,773,0.3634567960265047,5.067451620406765e-17,0.3634567960265046,0.3634567960265048,209.3511145112667,576
2026-02-10T21:20:13.550851,1,774,0.36325865447744293,8.479468414379336e-17,0.36325865447744277,0.3632586544774431,209.23698497900713,576
2026-02-10T21:20:13.564906,1,775,0.36305580598863546,7.850462293418876e-17,0.3630558059886353,0.3630558059886356,209.12014424945403,576
2026-02-10T21:20:13.579019,1,776,0.3628483952466155,1.1102230246251565e-16,0.3628483952466153,0.3628483952466156,209.00067566205053,576
2026-02-10T21:20:13.593031,1,777,0.3626365856797176,9.614813431917819e-17,0.36263658567971746,0.3626365856797179,208.87867335151736,576
2026-02-10T21:20:13.607075,1,778,0.36242054620874203,1.013490324081353e-16,0.36242054620874187,0.3624205462087422,208.7542346162354,576
2026-02-10T21:20:13.621368,1,779,0.362200437811663,7.850462293418876e-17,0.3622004378116629,0.3622004378116631,208.6274521795179,576
2026-02-10T21:20:13.635592,1,780,0.3619764013502093,7.850462293418876e-17,0.36197640135020914,0.3619764013502095,208.49840717772057,576
2026-02-10T21:20:13.649870,1,781,0.36174854729723765,7.166458808248763e-17,0.3617485472972376,0.3617485472972378,208.3671632432089,576
2026-02-10T21:20:13.664588,1,782,0.36151694884636093,7.850462293418876e-17,0.36151694884636076,0.361516948846361,208.2337625355039,576
2026-02-10T21:20:13.678925,1,783,0.36128163836541466,1.0629576194313574e-16,0.3612816383654145,0.3612816383654148,208.09822369847885,576
2026-02-10T21:20:13.693601,1,784,0.36104260820135126,6.409875621278546e-17,0.36104260820135115,0.36104260820135126,207.96054232397833,576
2026-02-10T21:20:13.708051,1,785,0.36079981446953024,1.0629576194313574e-16,0.36079981446953,0.36079981446953047,207.8206931344494,576
2026-02-10T21:20:13.722542,1,786,0.3605531840184662,9.064933036736789e-17,0.36055318401846603,0.36055318401846637,207.67863399463653,576
2026-02-10T21:20:13.736899,1,787,0.36030262383621264,1.1555567610933196e-16,0.36030262383621237,0.3603026238362128,207.5343113296585,576
2026-02-10T21:20:13.751267,1,788,0.36004803116677403,9.064933036736789e-17,0.36004803116677386,0.3600480311667742,207.38766595206184,576
2026-02-10T21:20:13.765701,1,789,0.3597893038902944,8.479468414379336e-17,0.3597893038902942,0.3597893038902945,207.23863904080957,576
2026-02-10T21:20:13.780092,1,790,0.35952635012130596,9.34391909990421e-17,0.35952635012130585,0.35952635012130607,207.08717766987223,576
2026-02-10T21:20:13.794435,1,791,0.35925909643517834,1.1102230246251565e-16,0.35925909643517817,0.3592590964351786,206.93323954666272,576
2026-02-10T21:20:13.809100,1,792,0.3589874936484991,1.2412670766236366e-16,0.3589874936484988,0.35898749364849925,206.77679634153546,576
2026-02-10T21:20:13.823408,1,793,0.35871152048720334,9.064933036736789e-17,0.3587115204872031,0.35871152048720345,206.6178358006291,576
2026-02-10T21:20:13.837682,1,794,0.35843118400882756,1.1102230246251565e-16,0.3584311840088271,0.3584311840088277,206.45636198908468,576
2026-02-10T21:20:13.852176,1,795,0.35814651772842243,9.878281759274735e-17,0.3581465177284221,0.35814651772842254,206.29239421157132,576
2026-02-10T21:20:13.866673,1,796,0.35785757703745236,9.878281759274735e-17,0.35785757703745213,0.3578575770374526,206.12596437357254,576
2026-02-10T21:20:13.881100,1,797,0.35756443230011425,1.1555567610933196e-16,0.35756443230011414,0.3575644323001145,205.95711300486582,576
2026-02-10T21:20:13.895513,1,798,0.3572671616736786,1.1555567610933196e-16,0.3572671616736782,0.3572671616736788,205.78588512403888,576
2026-02-10T21:20:13.909794,1,799,0.35696584294271627,1.3018518929051675e-16,0.35696584294271594,0.3569658429427165,205.61232553500457,576
2026-02-10T21:20:13.924207,1,800,0.35666054705136435,8.479468414379336e-17,0.3566605470513641,0.3566605470513645,205.43647510158587,576
2026-02-10T21:20:13.938717,1,801,0.35635133352646203,1.1102230246251565e-16,0.35635133352646164,0.3563513335264622,205.25836811124213,576
2026-02-10T21:20:13.953996,1,802,0.35603824884238183,1.1102230246251565e-16,0.35603824884238144,0.356038248842382,205.07803133321192,576
2026-02-10T21:20:13.968821,1,803,0.3557213280694936,1.2819751242557092e-16,0.3557213280694932,0.35572132806949375,204.8954849680283,576
2026-02-10T21:20:13.983676,1,804,0.35540059986190076,1.2617852778345905e-16,0.3554005998619003,0.3554005998619011,204.71074552045485,576
2026-02-10T21:20:13.998502,1,805,0.35507609412457186,1.3018518929051675e-16,0.3550760941245714,0.3550760941245722,204.5238302157534,576
2026-02-10T21:20:14.013241,1,806,0.35474785150605204,1.199177923332954e-16,0.3547478515060517,0.35474785150605215,204.33476246748597,576
2026-02-10T21:20:14.028213,1,807,0.35441593356049456,1.1102230246251565e-16,0.35441593356049417,0.3544159335604947,204.14357773084487,576
2026-02-10T21:20:14.042913,1,808,0.35408043223492713,1.1775693440128312e-16,0.3540804322349267,0.35408043223492736,203.95032896731803,576
2026-02-10T21:20:14.058356,1,809,0.35374147706049275,1.2412670766236366e-16,0.3537414770604923,0.3537414770604931,203.75509078684382,576
2026-02-10T21:20:14.073993,1,810,0.35339923946598506,1.2412670766236366e-16,0.3533992394659846,0.35339923946598517,203.55796193240738,576
2026-02-10T21:20:14.089488,1,811,0.3530539324115346,1.1331166295920987e-16,0.35305393241153427,0.3530539324115347,203.35906506904394,576
2026-02-10T21:20:14.105203,1,812,0.35270580568066123,1.3018518929051675e-16,0.3527058056806609,0.35270580568066157,203.15854407206086,576
2026-02-10T21:20:14.120715,1,813,0.3523551365976326,1.2204039592116465e-16,0.3523551365976324,0.35235513659763285,202.95655868023638,576
2026-02-10T21:20:14.136453,1,814,0.3520022168925861,1.1102230246251565e-16,0.3520022168925858,0.35200221689258615,202.7532769301296,576
2026-02-10T21:20:14.151514,1,815,0.3516473369343837,1.1102230246251565e-16,0.35164733693438344,0.35164733693438377,202.54886607420502,576
2026-02-10T21:20:14.166435,1,816,0.35129076876890997,1.2412670766236366e-16,0.35129076876890974,0.3512907687689102,202.34348281089214,576
2026-02-10T21:20:14.180894,1,817,0.35093275015466074,8.479468414379336e-17,0.3509327501546605,0.35093275015466097,202.1372640890846,576
2026-02-10T21:20:14.195321,1,818,0.3505734706358864,1.3018518929051675e-16,0.3505734706358862,0.3505734706358866,201.93031908627057,576
2026-02-10T21:20:14.209723,1,819,0.35021306151411147,9.34391909990421e-17,0.35021306151411113,0.3502130615141117,201.7227234321282,576
2026-02-10T21:20:14.224003,1,820,0.3498515908521156,1.3407216768447582e-16,0.34985159085211537,0.3498515908521157,201.51451633081857,576
2026-02-10T21:20:14.238342,1,821,0.3494890638385274,5.99588961666477e-17,0.3494890638385273,0.3494890638385275,201.3057007709918,576
2026-02-10T21:20:14.253017,1,822,0.3491254283539488,1.1775693440128312e-16,0.34912542835394855,0.3491254283539489,201.0962467318745,576
2026-02-10T21:20:14.267098,1,823,0.3487605855800752,1.1102230246251565e-16,0.34876058558007506,0.3487605855800754,200.88609729412332,576
2026-02-10T21:20:14.281280,1,824,0.3483944042640192,1.013490324081353e-16,0.3483944042640189,0.34839440426401935,200.67517685607504,576
2026-02-10T21:20:14.295389,1,825,0.34802673724560856,1.1102230246251565e-16,0.3480267372456085,0.34802673724560895,200.46340065347053,576
2026-02-10T21:20:14.309546,1,826,0.3476574395718314,1.2412670766236366e-16,0.34765743957183115,0.3476574395718315,200.25068519337486,576
2026-02-10T21:20:14.323643,1,827,0.3472863854053345,7.516245408138222e-17,0.3472863854053344,0.34728638540533463,200.03695799347267,576
2026-02-10T21:20:14.337792,1,828,0.34691348377968595,6.409875621278546e-17,0.3469134837796858,0.346913483779686,199.8221666570991,576
2026-02-10T21:20:14.351941,1,829,0.3465386909035868,1.3597399555105182e-16,0.3465386909035866,0.3465386909035869,199.60628596046598,576
2026-02-10T21:20:14.366183,1,830,0.3461620192734806,7.166458808248763e-17,0.34616201927348056,0.3461620192734808,199.38932310152484,576
2026-02-10T21:20:14.380376,1,831,0.34578354223433105,8.777083671441753e-17,0.34578354223433083,0.34578354223433116,199.1713203269747,576
2026-02-10T21:20:14.394577,1,832,0.3454033946015475,1.3214297116801536e-16,0.34540339460154723,0.3454033946015478,198.95235529049137,576
2026-02-10T21:20:14.408770,1,833,0.34502176969243714,1.3018518929051675e-16,0.3450217696924369,0.34502176969243736,198.73253934284378,576
2026-02-10T21:20:14.422946,1,834,0.34463891313811557,1.586363281428938e-16,0.34463891313811523,0.3446389131381159,198.51201396755457,576
2026-02-10T21:20:14.437071,1,835,0.34425511454507013,1.5700924586837752e-16,0.34425511454506985,0.3442551145450704,198.2909459779604,576
2026-02-10T21:20:14.451245,1,836,0.3438706985551913,1.2819751242557092e-16,0.34387069855519103,0.3438706985551915,198.0695223677902,576
2026-02-10T21:20:14.465280,1,837,0.34348601569632575,1.199177923332954e-16,0.34348601569632564,0.343486015696326,197.84794504108362,576
2026-02-10T21:20:14.479545,1,838,0.343101434517941,9.064933036736789e-17,0.34310143451794084,0.3431014345179412,197.62642628233402,576
2026-02-10T21:20:14.493622,1,839,0.3427173353366882,1.2819751242557092e-16,0.342717335336688,0.34271733533668836,197.4051851539324,576
2026-02-10T21:20:14.507965,1,840,0.34233410552054333,1.5032490816276445e-16,0.342334105520543,0.34233410552054355,197.18444477983297,576
2026-02-10T21:20:14.522206,1,841,0.3419521365719901,1.3970000036909087e-16,0.34195213657198975,0.3419521365719903,196.9644306654663,576
2026-02-10T21:20:14.536844,1,842,0.3415718213601462,1.2412670766236366e-16,0.34157182136014597,0.3415718213601464,196.7453691034442,576
2026-02-10T21:20:14.551369,1,843,0.34119355101151844,1.537034178252068e-16,0.34119355101151805,0.3411935510115187,196.5274853826346,576
2026-02-10T21:20:14.565803,1,844,0.340817709997703,9.34391909990421e-17,0.3408177099977029,0.3408177099977032,196.3110009586769,576
2026-02-10T21:20:14.580335,1,845,0.34044466872103807,1.4510973109558773e-16,0.34044466872103785,0.3404446687210382,196.0961291833179,576
2026-02-10T21:20:14.594759,1,846,0.3400747724203805,8.479468414379336e-17,0.3400747724203803,0.34007477242038064,195.88306891413916,576
2026-02-10T21:20:14.609256,1,847,0.33970832778548626,1.3597399555105182e-16,0.339708327785486,0.33970832778548665,195.67199680444008,576
2026-02-10T21:20:14.623791,1,848,0.33934558675928445,1.3970000036909087e-16,0.33934558675928406,0.3393455867592846,195.46305797334784,576
2026-02-10T21:20:14.638331,1,849,0.33898673062078966,1.634204043630099e-16,0.3389867306207893,0.33898673062079,195.25635683757486,576
2026-02-10T21:20:14.652865,1,850,0.33863185563643877,1.1555567610933196e-16,0.3386318556364386,0.33863185563643905,195.05194884658874,576
2026-02-10T21:20:14.667527,1,851,0.33828096354441334,1.2819751242557092e-16,0.33828096354441317,0.3382809635444136,194.84983500158208,576
2026-02-10T21:20:14.682143,1,852,0.3379339585651649,1.2412670766236366e-16,0.3379339585651646,0.33793395856516495,194.649960133535,576
2026-02-10T21:20:14.696696,1,853,0.3375906533978046,1.199177923332954e-16,0.33759065339780425,0.3375906533978047,194.45221635713546,576
2026-02-10T21:20:14.711216,1,854,0.337250784433368,8.171020218150495e-17,0.33725078443336776,0.3372507844333681,194.25645183361996,576
2026-02-10T21:20:14.725638,1,855,0.3369140361625248,1.3214297116801536e-16,0.3369140361625246,0.3369140361625249,194.06248482961428,576
2026-02-10T21:20:14.740145,1,856,0.33658007259218375,1.0629576194313574e-16,0.3365800725921835,0.3365800725921839,193.87012181309785,576
2026-02-10T21:20:14.754725,1,857,0.33624857350068915,9.34391909990421e-17,0.33624857350068904,0.3362485735006894,193.67917833639694,576
2026-02-10T21:20:14.769302,1,858,0.3359192708429283,1.3597399555105182e-16,0.33591927084292805,0.3359192708429285,193.48950000552668,576
2026-02-10T21:20:14.783919,1,859,0.3355919815681542,1.3214297116801536e-16,0.33559198156815384,0.3355919815681543,193.3009813832568,576
2026-02-10T21:20:14.798429,1,860,0.3352666330501028,1.199177923332954e-16,0.3352666330501026,0.33526663305010296,193.1135806368592,576
2026-02-10T21:20:14.812936,1,861,0.33494327723032175,9.064933036736789e-17,0.3349432772303216,0.3349432772303219,192.92732768466533,576
2026-02-10T21:20:14.827871,1,862,0.3346220915496384,1.0629576194313574e-16,0.33462209154963807,0.3346220915496385,192.74232473259173,576
2026-02-10T21:20:14.842545,1,863,0.33430336678752504,8.479468414379336e-17,0.3343033667875248,0.33430336678752515,192.55873926961442,576
2026-02-10T21:20:14.857352,1,864,0.33398748151192464,1.2819751242557092e-16,0.3339874815119245,0.3339874815119248,192.3767893508686,576
2026-02-10T21:20:14.872016,1,865,0.3336748670939404,6.409875621278546e-17,0.33367486709394034,0.33367486709394056,192.19672344610967,576
2026-02-10T21:20:14.886712,1,866,0.3333659662174888,7.166458808248763e-17,0.3333659662174887,0.33336596621748893,192.01879654127356,576
2026-02-10T21:20:14.901375,1,867,0.333061189834738,9.064933036736789e-17,0.33306118983473787,0.3330611898347381,191.84324534480908,576
2026-02-10T21:20:14.916127,1,868,0.3327608765948012,7.850462293418876e-17,0.332760876594801,0.33276087659480125,191.67026491860548,576
2026-02-10T21:20:14.931632,1,869,0.3324652594098964,1.1102230246251565e-16,0.33246525940989624,0.3324652594098967,191.49998942010032,576
2026-02-10T21:20:14.946403,1,870,0.3321744422115543,9.614813431917819e-17,0.33217444221155423,0.33217444221155457,191.33247871385527,576
2026-02-10T21:20:14.961465,1,871,0.33188838874939286,7.850462293418876e-17,0.33188838874939286,0.33188838874939297,191.1677119196503,576
2026-02-10T21:20:14.976844,1,872,0.33160692416490584,1.2412670766236366e-16,0.33160692416490556,0.3316069241649061,191.00558831898576,576
2026-02-10T21:20:14.991481,1,873,0.33132974866224846,8.479468414379336e-17,0.3313297486622484,0.3313297486622486,190.8459352294551,576
2026-02-10T21:20:15.006277,1,874,0.3310564616929526,7.166458808248763e-17,0.33105646169295255,0.3310564616929528,190.6885219351407,576
2026-02-10T21:20:15.021319,1,875,0.33078659378192743,1.3597399555105182e-16,0.3307865937819272,0.33078659378192765,190.5330780183902,576
2026-02-10T21:20:15.036029,1,876,0.33051964298011793,9.614813431917819e-17,0.3305196429801177,0.33051964298011816,190.37931435654792,576
2026-02-10T21:20:15.050527,1,877,0.3302551129598013,1.2819751242557092e-16,0.33025511295980103,0.3302551129598017,190.22694506484555,576
2026-02-10T21:20:15.065270,1,878,0.3299925496368042,1.1555567610933196e-16,0.3299925496368038,0.32999254963680447,190.07570859079922,576
2026-02-10T21:20:15.079803,1,879,0.32973157332651054,1.0629576194313574e-16,0.32973157332651015,0.3297315733265107,189.92538623607007,576
2026-02-10T21:20:15.094252,1,880,0.32947190489207523,5.99588961666477e-17,0.3294719048920751,0.32947190489207523,189.77581721783534,576
2026-02-10T21:20:15.108716,1,881,0.32921338356810004,1.415262216750919e-16,0.3292133835680998,0.32921338356810015,189.62690893522563,576
2026-02-10T21:20:15.123289,1,882,0.3289559760043121,1.1102230246251565e-16,0.3289559760043119,0.32895597600431237,189.47864217848377,576
2026-02-10T21:20:15.137528,1,883,0.3286997755440136,1.3970000036909087e-16,0.3286997755440132,0.32869977554401375,189.33107071335183,576
2026-02-10T21:20:15.151789,1,884,0.3284449921913917,7.850462293418876e-17,0.32844499219139145,0.3284449921913918,189.18431550224165,576
2026-02-10T21:20:15.166282,1,885,0.3281919340201385,1.1555567610933196e-16,0.32819193402013824,0.3281919340201388,189.03855399559978,576
2026-02-10T21:20:15.180544,1,886,0.3279409809596111,7.850462293418876e-17,0.3279409809596109,0.3279409809596112,188.894005032736,576
2026-02-10T21:20:15.194821,1,887,0.3276925531925228,1.199177923332954e-16,0.32769255319252244,0.327692553192523,188.75091063889312,576
2026-02-10T21:20:15.209049,1,888,0.32744707594092515,1.1555567610933196e-16,0.3274470759409249,0.32744707594092537,188.60951574197287,576
2026-02-10T21:20:15.223234,1,889,0.32720494333006767,8.777083671441753e-17,0.32720494333006755,0.3272049433300679,188.47004735811896,576
2026-02-10T21:20:15.237519,1,890,0.32696648452462834,7.166458808248763e-17,0.3269664845246283,0.3269664845246285,188.33269508618594,576
2026-02-10T21:20:15.251852,1,891,0.32673193394707156,1.013490324081353e-16,0.32673193394707134,0.3267319339470717,188.1975939535132,576
2026-02-10T21:20:15.266333,1,892,0.32650140835633534,1.2617852778345905e-16,0.3265014083563351,0.32650140835633545,188.06481121324916,576
2026-02-10T21:20:15.280554,1,893,0.32627489281026556,6.409875621278546e-17,0.32627489281026545,0.32627489281026567,187.93433825871296,576
2026-02-10T21:20:15.294958,1,894,0.3260522364587834,9.064933036736789e-17,0.32605223645878323,0.32605223645878345,187.80608820025924,576
2026-02-10T21:20:15.309351,1,895,0.325833158730855,7.166458808248763e-17,0.32583315873085483,0.32583315873085517,187.67989942897248,576
2026-02-10T21:20:15.323693,1,896,0.32561726586564843,1.0629576194313574e-16,0.3256172658656482,0.32561726586564854,187.5555451386135,576
2026-02-10T21:20:15.338021,1,897,0.32540407661680987,1.2819751242557092e-16,0.3254040766168097,0.32540407661681003,187.4327481312825,576
2026-02-10T21:20:15.352340,1,898,0.3251930554452139,1.5032490816276445e-16,0.3251930554452136,0.32519305544521404,187.3111999364432,576
2026-02-10T21:20:15.366795,1,899,0.32498365123730566,1.2412670766236366e-16,0.32498365123730544,0.3249836512373059,187.19058311268805,576
2026-02-10T21:20:15.381043,1,900,0.3247753385045457,9.064933036736789e-17,0.32477533850454554,0.32477533850454576,187.07059497861832,576
2026-02-10T21:20:15.395436,1,901,0.32456765888985056,1.1555567610933196e-16,0.3245676588898504,0.32456765888985084,186.95097152055394,576
2026-02-10T21:20:15.409781,1,902,0.32436025932504964,1.1102230246251565e-16,0.3243602593250494,0.32436025932504975,186.8315093712286,576
2026-02-10T21:20:15.424094,1,903,0.3241529241258296,7.850462293418876e-17,0.3241529241258295,0.32415292412582986,186.71208429647783,576
2026-02-10T21:20:15.438278,1,904,0.32394559876010415,1.4332917616497527e-16,0.32394559876010387,0.3239455987601043,186.59266488582,576
2026-02-10T21:20:15.453103,1,905,0.3237384023573529,1.3597399555105182e-16,0.32373840235735285,0.3237384023573532,186.47331975783527,576
2026-02-10T21:20:15.467697,1,906,0.3235316279988329,1.013490324081353e-16,0.32353162799883284,0.3235316279988333,186.35421772732775,576
2026-02-10T21:20:15.482277,1,907,0.3233257301054542,1.3597399555105182e-16,0.32332573010545396,0.3233257301054544,186.2356205407416,576
2026-02-10T21:20:15.496855,1,908,0.3231212991152439,1.1775693440128312e-16,0.3231212991152437,0.32312129911524423,186.1178682903805,576
2026-02-10T21:20:15.511517,1,909,0.322919025714014,1.199177923332954e-16,0.3229190257140139,0.3229190257140142,186.00135881127204,576
2026-02-10T21:20:15.526012,1,910,0.3227196566336641,1.2617852778345905e-16,0.32271965663366387,0.3227196566336643,185.8865222209905,576
2026-02-10T21:20:15.540369,1,911,0.32252394636675225,1.5032490816276445e-16,0.32252394636675197,0.3225239463667525,185.7737931072493,576
2026-02-10T21:20:15.555152,1,912,0.3223326085427321,1.013490324081353e-16,0.32233260854273194,0.3223326085427324,185.6635825206137,576
2026-02-10T21:20:15.569745,1,913,0.3221462711214617,7.850462293418876e-17,0.32214627112146155,0.3221462711214619,185.55625216596195,576
2026-02-10T21:20:15.584398,1,914,0.3219654393954773,1.3018518929051675e-16,0.32196543939547706,0.3219654393954775,185.45209309179492,576
2026-02-10T21:20:15.599036,1,915,0.321790469687605,1.3597399555105182e-16,0.3217904696876047,0.3217904696876054,185.35131054006047,576
2026-02-10T21:20:15.613637,1,916,0.321621554936823,9.064933036736789e-17,0.32162155493682276,0.3216215549368231,185.25401564361005,576
2026-02-10T21:20:15.628526,1,917,0.3214587232801799,9.34391909990421e-17,0.32145872328017966,0.3214587232801801,185.16022460938362,576
2026-02-10T21:20:15.643109,1,918,0.32130184812176665,9.064933036736789e-17,0.32130184812176643,0.3213018481217669,185.0698645181376,576
2026-02-10T21:20:15.657835,1,919,0.3211506677326434,1.2412670766236366e-16,0.3211506677326431,0.32115066773264356,184.98278461400258,576
2026-02-10T21:20:15.672581,1,920,0.3210048117168445,1.1331166295920987e-16,0.32100481171684414,0.3210048117168446,184.8987715489024,576
2026-02-10T21:20:15.687341,1,921,0.3208638317916049,1.537034178252068e-16,0.3208638317916047,0.32086383179160516,184.81756711196442,576
2026-02-10T21:20:15.702765,1,922,0.32072723328361696,1.2412670766236366e-16,0.32072723328361674,0.3207272332836172,184.73888637136338,576
2026-02-10T21:20:15.717542,1,923,0.3205945060717692,1.2412670766236366e-16,0.3205945060717691,0.3205945060717694,184.66243549733906,576
2026-02-10T21:20:15.732331,1,924,0.3204651524299558,1.3214297116801536e-16,0.32046515242995555,0.320465152429956,184.58792779965455,576
2026-02-10T21:20:15.747111,1,925,0.32033871160023675,9.34391909990421e-17,0.32033871160023664,0.32033871160023686,184.51509788173635,576
2026-02-10T21:20:15.761811,1,926,0.3202147799420568,9.34391909990421e-17,0.3202147799420567,0.32021477994205694,184.44371324662472,576
2026-02-10T21:20:15.776355,1,927,0.320093026901189,8.777083671441753e-17,0.3200930269011889,0.32009302690118924,184.3735834950849,576
2026-02-10T21:20:15.791043,1,928,0.31997320667184564,1.3597399555105182e-16,0.3199732066718455,0.3199732066718459,184.30456704298308,576
2026-02-10T21:20:15.805696,1,929,0.3198551650495832,1.2412670766236366e-16,0.319855165049583,0.31985516504958333,184.23657506855994,576
2026-02-10T21:20:15.820337,1,930,0.3197388412761312,1.1102230246251565e-16,0.31973884127613095,0.3197388412761314,184.16957257505157,576
2026-02-10T21:20:15.835433,1,931,0.3196242645961958,1.5032490816276445e-16,0.31962426459619564,0.319624264596196,184.10357640740878,576
2026-02-10T21:20:15.850220,1,932,0.31951154532230014,1.013490324081353e-16,0.3195115453223001,0.3195115453223003,184.03865010564488,576
2026-02-10T21:20:15.864812,1,933,0.3194008602256749,9.064933036736789e-17,0.3194008602256747,0.31940086022567504,183.97489548998874,576
2026-02-10T21:20:15.879571,1,934,0.31929243389793427,1.2204039592116465e-16,0.31929243389793416,0.3192924338979345,183.91244192521015,576
2026-02-10T21:20:15.894127,1,935,0.31918651628341776,1.586363281428938e-16,0.31918651628341765,0.3191865162834181,183.85143337924865,576
2026-02-10T21:20:15.908428,1,936,0.31908335921694725,1.013490324081353e-16,0.31908335921694697,0.3190833592169474,183.79201490896162,576
2026-02-10T21:20:15.922943,1,937,0.31898319384790536,9.614813431917819e-17,0.3189831938479053,0.3189831938479055,183.7343196563935,576
2026-02-10T21:20:15.937317,1,938,0.31888621104899556,1.0629576194313574e-16,0.3188862110489954,0.31888621104899584,183.67845756422145,576
2026-02-10T21:20:15.951917,1,939,0.31879254778191246,8.777083671441753e-17,0.31879254778191235,0.3187925477819128,183.62450752238158,576
2026-02-10T21:20:15.966367,1,940,0.318702279926788,1.0385185452638061e-16,0.3187022799267879,0.31870227992678823,183.5725132378299,576
2026-02-10T21:20:15.981029,1,941,0.31861542286145755,1.5032490816276445e-16,0.3186154228614574,0.31861542286145783,183.52248356819956,576
2026-02-10T21:20:15.995722,1,942,0.3185319395349043,8.479468414379336e-17,0.3185319395349042,0.31853193953490444,183.47439717210486,576
2026-02-10T21:20:16.010307,1,943,0.31845175482753263,1.3018518929051675e-16,0.3184517548275324,0.31845175482753285,183.4282107806588,576
2026-02-10T21:20:16.024800,1,944,0.31837477414495324,7.166458808248763e-17,0.3183747741449532,0.3183747741449534,183.38386990749308,576
2026-02-10T21:20:16.039537,1,945,0.3183009036834916,1.3970000036909087e-16,0.3183009036834914,0.31830090368349184,183.34132052169116,576
2026-02-10T21:20:16.054185,1,946,0.3182300701346291,1.415262216750919e-16,0.3182300701346289,0.31823007013462923,183.30052039754636,576
2026-02-10T21:20:16.068579,1,947,0.3181622362274556,1.199177923332954e-16,0.31816223622745543,0.3181622362274559,183.2614480670144,576
2026-02-10T21:20:16.083112,1,948,0.318097411090382,9.614813431917819e-17,0.3180974110903817,0.31809741109038214,183.22410878806002,576
2026-02-10T21:20:16.097611,1,949,0.31803565327069205,1.013490324081353e-16,0.31803565327069183,0.3180356532706923,183.18853628391864,576
2026-02-10T21:20:16.112191,1,950,0.317977065944346,9.614813431917819e-17,0.3179770659443457,0.31797706594434616,183.1547899839433,576
2026-02-10T21:20:16.126716,1,951,0.3179217853353271,1.3018518929051675e-16,0.3179217853353269,0.31792178533532733,183.12294835314842,576
2026-02-10T21:20:16.141301,1,952,0.3178699631318994,1.4686870114880517e-16,0.3178699631318992,0.31786996313189964,183.09309876397407,576
2026-02-10T21:20:16.156044,1,953,0.31782174498169946,1.1775693440128312e-16,0.31782174498169924,0.3178217449816997,183.06532510945888,576
2026-02-10T21:20:16.170754,1,954,0.3177772481342104,5.551115123125783e-17,0.31777724813421027,0.3177772481342104,183.03969492530518,576
2026-02-10T21:20:16.185720,1,955,0.317736540149864,6.409875621278546e-17,0.31773654014986397,0.3177365401498642,183.01624712632167,576
2026-02-10T21:20:16.201032,1,956,0.3176996217771007,1.1555567610933196e-16,0.3176996217771004,0.31769962177710087,182.99498214361,576
2026-02-10T21:20:16.216416,1,957,0.31766641566036874,7.850462293418876e-17,0.3176664156603686,0.3176664156603688,182.9758554203724,576
2026-02-10T21:20:16.231816,1,958,0.3176367625861624,1.0629576194313574e-16,0.317636762586162,0.31763676258616247,182.95877524962955,576
2026-02-10T21:20:16.247219,1,959,0.317610425719566,9.34391909990421e-17,0.31761042571956566,0.3176104257195661,182.94360521447,576
2026-02-10T21:20:16.262455,1,960,0.31758710263176826,1.6498427161603295e-16,0.31758710263176804,0.3175871026317685,182.93017111589853,576
2026-02-10T21:20:16.277355,1,961,0.3175664441269418,1.013490324081353e-16,0.3175664441269417,0.317566444126942,182.91827181711847,576
2026-02-10T21:20:16.292544,1,962,0.3175480780965611,1.3597399555105182e-16,0.3175480780965607,0.31754807809656127,182.9076929836192,576
2026-02-10T21:20:16.307293,1,963,0.31753163584124355,1.415262216750919e-16,0.31753163584124333,0.3175316358412438,182.89822224455628,576
2026-02-10T21:20:16.322037,1,964,0.3175167790840858,1.0868472903575298e-16,0.3175167790840854,0.31751677908408593,182.88966475243342,576
2026-02-10T21:20:16.336870,1,965,0.31750322435643064,9.878281759274735e-17,0.3175032243564305,0.31750322435643075,182.88185722930405,576
2026-02-10T21:20:16.351573,1,966,0.31749076300123164,1.2412670766236366e-16,0.31749076300123125,0.3174907630012317,182.87467948870943,576
2026-02-10T21:20:16.366328,1,967,0.31747927476534615,1.634204043630099e-16,0.31747927476534565,0.3174792747653463,182.86806226483938,576
2026-02-10T21:20:16.381201,1,968,0.3174687338194596,1.2617852778345905e-16,0.3174687338194594,0.3174687338194597,182.86199068000874,576
2026-02-10T21:20:16.396032,1,969,0.31745920654790805,9.614813431917819e-17,0.3174592065479078,0.31745920654790827,182.85650297159503,576
2026-02-10T21:20:16.410626,1,970,0.3174508413640346,1.2819751242557092e-16,0.31745084136403423,0.3174508413640348,182.85168462568393,576
2026-02-10T21:20:16.425557,1,971,0.31744385140556475,7.850462293418876e-17,0.31744385140556464,0.31744385140556497,182.8476584096053,576
2026-02-10T21:20:16.440480,1,972,0.3174384917122835,1.2412670766236366e-16,0.3174384917122831,0.3174384917122838,182.8445712262753,576
2026-02-10T21:20:16.455473,1,973,0.317435032442224,1.2819751242557092e-16,0.3174350324422237,0.31743503244222415,182.84257868672103,576
2026-02-10T21:20:16.470336,1,974,0.3174337315083516,7.850462293418876e-17,0.3174337315083513,0.31743373150835164,182.8418293488105,576
2026-02-10T21:20:16.485190,1,975,0.3174348080188771,1.1102230246251565e-16,0.3174348080188768,0.31743480801887725,182.8424494188732,576
2026-02-10T21:20:16.499879,1,976,0.3174384201837033,6.409875621278546e-17,0.31743842018370316,0.3174384201837034,182.84453002581307,576
2026-02-10T21:20:16.514695,1,977,0.3174446491452411,1.2412670766236366e-16,0.31744464914524084,0.3174446491452413,182.8481179076589,576
2026-02-10T21:20:16.529727,1,978,0.31745349101588105,1.2819751242557092e-16,0.31745349101588094,0.3174534910158814,182.85321082514747,576
2026-02-10T21:20:16.544511,1,979,0.31746485771656263,1.0385185452638061e-16,0.3174648577165624,0.31746485771656285,182.8597580447401,576
2026-02-10T21:20:16.559263,1,980,0.3174785871098657,7.166458808248763e-17,0.31747858710986554,0.31747858710986576,182.86766617528264,576
2026-02-10T21:20:16.574045,1,981,0.3174944608809722,1.3784958753881249e-16,0.3174944608809721,0.31749446088097244,182.87680946744,576
2026-02-10T21:20:16.589196,1,982,0.3175122289828107,1.013490324081353e-16,0.3175122289828106,0.31751222898281106,182.88704389409895,576
2026-02-10T21:20:16.604049,1,983,0.3175316375878411,1.5536512468907993e-16,0.31753163758784086,0.3175316375878412,182.89822325059646,576
2026-02-10T21:20:16.618947,1,984,0.3175524575934758,1.199177923332954e-16,0.3175524575934756,0.31755245759347606,182.91021557384204,576
2026-02-10T21:20:16.633847,1,985,0.3175745106957002,1.537034178252068e-16,0.31757451069569986,0.3175745106957003,182.9229181607233,576
2026-02-10T21:20:16.649015,1,986,0.31759769004948546,9.064933036736789e-17,0.31759769004948535,0.31759769004948557,182.9362694685036,576
2026-02-10T21:20:16.663924,1,987,0.31762197374594464,9.064933036736789e-17,0.3176219737459445,0.3176219737459447,182.95025687766412,576
2026-02-10T21:20:16.678822,1,988,0.31764742948464886,8.171020218150495e-17,0.31764742948464875,0.3176474294846491,182.96491938315773,576
2026-02-10T21:20:16.693524,1,989,0.31767421054672557,1.013490324081353e-16,0.3176742105467253,0.31767421054672573,182.98034527491393,576
2026-02-10T21:20:16.708256,1,990,0.31770254396260433,1.2412670766236366e-16,0.3177025439626042,0.31770254396260456,182.9966653224601,576
2026-02-10T21:20:16.723283,1,991,0.3177327123831661,7.850462293418876e-17,0.3177327123831658,0.31773271238316614,183.01404233270367,576
2026-02-10T21:20:16.738160,1,992,0.3177650318569808,8.777083671441753e-17,0.3177650318569806,0.317765031856981,183.03265834962093,576
2026-02-10T21:20:16.752891,1,993,0.3177998274155237,9.34391909990421e-17,0.3177998274155235,0.3177998274155238,183.05270059134165,576
2026-02-10T21:20:16.767655,1,994,0.31783740966990526,1.3970000036909087e-16,0.31783740966990504,0.3178374096699055,183.0743479698654,576
2026-02-10T21:20:16.782268,1,995,0.3178780532694094,1.3214297116801536e-16,0.3178780532694091,0.31787805326940954,183.0977586831798,576
2026-02-10T21:20:16.796619,1,996,0.31792197904596364,7.166458808248763e-17,0.3179219790459634,0.31792197904596375,183.12305993047505,576
2026-02-10T21:20:16.811181,1,997,0.3179693407622386,1.1555567610933196e-16,0.3179693407622385,0.3179693407622388,183.15034027904943,576
2026-02-10T21:20:16.825655,1,998,0.31802021652771856,1.2819751242557092e-16,0.3180202165277184,0.31802021652771884,183.1796447199659,576
2026-02-10T21:20:16.840231,1,999,0.31807460507335145,1.0629576194313574e-16,0.31807460507335117,0.3180746050733516,183.21097252225044,576
2026-02-10T21:20:16.855065,1,1000,0.3181324265708345,1.0385185452638061e-16,0.3181324265708343,0.31813242657083474,183.24427770480068,576
2026-02-10T21:20:16.869585,1,1001,0.3181935271747782,1.1775693440128312e-16,0.3181935271747781,0.31819352717477845,183.27947165267224,576
2026-02-10T21:20:16.884236,1,1002,0.3182576873684155,1.1102230246251565e-16,0.3182576873684151,0.31825768736841553,183.31642792420732,576
2026-02-10T21:20:16.898672,1,1003,0.3183246336851903,7.166458808248763e-17,0.31832463368519015,0.3183246336851904,183.3549890026696,576
2026-02-10T21:20:16.928808,1,1004,0.31839405248941105,9.064933036736789e-17,0.3183940524894109,0.3183940524894111,183.39497423390077,576
2026-02-10T21:20:16.943643,1,1005,0.3184656066394933,1.1331166295920987e-16,0.3184656066394932,0.3184656066394935,183.43618942434813,576
2026-02-10T21:20:16.958381,1,1006,0.31853895305024615,1.1775693440128312e-16,0.31853895305024604,0.3185389530502464,183.47843695694178,576
2026-02-10T21:20:16.973181,1,1007,0.3186137609735248,9.064933036736789e-17,0.31861376097352456,0.3186137609735249,183.52152632075027,576
2026-02-10T21:20:16.987989,1,1008,0.31868972958396913,7.850462293418876e-17,0.318689729583969,0.31868972958396924,183.56528424036622,576
2026-02-10T21:20:17.002771,1,1009,0.3187666029815664,1.2412670766236366e-16,0.3187666029815662,0.31876660298156656,183.60956331738225,576
2026-02-10T21:20:17.018630,1,1010,0.3188441819565887,1.3018518929051675e-16,0.3188441819565885,0.3188441819565889,183.6542488069951,576
2026-02-10T21:20:17.033785,1,1011,0.3189223304257576,1.1555567610933196e-16,0.31892233042575746,0.3189223304257578,183.6992623252364,576
2026-02-10T21:20:17.049064,1,1012,0.31900097614488215,1.3970000036909087e-16,0.31900097614488176,0.3190009761448823,183.74456225945212,576
2026-02-10T21:20:17.064407,1,1013,0.31908010579008805,9.064933036736789e-17,0.31908010579008794,0.3190801057900884,183.79014093509073,576
2026-02-10T21:20:17.079699,1,1014,0.31915975481443937,1.0629576194313574e-16,0.31915975481443903,0.3191597548144395,183.83601877311708,576
2026-02-10T21:20:17.094844,1,1015,0.319239994129756,8.171020218150495e-17,0.3192399941297558,0.3192399941297561,183.88223661873946,576
2026-02-10T21:20:17.110314,1,1016,0.3193209151480532,1.1555567610933196e-16,0.31932091514805283,0.3193209151480535,183.92884712527865,576
2026-02-10T21:20:17.125319,1,1017,0.3194026166098374,7.850462293418876e-17,0.31940261660983726,0.3194026166098376,183.9759071672663,576
2026-02-10T21:20:17.140110,1,1018,0.3194851940990633,1.4686870114880517e-16,0.31948519409906306,0.3194851940990634,184.02347180106045,576
2026-02-10T21:20:17.154909,1,1019,0.3195687349446919,7.850462293418876e-17,0.31956873494469173,0.31956873494469196,184.07159132814255,576
2026-02-10T21:20:17.169616,1,1020,0.3196533182342968,9.614813431917819e-17,0.31965331823429655,0.3196533182342969,184.12031130295497,576
2026-02-10T21:20:17.184188,1,1021,0.31973901960326667,1.5032490816276445e-16,0.31973901960326634,0.3197390196032669,184.1696752914816,576
2026-02-10T21:20:17.198888,1,1022,0.3198259194478794,9.878281759274735e-17,0.3198259194478792,0.3198259194478795,184.21972960197854,576
2026-02-10T21:20:17.213469,1,1023,0.3199141121406992,8.479468414379336e-17,0.3199141121406991,0.3199141121406993,184.27052859304274,576
2026-02-10T21:20:17.228340,1,1024,0.3200037140454676,7.850462293418876e-17,0.32000371404546746,0.3200037140454678,184.32213929018934,576
2026-02-10T21:20:17.243012,1,1025,0.3200948678250897,1.3214297116801536e-16,0.32009486782508956,0.3200948678250899,184.37464386725168,576
2026-02-10T21:20:17.257833,1,1026,0.32018774168331365,7.166458808248763e-17,0.32018774168331354,0.32018774168331376,184.42813920958866,576
2026-02-10T21:20:17.272580,1,1027,0.3202825228163808,1.0385185452638061e-16,0.3202825228163805,0.3202825228163809,184.48273314223536,576
2026-02-10T21:20:17.287341,1,1028,0.3203794050630764,7.516245408138222e-17,0.3203794050630764,0.3203794050630765,184.538537316332,576
2026-02-10T21:20:17.302160,1,1029,0.32047857204085856,1.013490324081353e-16,0.3204785720408584,0.3204785720408587,184.59565749553454,576
2026-02-10T21:20:17.317003,1,1030,0.32058017796406,1.1102230246251565e-16,0.3205801779640599,0.32058017796406013,184.65418250729857,576
2026-02-10T21:20:17.331950,1,1031,0.3206843276720617,6.409875621278546e-17,0.32068432767206156,0.3206843276720618,184.71417273910754,576
2026-02-10T21:20:17.346929,1,1032,0.32079105919431417,8.479468414379336e-17,0.32079105919431405,0.3207910591943144,184.77565009592496,576
2026-02-10T21:20:17.361740,1,1033,0.32090033040780014,1.1102230246251565e-16,0.32090033040779986,0.3209003304078003,184.83859031489288,576
2026-02-10T21:20:17.376443,1,1034,0.32101201231771515,1.013490324081353e-16,0.32101201231771503,0.32101201231771537,184.9029190950039,576
2026-02-10T21:20:17.391232,1,1035,0.32112588933905584,9.064933036736789e-17,0.3211258893390557,0.32112588933905595,184.96851225929615,576
2026-02-10T21:20:17.405953,1,1036,0.3212416682750379,1.537034178252068e-16,0.32124166827503775,0.3212416682750382,185.03520092642185,576
2026-02-10T21:20:17.420744,1,1037,0.3213589947963658,8.479468414379336e-17,0.32135899479636576,0.321358994796366,185.1027810027067,576
2026-02-10T21:20:17.435250,1,1038,0.32147747702206114,7.166458808248763e-17,0.3214774770220611,0.3214774770220613,185.17102676470722,576
2026-02-10T21:20:17.450213,1,1039,0.3215967146113209,1.013490324081353e-16,0.3215967146113208,0.3215967146113211,185.23970761612082,576
2026-02-10T21:20:17.465013,1,1040,0.3217163309191807,1.1331166295920987e-16,0.3217163309191805,0.32171633091918084,185.3086066094481,576
2026-02-10T21:20:17.479726,1,1041,0.32183600500816034,1.1775693440128312e-16,0.3218360050081601,0.32183600500816056,185.37753888470036,576
2026-02-10T21:20:17.494627,1,1042,0.3219555019211935,1.0629576194313574e-16,0.32195550192119327,0.3219555019211937,185.44636910660745,576
2026-02-10T21:20:17.509361,1,1043,0.322074696934832,1.4686870114880517e-16,0.3220746969348317,0.32207469693483215,185.5150254344632,576
2026-02-10T21:20:17.524062,1,1044,0.32219359173244505,1.3597399555105182e-16,0.3221935917324449,0.3221935917324452,185.58350883788836,576
2026-02-10T21:20:17.538826,1,1045,0.3223123210210734,7.166458808248763e-17,0.3223123210210732,0.32231232102107343,185.65189690813827,576
2026-02-10T21:20:17.553649,1,1046,0.3224311477367679,1.2819751242557092e-16,0.32243114773676773,0.32243114773676806,185.72034109637832,576
2026-02-10T21:20:17.568415,1,1047,0.322550447790265,5.99588961666477e-17,0.32255044779026487,0.3225504477902651,185.78905792719263,576
2026-02-10T21:20:17.583094,1,1048,0.3226706848659544,6.798699777552591e-17,0.3226706848659543,0.3226706848659545,185.85831448278972,576
2026-02-10T21:20:17.597926,1,1049,0.3227923780491109,9.878281759274735e-17,0.32279237804911065,0.3227923780491111,185.92840975628786,576
2026-02-10T21:20:17.612892,1,1050,0.32291606544611096,1.2412670766236366e-16,0.32291606544611073,0.3229160654461112,185.9996536969599,576
2026-02-10T21:20:17.627562,1,1051,0.32304226671939407,5.99588961666477e-17,0.32304226671939396,0.3230422667193942,186.072345630371,576
2026-02-10T21:20:17.642615,1,1052,0.3231714488305441,1.2412670766236366e-16,0.32317144883054394,0.3231714488305444,186.1467545263934,576
2026-02-10T21:20:17.657306,1,1053,0.32330399767477647,9.614813431917819e-17,0.32330399767477624,0.3233039976747767,186.22310266067123,576
2026-02-10T21:20:17.672354,1,1054,0.3234401977485851,7.166458808248763e-17,0.323440197748585,0.32344019774858523,186.30155390318504,576
2026-02-10T21:20:17.687107,1,1055,0.32358022172010575,7.166458808248763e-17,0.3235802217201057,0.3235802217201059,186.3822077107809,576
2026-02-10T21:20:17.701927,1,1056,0.3237241293186625,7.850462293418876e-17,0.32372412931866235,0.3237241293186627,186.4650984875496,576
2026-02-10T21:20:17.716762,1,1057,0.3238718750939232,1.199177923332954e-16,0.323871875093923,0.32387187509392346,186.55020005409975,576
2026-02-10T21:20:17.731500,1,1058,0.32402332360171765,1.5032490816276445e-16,0.3240233236017174,0.3240233236017179,186.63743439458938,576
2026-02-10T21:20:17.746295,1,1059,0.32417826977606523,1.1331166295920987e-16,0.324178269776065,0.32417826977606534,186.72668339101358,576
2026-02-10T21:20:17.761297,1,1060,0.3243364620924083,8.479468414379336e-17,0.3243364620924081,0.3243364620924085,186.8178021652272,576
2026-02-10T21:20:17.775893,1,1061,0.324497626709574,1.013490324081353e-16,0.3244976267095738,0.32449762670957416,186.91063298471462,576
2026-02-10T21:20:17.790762,1,1062,0.3246614905144766,7.850462293418876e-17,0.32466149051447635,0.3246614905144767,187.00501853633853,576
2026-02-10T21:20:17.805506,1,1063,0.3248278014043868,1.1555567610933196e-16,0.3248278014043865,0.32482780140438694,187.10081360892679,576
2026-02-10T21:20:17.820069,1,1064,0.3249963448660336,8.479468414379336e-17,0.32499634486603346,0.3249963448660337,187.19789464283537,576
2026-02-10T21:20:17.834665,1,1065,0.3251669558432329,1.1102230246251565e-16,0.3251669558432325,0.32516695584323296,187.29616656570215,576
2026-02-10T21:20:17.849405,1,1066,0.32533952536686134,1.199177923332954e-16,0.32533952536686117,0.3253395253668615,187.39556661131212,576
2026-02-10T21:20:17.864019,1,1067,0.32551400216293114,8.171020218150495e-17,0.325514002162931,0.32551400216293125,187.49606524584834,576
2026-02-10T21:20:17.878702,1,1068,0.3256903891993784,1.3597399555105182e-16,0.3256903891993782,0.32569038919937865,187.59766417884197,576
2026-02-10T21:20:17.893586,1,1069,0.32586873560636775,1.0868472903575298e-16,0.3258687356063674,0.32586873560636787,187.70039170926782,576
2026-02-10T21:20:17.908428,1,1070,0.32604912547098447,1.0629576194313574e-16,0.3260491254709842,0.32604912547098464,187.80429627128706,576
2026-02-10T21:20:17.923210,1,1071,0.32623166422342087,1.3018518929051675e-16,0.32623166422342065,0.326231664223421,187.90943859269044,576
2026-02-10T21:20:17.938161,1,1072,0.32641646372879274,1.013490324081353e-16,0.3264164637287925,0.32641646372879296,188.01588310778462,576
2026-02-10T21:20:17.953171,1,1073,0.32660362832504664,7.850462293418876e-17,0.3266036283250465,0.32660362832504686,188.12368991522686,576
2026-02-10T21:20:17.967997,1,1074,0.3267932420381372,5.99588961666477e-17,0.3267932420381371,0.3267932420381373,188.23290741396704,576
2026-02-10T21:20:17.982683,1,1075,0.3269853583620093,1.1102230246251565e-16,0.32698535836200904,0.3269853583620095,188.34356641651738,576
2026-02-10T21:20:17.997515,1,1076,0.32717999333273173,1.1775693440128312e-16,0.3271799933327316,0.32717999333273196,188.45567615965348,576
2026-02-10T21:20:18.012307,1,1077,0.3273771216625586,1.1775693440128312e-16,0.3273771216625585,0.32737712166255883,188.56922207763375,576
2026-02-10T21:20:18.027006,1,1078,0.3275766759389837,9.614813431917819e-17,0.32757667593898365,0.327576675938984,188.6841653408546,576
2026-02-10T21:20:18.041816,1,1079,0.3277785481590423,1.3214297116801536e-16,0.32777854815904217,0.3277785481590425,188.80044373960837,576
2026-02-10T21:20:18.056595,1,1080,0.3279825929186691,1.3970000036909087e-16,0.32798259291866894,0.3279825929186694,188.9179735211534,576
2026-02-10T21:20:18.071160,1,1081,0.32818863154711003,6.409875621278546e-17,0.32818863154711,0.3281886315471102,189.03665177113538,576
2026-02-10T21:20:18.085898,1,1082,0.32839645645084325,1.1775693440128312e-16,0.32839645645084303,0.3283964564508436,189.1563589156857,576
2026-02-10T21:20:18.100694,1,1083,0.32860583493537465,7.166458808248763e-17,0.32860583493537465,0.32860583493537476,189.2769609227758,576
2026-02-10T21:20:18.115334,1,1084,0.32881651301510356,7.166458808248763e-17,0.3288165130151034,0.32881651301510373,189.39831149669965,576
2026-02-10T21:20:18.130164,1,1085,0.32902821833720275,1.2412670766236366e-16,0.32902821833720264,0.32902821833720297,189.52025376222878,576
2026-02-10T21:20:18.144981,1,1086,0.32924066351609343,1.013490324081353e-16,0.32924066351609316,0.3292406635160936,189.64262218526983,576
2026-02-10T21:20:18.159748,1,1087,0.3294535497086988,7.166458808248763e-17,0.32945354970869867,0.329453549708699,189.7652446322105,576
2026-02-10T21:20:18.174421,1,1088,0.3296665711248897,1.2412670766236366e-16,0.3296665711248895,0.32966657112488984,189.88794496793645,576
2026-02-10T21:20:18.189248,1,1089,0.3298794208288371,9.614813431917819e-17,0.3298794208288369,0.32987942082883714,190.01054639741017,576
2026-02-10T21:20:18.203985,1,1090,0.3300917983642012,8.777083671441753e-17,0.3300917983642009,0.3300917983642012,190.1328758577799,576
2026-02-10T21:20:18.218781,1,1091,0.3303034189363063,1.3018518929051675e-16,0.3303034189363061,0.33030341893630655,190.25476930731244,576
2026-02-10T21:20:18.233895,1,1092,0.3305140237295551,1.3970000036909087e-16,0.33051402372955474,0.3305140237295552,190.37607766822373,576
2026-02-10T21:20:18.248758,1,1093,0.3307233916982819,6.798699777552591e-17,0.3307233916982818,0.330723391698282,190.49667361821037,576
2026-02-10T21:20:18.263582,1,1094,0.3309313513884582,1.4686870114880517e-16,0.330931351388458,0.3309313513884584,190.61645839975193,576
2026-02-10T21:20:18.278357,1,1095,0.33113779220579276,1.3214297116801536e-16,0.33113779220579254,0.3311377922057931,190.73536831053661,576
2026-02-10T21:20:18.293106,1,1096,0.33134267446516097,9.34391909990421e-17,0.33134267446516086,0.3313426744651612,190.8533804919327,576
2026-02-10T21:20:18.307946,1,1097,0.33154603718323755,1.5700924586837752e-16,0.3315460371832374,0.33154603718323783,190.97051741754484,576
2026-02-10T21:20:18.322675,1,1098,0.3317480024858288,1.2819751242557092e-16,0.3317480024858287,0.33174800248582914,191.0868494318374,576
2026-02-10T21:20:18.338059,1,1099,0.3319487762479292,1.2412670766236366e-16,0.33194877624792896,0.3319487762479294,191.2024951188072,576
2026-02-10T21:20:18.353753,1,1100,0.33214864408928185,1.3597399555105182e-16,0.3321486440892818,0.33214864408928213,191.31761899542636,576
2026-02-10T21:20:18.369533,1,1101,0.33234796244302817,1.3970000036909087e-16,0.3323479624430279,0.33234796244302833,191.43242636718423,576
2026-02-10T21:20:18.385736,1,1102,0.33254714496879845,1.3407216768447582e-16,0.3325471449687981,0.33254714496879856,191.5471555020279,576
2026-02-10T21:20:18.401062,1,1103,0.3327466442983735,1.199177923332954e-16,0.3327466442983732,0.33274664429837364,191.66206711586312,576
2026-02-10T21:20:18.416240,1,1104,0.3329469304889756,1.199177923332954e-16,0.3329469304889755,0.33294693048897595,191.77743196164997,576
2026-02-10T21:20:18.431573,1,1105,0.3331484667717855,1.2819751242557092e-16,0.33314846677178533,0.3331484667717858,191.89351686054846,576
2026-02-10T21:20:18.447351,1,1106,0.3333516848220694,1.4686870114880517e-16,0.3333516848220691,0.33335168482206956,192.01057045751196,576
2026-02-10T21:20:18.462536,1,1107,0.33355696098448906,1.3784958753881249e-16,0.3335569609844887,0.3335569609844893,192.1288095270657,576
2026-02-10T21:20:18.477634,1,1108,0.3337645957293873,1.6184142622847344e-16,0.3337645957293871,0.33376459572938755,192.24840714012709,576
2026-02-10T21:20:18.492614,1,1109,0.33397479732564567,1.3597399555105182e-16,0.3339747973256455,0.33397479732564594,192.3694832595719,576
2026-02-10T21:20:18.507525,1,1110,0.3341876717729779,1.5536512468907993e-16,0.3341876717729777,0.33418767177297826,192.4920989412353,576
2026-02-10T21:20:18.522529,1,1111,0.33440321967446796,1.3597399555105182e-16,0.33440321967446773,0.3344032196744682,192.61625453249354,576
2026-02-10T21:20:18.537523,1,1112,0.3346213401425828,1.2617852778345905e-16,0.3346213401425826,0.33462134014258305,192.7418919221277,576
2026-02-10T21:20:18.552396,1,1113,0.3348418414152424,1.013490324081353e-16,0.3348418414152421,0.33484184141524265,192.86890065517963,576
2026-02-10T21:20:18.567227,1,1114,0.335064457284096,1.3597399555105182e-16,0.33506445728409584,0.3350644572840962,192.9971273956393,576
2026-02-10T21:20:18.582137,1,1115,0.335288867666836,1.0629576194313574e-16,0.33528886766683585,0.3352888676668361,193.12638777609754,576
2026-02-10T21:20:18.596979,1,1116,0.3355147216153218,1.5032490816276445e-16,0.3355147216153216,0.33551472161532214,193.25647965042538,576
2026-02-10T21:20:18.611916,1,1117,0.3357416606233813,1.0385185452638061e-16,0.33574166062338107,0.3357416606233816,193.38719651906763,576
2026-02-10T21:20:18.626816,1,1118,0.335969340566663,1.5032490816276445e-16,0.3359693405666627,0.33596934056666317,193.51834016639788,576
2026-02-10T21:20:18.641765,1,1119,0.33619745058673733,1.1102230246251565e-16,0.3361974505867372,0.33619745058673756,193.6497315379607,576
2026-02-10T21:20:18.656691,1,1120,0.33642572764379597,1.3970000036909087e-16,0.33642572764379564,0.3364257276437963,193.78121912282649,576
2026-02-10T21:20:18.671400,1,1121,0.3366539659831969,1.5032490816276445e-16,0.33665396598319675,0.3366539659831972,193.91268440632143,576
2026-02-10T21:20:18.686374,1,1122,0.336882021522774,8.479468414379336e-17,0.3368820215227739,0.33688202152277436,194.04404439711783,576
2026-02-10T21:20:18.701124,1,1123,0.3371098112509241,1.415262216750919e-16,0.3371098112509239,0.3371098112509243,194.17525128053228,576
2026-02-10T21:20:18.715803,1,1124,0.3373373077912037,1.4332917616497527e-16,0.3373373077912035,0.33733730779120397,194.30628928773334,576
2026-02-10T21:20:18.730500,1,1125,0.3375645310430803,1.3214297116801536e-16,0.33756453104308015,0.3375645310430805,194.43716988081425,576
2026-02-10T21:20:18.745401,1,1126,0.33779153719148575,1.2412670766236366e-16,0.33779153719148547,0.3377915371914859,194.5679254222958,576
2026-02-10T21:20:18.760346,1,1127,0.33801840668603017,1.3970000036909087e-16,0.33801840668603,0.33801840668603034,194.69860225115337,576
2026-02-10T21:20:18.775304,1,1128,0.33824523224869274,1.2819751242557092e-16,0.3382452322486925,0.33824523224869285,194.82925377524703,576
2026-02-10T21:20:18.790469,1,1129,0.3384721083288969,9.064933036736789e-17,0.33847210832889674,0.33847210832889707,194.9599343974446,576
2026-02-10T21:20:18.805230,1,1130,0.338699123033716,1.1555567610933196e-16,0.33869912303371574,0.3386991230337163,195.09069486742044,576
2026-02-10T21:20:18.820181,1,1131,0.3389263527291523,1.4686870114880517e-16,0.33892635272915206,0.3389263527291525,195.22157917199172,576
2026-02-10T21:20:18.835446,1,1132,0.3391538604666433,1.5202354861220294e-16,0.3391538604666432,0.33915386046664364,195.35262362878655,576
2026-02-10T21:20:18.850145,1,1133,0.3393816978316877,1.415262216750919e-16,0.3393816978316875,0.3393816978316878,195.4838579510521,576
2026-02-10T21:20:18.864948,1,1134,0.3396099100410723,1.2617852778345905e-16,0.3396099100410721,0.33960991004107255,195.61530818365765,576
2026-02-10T21:20:18.879634,1,1135,0.3398385433997925,8.479468414379336e-17,0.33983854339979247,0.3398385433997927,195.7470009982805,576
2026-02-10T21:20:18.897811,1,1136,0.34006765445020964,1.1555567610933196e-16,0.34006765445020937,0.3400676544502098,195.87896896332074,576
2026-02-10T21:20:18.912459,1,1137,0.34029731942164415,1.1555567610933196e-16,0.3402973194216439,0.3402973194216443,196.01125598686704,576
2026-02-10T21:20:18.927452,1,1138,0.340527642775281,9.34391909990421e-17,0.3405276427752807,0.34052764277528114,196.14392223856186,576
2026-02-10T21:20:18.944212,1,1139,0.34075876368345703,1.3970000036909087e-16,0.3407587636834567,0.34075876368345714,196.27704788167125,576
2026-02-10T21:20:18.960632,1,1140,0.3409908594918129,9.614813431917819e-17,0.34099085949181274,0.3409908594918132,196.41073506728424,576
2026-02-10T21:20:18.976159,1,1141,0.3412241456903752,1.3407216768447582e-16,0.34122414569037496,0.3412241456903754,196.5451079176561,576
2026-02-10T21:20:18.993262,1,1142,0.3414588715462436,1.1102230246251565e-16,0.3414588715462433,0.34145887154624377,196.6803100106363,576
2026-02-10T21:20:19.010578,1,1143,0.3416953125586277,1.537034178252068e-16,0.3416953125586272,0.34169531255862795,196.81650003376953,576
2026-02-10T21:20:19.025710,1,1144,0.3419337590183181,8.479468414379336e-17,0.3419337590183179,0.34193375901831824,196.9538451945512,576
2026-02-10T21:20:19.040443,1,1145,0.34217450278021944,1.1775693440128312e-16,0.342174502780219,0.34217450278021955,197.09251360140638,576
2026-02-10T21:20:19.055374,1,1146,0.34241782254043535,1.2412670766236366e-16,0.3424178225404352,0.34241782254043573,197.23266578329077,576
2026-02-10T21:20:19.070259,1,1147,0.34266396925244336,1.5032490816276445e-16,0.342663969252443,0.3426639692524436,197.37444628940736,576
2026-02-10T21:20:19.086727,1,1148,0.34291315281366586,1.0629576194313574e-16,0.3429131528136655,0.34291315281366597,197.51797602067154,576
2026-02-10T21:20:19.101545,1,1149,0.3431655312877464,9.878281759274735e-17,0.3431655312877462,0.34316553128774674,197.66334602174194,576
2026-02-10T21:20:19.116778,1,1150,0.34342120340451615,1.6958936828758672e-16,0.34342120340451565,0.3434212034045163,197.8106131610013,576
2026-02-10T21:20:19.132094,1,1151,0.3436802048644972,1.5700924586837752e-16,0.3436802048644969,0.34368020486449746,197.9597980019504,576
2026-02-10T21:20:19.147948,1,1152,0.3439425088324966,1.4686870114880517e-16,0.34394250883249633,0.3439425088324969,198.11088508751806,576
2026-02-10T21:20:19.163298,1,1153,0.34420803000215067,1.537034178252068e-16,0.34420803000215017,0.34420803000215083,198.26382528123878,576
2026-02-10T21:20:19.178539,1,1154,0.3444766316315668,1.2819751242557092e-16,0.3444766316315663,0.34447663163156694,198.41853981978247,576
2026-02-10T21:20:19.193808,1,1155,0.34474813509333135,1.2412670766236366e-16,0.34474813509333113,0.34474813509333146,198.57492581375885,576
2026-02-10T21:20:19.208828,1,1156,0.34502233018733847,1.013490324081353e-16,0.3450223301873381,0.34502233018733863,198.73286218790696,576
2026-02-10T21:20:19.224231,1,1157,0.3452989854841615,1.4510973109558773e-16,0.34529898548416105,0.3452989854841616,198.89221563887702,576
2026-02-10T21:20:19.239360,1,1158,0.34557785771223637,1.199177923332954e-16,0.34557785771223615,0.3455778577122366,199.05284604224815,576
2026-02-10T21:20:19.254309,1,1159,0.3458586991574346,8.479468414379336e-17,0.3458586991574344,0.34585869915743483,199.21461071468235,576
2026-02-10T21:20:19.269175,1,1160,0.3461412628907381,6.798699777552591e-17,0.346141262890738,0.3461412628907382,199.37736742506513,576
2026-02-10T21:20:19.284026,1,1161,0.3464253056754019,1.013490324081353e-16,0.34642530567540175,0.3464253056754022,199.5409760690315,576
2026-02-10T21:20:19.299123,1,1162,0.3467105885607076,9.878281759274735e-17,0.34671058856070736,0.3467105885607077,199.70529901096756,576
2026-02-10T21:20:19.313991,1,1163,0.34699687603111695,9.34391909990421e-17,0.34699687603111695,0.3469968760311172,199.87020059392336,576
2026-02-10T21:20:19.329044,1,1164,0.3472839344127739,1.2819751242557092e-16,0.3472839344127737,0.34728393441277405,200.03554622175776,576
2026-02-10T21:20:19.343916,1,1165,0.34757153004070346,1.5700924586837752e-16,0.3475715300407034,0.34757153004070374,200.2012013034452,576
2026-02-10T21:20:19.358730,1,1166,0.3478594283704608,8.777083671441753e-17,0.3478594283704607,0.347859428370461,200.3670307413854,576
2026-02-10T21:20:19.373645,1,1167,0.3481473944004012,7.166458808248763e-17,0.3481473944004011,0.34814739440040143,200.5328991746311,576
2026-02-10T21:20:19.388513,1,1168,0.34843519517613697,1.1775693440128312e-16,0.34843519517613675,0.3484351951761371,200.6986724214549,576
2026-02-10T21:20:19.403416,1,1169,0.3487226043042505,8.479468414379336e-17,0.3487226043042503,0.3487226043042507,200.8642200792483,576
2026-02-10T21:20:19.418329,1,1170,0.3490094086502797,6.409875621278546e-17,0.34900940865027963,0.34900940865027985,201.0294193825611,576
2026-02-10T21:20:19.433434,1,1171,0.34929541695150423,1.013490324081353e-16,0.349295416951504,0.34929541695150446,201.19416016406643,576
2026-02-10T21:20:19.448470,1,1172,0.3495804696263383,1.1555567610933196e-16,0.34958046962633804,0.3495804696263385,201.35835050477087,576
2026-02-10T21:20:19.463407,1,1173,0.3498644496040182,1.0385185452638061e-16,0.34986444960401797,0.3498644496040184,201.52192297191448,576
2026-02-10T21:20:19.478301,1,1174,0.35014729310461185,8.479468414379336e-17,0.3501472931046117,0.3501472931046121,201.68484082825643,576
2026-02-10T21:20:19.493411,1,1175,0.35042899953171247,1.0385185452638061e-16,0.35042899953171214,0.3504289995317127,201.84710373026638,576
2026-02-10T21:20:19.508319,1,1176,0.35070964006709143,1.4686870114880517e-16,0.35070964006709116,0.3507096400670916,202.00875267864467,576
2026-02-10T21:20:19.523101,1,1177,0.35098936381216617,1.3214297116801536e-16,0.35098936381216583,0.3509893638121663,202.1698735558077,576
2026-02-10T21:20:19.537930,1,1178,0.351268400981521,1.2819751242557092e-16,0.3512684009815208,0.35126840098152134,202.3305989653561,576
2026-02-10T21:20:19.552815,1,1179,0.35154706228074517,1.415262216750919e-16,0.35154706228074484,0.3515470622807454,202.4911078737092,576
2026-02-10T21:20:19.567715,1,1180,0.35182573481359886,1.634204043630099e-16,0.35182573481359836,0.35182573481359913,202.65162325263293,576
2026-02-10T21:20:19.582470,1,1181,0.3521048735128523,1.634204043630099e-16,0.352104873512852,0.3521048735128526,202.81240714340294,576
2026-02-10T21:20:19.597530,1,1182,0.35238498880909136,1.537034178252068e-16,0.35238498880909097,0.35238498880909164,202.97375355403662,576
2026-02-10T21:20:19.612567,1,1183,0.35266663107787183,1.3214297116801536e-16,0.35266663107787133,0.352666631077872,203.13597950085418,576
2026-02-10T21:20:19.627273,1,1184,0.3529503719642035,1.2819751242557092e-16,0.3529503719642032,0.35295037196420387,203.2994142513812,576
2026-02-10T21:20:19.642104,1,1185,0.35323678440941414,9.064933036736789e-17,0.35323678440941386,0.3532367844094142,203.46438781982255,576
2026-02-10T21:20:19.657192,1,1186,0.35352642178812804,1.3597399555105182e-16,0.35352642178812754,0.3535264217881282,203.63121894996175,576
2026-02-10T21:20:19.672075,1,1187,0.35381979766868177,1.0629576194313574e-16,0.35381979766868143,0.353819797668682,203.8002034571607,576
2026-02-10T21:20:19.686928,1,1188,0.3541173675517484,1.6958936828758672e-16,0.35411736755174794,0.3541173675517485,203.97160370980706,576
2026-02-10T21:20:19.701832,1,1189,0.35441951290308105,1.4510973109558773e-16,0.3544195129030807,0.35441951290308127,204.14563943217468,576
2026-02-10T21:20:19.716497,1,1190,0.354726528943214,1.3784958753881249e-16,0.35472652894321355,0.3547265289432142,204.32248067129126,576
2026-02-10T21:20:19.731462,1,1191,0.3550386158188419,1.6806835668167717e-16,0.35503861581884155,0.3550386158188422,204.50224271165294,576
2026-02-10T21:20:19.746616,1,1192,0.3553558740928623,1.3597399555105182e-16,0.35535587409286185,0.3553558740928624,204.6849834774887,576
2026-02-10T21:20:19.761659,1,1193,0.3556783033776959,1.2819751242557092e-16,0.35567830337769557,0.3556783033776961,204.87070274555285,576
2026-02-10T21:20:19.776291,1,1194,0.3560058048423895,1.2412670766236366e-16,0.3560058048423892,0.35600580484238975,205.05934358921633,576
2026-02-10T21:20:19.790991,1,1195,0.3563381857889142,1.2617852778345905e-16,0.35633818578891385,0.3563381857889144,205.25079501441456,576
2026-02-10T21:20:19.805689,1,1196,0.3566751670912385,8.479468414379336e-17,0.35667516709123825,0.3566751670912386,205.44489624455338,576
2026-02-10T21:20:19.820449,1,1197,0.3570163918873792,1.2819751242557092e-16,0.3570163918873789,0.35701639188737944,205.64144172713043,576
2026-02-10T21:20:19.835466,1,1198,0.3573614357131145,1.415262216750919e-16,0.3573614357131142,0.35736143571311474,205.84018697075396,576
2026-02-10T21:20:19.850241,1,1199,0.3577098175785044,1.2819751242557092e-16,0.35770981757850406,0.3577098175785045,206.04085492521853,576
2026-02-10T21:20:19.864912,1,1200,0.35806101189427086,1.0385185452638061e-16,0.35806101189427075,0.3580610118942711,206.2431428511,576
2026-02-10T21:20:19.879537,1,1201,0.35841446075400313,1.1555567610933196e-16,0.35841446075400285,0.3584144607540033,206.4467293943058,576
2026-02-10T21:20:19.894292,1,1202,0.3587695871926429,1.0629576194313574e-16,0.35876958719264274,0.3587695871926432,206.65128222296232,576
2026-02-10T21:20:19.908927,1,1203,0.35912580839271996,1.013490324081353e-16,0.3591258083927197,0.35912580839272,206.8564656342067,576
2026-02-10T21:20:19.923592,1,1204,0.3594825492668034,1.0629576194313574e-16,0.3594825492668031,0.35948254926680345,207.06194837767876,576
2026-02-10T21:20:19.938265,1,1205,0.3598392561442152,7.516245408138222e-17,0.3598392561442151,0.3598392561442153,207.26741153906795,576
2026-02-10T21:20:19.953054,1,1206,0.3601954097403989,8.479468414379336e-17,0.36019540974039876,0.360195409740399,207.47255601046976,576
2026-02-10T21:20:19.968002,1,1207,0.3605505378014584,1.1775693440128312e-16,0.3605505378014583,0.3605505378014586,207.67710977364004,576
2026-02-10T21:20:19.982909,1,1208,0.3609042263592382,9.064933036736789e-17,0.360904226359238,0.36090422635923824,207.8808343829212,576
2026-02-10T21:20:19.997901,1,1209,0.3612561295991921,1.013490324081353e-16,0.36125612959919196,0.3612561295991923,208.08353064913467,576
2026-02-10T21:20:20.012891,1,1210,0.3616059776471834,9.878281759274735e-17,0.36160597764718316,0.3616059776471835,208.28504312477762,576
2026-02-10T21:20:20.027739,1,1211,0.36195358228179036,8.479468414379336e-17,0.3619535822817902,0.36195358228179053,208.48526339431126,576
2026-02-10T21:20:20.042861,1,1212,0.3622988403208103,1.013490324081353e-16,0.36229884032081006,0.3622988403208104,208.68413202478672,576
2026-02-10T21:20:20.057866,1,1213,0.36264173389891724,1.2819751242557092e-16,0.36264173389891696,0.3626417338989174,208.88163872577633,576
2026-02-10T21:20:20.072727,1,1214,0.3629823287501176,9.34391909990421e-17,0.3629823287501175,0.3629823287501178,209.07782136006773,576
2026-02-10T21:20:20.087668,1,1215,0.3633207696070747,8.479468414379336e-17,0.3633207696070745,0.3633207696070748,209.27276329367504,576
2026-02-10T21:20:20.102523,1,1216,0.3636572731441264,9.614813431917819e-17,0.3636572731441261,0.36365727314412655,209.4665893310168,576
2026-02-10T21:20:20.117457,1,1217,0.36399211895672423,8.479468414379336e-17,0.3639921189567241,0.36399211895672434,209.65946051907315,576
2026-02-10T21:20:20.132321,1,1218,0.36432563821544867,1.013490324081353e-16,0.3643256382154484,0.36432563821544883,209.85156761209842,576
2026-02-10T21:20:20.147264,1,1219,0.364658201461784,9.064933036736789e-17,0.36465820146178385,0.3646582014617842,210.0431240419876,576
2026-02-10T21:20:20.162065,1,1220,0.3649902046792599,1.2412670766236366e-16,0.3649902046792596,0.36499020467926,210.2343578952537,576
2026-02-10T21:20:20.177449,1,1221,0.3653220548307648,1.013490324081353e-16,0.3653220548307645,0.36532205483076496,210.42550358252052,576
2026-02-10T21:20:20.192555,1,1222,0.3656541556118858,1.2412670766236366e-16,0.3656541556118854,0.36565415561188597,210.61679363244622,576
2026-02-10T21:20:20.207590,1,1223,0.3659868934857756,1.0629576194313574e-16,0.3659868934857754,0.36598689348577584,210.80845064780675,576
2026-02-10T21:20:20.222477,1,1224,0.3663206252121359,1.1102230246251565e-16,0.3663206252121356,0.36632062521213604,211.00068012219026,576
2026-02-10T21:20:20.237603,1,1225,0.36665566703827435,1.0629576194313574e-16,0.3666556670382741,0.36665566703827457,211.19366421404604,576
2026-02-10T21:20:20.252534,1,1226,0.3669922871231218,1.1775693440128312e-16,0.3669922871231215,0.36699228712312204,211.38755738291817,576
2026-02-10T21:20:20.267457,1,1227,0.3673307006335208,1.415262216750919e-16,0.36733070063352036,0.36733070063352113,211.582483564908,576
2026-02-10T21:20:20.282405,1,1228,0.3676710688696828,1.1555567610933196e-16,0.36767106886968237,0.3676710688696829,211.7785356689373,576
2026-02-10T21:20:20.297449,1,1229,0.3680135017292575,9.878281759274735e-17,0.3680135017292572,0.3680135017292576,211.97577699605233,576
2026-02-10T21:20:20.312521,1,1230,0.368358063481927,9.878281759274735e-17,0.3683580634819268,0.3683580634819271,212.17424456558996,576
2026-02-10T21:20:20.327352,1,1231,0.3687047815786543,1.013490324081353e-16,0.36870478157865405,0.3687047815786544,212.37395418930487,576
2026-02-10T21:20:20.342471,1,1232,0.36905365691885567,1.1555567610933196e-16,0.3690536569188553,0.36905365691885583,212.57490638526087,576
2026-02-10T21:20:20.357467,1,1233,0.3694046748308366,1.2204039592116465e-16,0.3694046748308363,0.3694046748308367,212.7770927025619,576
2026-02-10T21:20:20.372401,1,1234,0.3697578155417985,1.199177923332954e-16,0.3697578155417981,0.36975781554179865,212.98050175207592,576
2026-02-10T21:20:20.387318,1,1235,0.370113062586028,1.1555567610933196e-16,0.3701130625860277,0.37011306258602816,213.18512404955212,576
2026-02-10T21:20:20.402344,1,1236,0.3704704086571563,1.2617852778345905e-16,0.37047040865715597,0.3704704086571565,213.39095538652202,576
2026-02-10T21:20:20.417265,1,1237,0.3708298576300248,1.3970000036909087e-16,0.3708298576300243,0.37082985763002485,213.59799799489429,576
2026-02-10T21:20:20.432160,1,1238,0.3711914232298317,1.013490324081353e-16,0.37119142322983145,0.3711914232298319,213.80625978038304,576
2026-02-10T21:20:20.447143,1,1239,0.37155512389814405,1.0385185452638061e-16,0.37155512389814394,0.37155512389814427,214.01575136533097,576
2026-02-10T21:20:20.461966,1,1240,0.37192097503718746,1.013490324081353e-16,0.37192097503718713,0.3719209750371876,214.22648162141996,576
2026-02-10T21:20:20.477125,1,1241,0.3722889791115034,9.614813431917819e-17,0.37228897911150316,0.3722889791115036,214.43845196822596,576
2026-02-10T21:20:20.492862,1,1242,0.37265911568198706,7.516245408138222e-17,0.37265911568198684,0.3726591156819872,214.65165063282456,576
2026-02-10T21:20:20.508197,1,1243,0.37303133192235,9.614813431917819e-17,0.3730313319223497,0.37303133192235005,214.8660471872736,576
2026-02-10T21:20:20.523723,1,1244,0.3734055353531721,7.850462293418876e-17,0.3734055353531719,0.3734055353531722,215.08158836342713,576
2026-02-10T21:20:20.539078,1,1245,0.3737815896501884,9.064933036736789e-17,0.37378158965018815,0.3737815896501885,215.2981956385085,576
2026-02-10T21:20:20.554420,1,1246,0.37415931433265714,9.614813431917819e-17,0.3741593143326568,0.37415931433265726,215.51576505561053,576
2026-02-10T21:20:20.570088,1,1247,0.3745384888454363,9.34391909990421e-17,0.37453848884543606,0.3745384888454363,215.7341695749713,576
2026-02-10T21:20:20.585532,1,1248,0.37491886028699295,9.064933036736789e-17,0.37491886028699284,0.37491886028699317,215.95326352530793,576
2026-02-10T21:20:20.601576,1,1249,0.3753001553016536,5.99588961666477e-17,0.3753001553016535,0.3753001553016537,216.17288945375248,576
2026-02-10T21:20:20.617959,1,1250,0.375682094063035,9.614813431917819e-17,0.37568209406303477,0.3756820940630351,216.39288618030815,576
2026-02-10T21:20:20.634003,1,1251,0.3760644062098916,1.2819751242557092e-16,0.37606440620989134,0.3760644062098917,216.61309797689756,576
2026-02-10T21:20:20.650461,1,1252,0.3764468467173351,8.479468414379336e-17,0.37644684671733497,0.3764468467173352,216.833383709185,576
2026-02-10T21:20:20.670830,1,1253,0.37682921092083455,7.516245408138222e-17,0.37682921092083443,0.37682921092083466,217.0536254904007,576
2026-02-10T21:20:20.687207,1,1254,0.37721134672330386,7.850462293418876e-17,0.3772113467233037,0.37721134672330403,217.27373571262302,576
2026-02-10T21:20:20.703072,1,1255,0.37759316360405354,7.166458808248763e-17,0.3775931636040534,0.3775931636040536,217.49366223593483,576
2026-02-10T21:20:20.718336,1,1256,0.37797463728374797,9.064933036736789e-17,0.3779746372837478,0.37797463728374814,217.71339107543884,576
2026-02-10T21:20:20.734438,1,1257,0.37835580942794766,9.878281759274735e-17,0.37835580942794744,0.3783558094279478,217.93294623049786,576
2026-02-10T21:20:20.749553,1,1258,0.37873678321350324,7.850462293418876e-17,0.3787367832135031,0.37873678321350335,218.15238713097787,576
2026-02-10T21:20:20.764631,1,1259,0.37911771396862376,1.013490324081353e-16,0.3791177139686236,0.3791177139686239,218.37180324592728,576
2026-02-10T21:20:20.780741,1,1260,0.37949879644188655,1.0629576194313574e-16,0.37949879644188633,0.37949879644188667,218.59130675052666,576
2026-02-10T21:20:20.796027,1,1261,0.379880249310312,1.0629576194313574e-16,0.3798802493103117,0.37988024931031217,218.8110236027397,576
2026-02-10T21:20:20.811849,1,1262,0.3802622979218181,1.1102230246251565e-16,0.38026229792181787,0.3802622979218183,219.03108360296721,576
2026-02-10T21:20:20.827022,1,1263,0.380645156690139,1.1102230246251565e-16,0.3806451566901389,0.3806451566901393,219.25161025352006,576
2026-02-10T21:20:20.842079,1,1264,0.3810290123687428,9.064933036736789e-17,0.38102901236874265,0.381029012368743,219.47271112439586,576
2026-02-10T21:20:20.856886,1,1265,0.381414009232452,1.013490324081353e-16,0.3814140092324517,0.38141400923245217,219.69446931789236,576
2026-02-10T21:20:20.871728,1,1266,0.3818002371244175,9.614813431917819e-17,0.38180023712441735,0.3818002371244177,219.9169365836645,576
2026-02-10T21:20:20.887082,1,1267,0.38218772350707664,9.34391909990421e-17,0.3821877235070764,0.38218772350707675,220.14012874007614,576
2026-02-10T21:20:20.902189,1,1268,0.3825764295951488,1.2412670766236366e-16,0.3825764295951486,0.38257642959514904,220.3640234468057,576
2026-02-10T21:20:20.917130,1,1269,0.38296625119747596,9.614813431917819e-17,0.38296625119747574,0.3829662511974762,220.58856068974615,576
2026-02-10T21:20:20.932129,1,1270,0.3833570237541408,1.013490324081353e-16,0.3833570237541406,0.38335702375414105,220.81364568238513,576
2026-02-10T21:20:20.947062,1,1271,0.38374853191893443,8.171020218150495e-17,0.3837485319189342,0.38374853191893465,221.03915438530623,576
2026-02-10T21:20:20.962309,1,1272,0.3841405220214005,1.3784958753881249e-16,0.38414052202140025,0.3841405220214007,221.2649406843267,576
2026-02-10T21:20:20.977282,1,1273,0.384532717398657,1.2204039592116465e-16,0.3845327173986567,0.38453271739865724,221.49084522162644,576
2026-02-10T21:20:20.992394,1,1274,0.3849248353749334,9.614813431917819e-17,0.38492483537493316,0.3849248353749336,221.71670517596164,576
2026-02-10T21:20:21.007376,1,1275,0.3853166045376631,1.2412670766236366e-16,0.3853166045376629,0.38531660453766337,221.94236421369393,576
2026-02-10T21:20:21.022361,1,1276,0.3857077815360399,1.0629576194313574e-16,0.3857077815360396,0.38570778153604,222.167682164759,576
2026-02-10T21:20:21.037462,1,1277,0.38609816642037725,1.0629576194313574e-16,0.386098166420377,0.3860981664203773,222.3925438581373,576
2026-02-10T21:20:21.052531,1,1278,0.3864876152330732,1.1102230246251565e-16,0.38648761523307296,0.3864876152330734,222.61686637425015,576
2026-02-10T21:20:21.067643,1,1279,0.38687604956090993,1.0868472903575298e-16,0.3868760495609097,0.38687604956091026,222.84060454708413,576
2026-02-10T21:20:21.082978,1,1280,0.38726346236978704,1.0629576194313574e-16,0.3872634623697868,0.38726346236978715,223.06375432499732,576
2026-02-10T21:20:21.098140,1,1281,0.38764991918844266,1.1102230246251565e-16,0.3876499191884424,0.3876499191884428,223.28635345254298,576
2026-02-10T21:20:21.113542,1,1282,0.3880355553698599,1.0385185452638061e-16,0.3880355553698597,0.38803555536986,223.5084798930393,576
2026-02-10T21:20:21.128732,1,1283,0.3884205682444465,8.171020218150495e-17,0.3884205682444464,0.3884205682444466,223.73024730880118,576
2026-02-10T21:20:21.143708,1,1284,0.3888052056087208,1.1331166295920987e-16,0.38880520560872067,0.388805205608721,223.95179843062317,576
2026-02-10T21:20:21.158786,1,1285,0.3891897499014552,1.0629576194313574e-16,0.38918974990145505,0.3891897499014555,224.1732959432382,576
2026-02-10T21:20:21.173730,1,1286,0.3895744994067401,1.1102230246251565e-16,0.38957449940673994,0.3895744994067404,224.3949116582823,576
2026-02-10T21:20:21.188774,1,1287,0.389959747441679,9.064933036736789e-17,0.38995974744167883,0.38995974744167916,224.6168145264071,576
2026-02-10T21:20:21.204649,1,1288,0.39034576062624093,1.1102230246251565e-16,0.3903457606262406,0.39034576062624116,224.83915812071479,576
2026-02-10T21:20:21.219934,1,1289,0.3907327578199151,1.0385185452638061e-16,0.390732757819915,0.39073275781991523,225.0620685042711,576
2026-02-10T21:20:21.235919,1,1290,0.3911208913720841,7.850462293418876e-17,0.39112089137208406,0.3911208913720843,225.28563343032044,576
2026-02-10T21:20:21.251481,1,1291,0.39151023187854633,7.850462293418876e-17,0.39151023187854617,0.3915102318785465,225.5098935620427,576
2026-02-10T21:20:21.267172,1,1292,0.39190075814322534,8.777083671441753e-17,0.3919007581432251,0.39190075814322545,225.7348366904978,576
2026-02-10T21:20:21.282654,1,1293,0.39229235286192016,8.479468414379336e-17,0.39229235286192,0.3922923528619203,225.960395248466,576
2026-02-10T21:20:21.297850,1,1294,0.3926848045440044,8.479468414379336e-17,0.39268480454400423,0.39268480454400456,226.18644741734653,576
2026-02-10T21:20:21.312981,1,1295,0.39307781562140054,8.171020218150495e-17,0.3930778156214003,0.39307781562140065,226.4128217979267,576
2026-02-10T21:20:21.328060,1,1296,0.39347101576494886,8.479468414379336e-17,0.3934710157649488,0.39347101576494903,226.63930508061054,576
2026-02-10T21:20:21.343429,1,1297,0.39386397983067106,7.166458808248763e-17,0.3938639798306709,0.3938639798306711,226.86565238246652,576
2026-02-10T21:20:21.358474,1,1298,0.39425624816033233,6.798699777552591e-17,0.3942562481603322,0.39425624816033256,227.09159894035142,576
2026-02-10T21:20:21.373508,1,1299,0.3946473486120554,9.064933036736789e-17,0.3946473486120553,0.39464734861205564,227.31687280054393,576
2026-02-10T21:20:21.388576,1,1300,0.39503681835586424,9.614813431917819e-17,0.3950368183558641,0.39503681835586435,227.5412073729778,576
2026-02-10T21:20:21.403520,1,1301,0.3954242239198936,4.5324665183683945e-17,0.3954242239198935,0.39542422391989374,227.76435297785872,576
2026-02-10T21:20:21.418824,1,1302,0.39580917852674,6.409875621278546e-17,0.3958091785267399,0.39580917852674014,227.98608683140225,576
2026-02-10T21:20:21.433897,1,1303,0.3961913562363652,8.479468414379336e-17,0.39619135623636503,0.39619135623636526,228.20622119214636,576
2026-02-10T21:20:21.449015,1,1304,0.3965705017425701,8.479468414379336e-17,0.3965705017425698,0.39657050174257014,228.42460900372038,576
2026-02-10T21:20:21.464023,1,1305,0.3969464361434943,6.409875621278546e-17,0.3969464361434941,0.39694643614349434,228.64114721865272,576
2026-02-10T21:20:21.479111,1,1306,0.3973190585520788,7.850462293418876e-17,0.3973190585520786,0.39731905855207894,228.85577772599737,576
2026-02-10T21:20:21.494261,1,1307,0.39768834402707054,6.798699777552591e-17,0.39768834402707043,0.39768834402707065,229.06848615959262,576
2026-02-10T21:20:21.509259,1,1308,0.3980543380796959,1.0629576194313574e-16,0.3980543380796957,0.39805433807969604,229.27929873390485,576
2026-02-10T21:20:21.524420,1,1309,0.3984171488757942,7.850462293418876e-17,0.39841714887579405,0.3984171488757944,229.48827775245746,576
2026-02-10T21:20:21.539430,1,1310,0.3987769373408865,1.0868472903575298e-16,0.39877693734088626,0.3987769373408866,229.69551590835061,576
2026-02-10T21:20:21.554451,1,1311,0.399133906086271,7.850462293418876e-17,0.39913390608627075,0.3991339060862712,229.90112990569207,576
2026-02-10T21:20:21.569655,1,1312,0.3994882883373729,9.614813431917819e-17,0.3994882883373727,0.39948828833737304,230.10525408232678,576
2026-02-10T21:20:21.585003,1,1313,0.39984033669411695,7.166458808248763e-17,0.3998403366941168,0.399840336694117,230.30803393581135,576
2026-02-10T21:20:21.599881,1,1314,0.4001903130113017,9.34391909990421e-17,0.4001903130113016,0.4001903130113019,230.50962029450977,576
2026-02-10T21:20:21.614838,1,1315,0.40053847917929974,1.1102230246251565e-16,0.4005384791792995,0.40053847917929986,230.71016400727666,576
2026-02-10T21:20:21.629815,1,1316,0.4008850896261042,9.064933036736789e-17,0.40088508962610403,0.40088508962610436,230.909811624636,576
2026-02-10T21:20:21.644771,1,1317,0.4012303847735981,1.013490324081353e-16,0.40123038477359774,0.4012303847735983,231.10870162959253,576
2026-02-10T21:20:21.659730,1,1318,0.40157458575641275,1.013490324081353e-16,0.4015745857564126,0.4015745857564129,231.30696139569375,576
2026-02-10T21:20:21.674665,1,1319,0.4019178900813743,9.064933036736789e-17,0.40191789008137413,0.40191789008137435,231.5047046868716,576
2026-02-10T21:20:21.689353,1,1320,0.4022604677102055,1.1331166295920987e-16,0.4022604677102053,0.4022604677102056,231.70202940107836,576
2026-02-10T21:20:21.704157,1,1321,0.40260245733326033,7.850462293418876e-17,0.40260245733326006,0.4026024573332604,231.89901542395796,576
2026-02-10T21:20:21.719036,1,1322,0.4029439624628212,9.614813431917819e-17,0.40294396246282094,0.4029439624628214,232.095722378585,576
2026-02-10T21:20:21.733877,1,1323,0.40328504772185536,9.34391909990421e-17,0.40328504772185514,0.40328504772185547,232.29218748778868,576
2026-02-10T21:20:21.748761,1,1324,0.40362573518461486,1.1102230246251565e-16,0.40362573518461453,0.4036257351846151,232.48842346633816,576
2026-02-10T21:20:21.763760,1,1325,0.4039660013264512,1.0868472903575298e-16,0.403966001326451,0.40396600132645144,232.68441676403592,576
2026-02-10T21:20:21.778663,1,1326,0.4043057747566624,9.064933036736789e-17,0.4043057747566622,0.40430577475666263,232.88012625983754,576
2026-02-10T21:20:21.793683,1,1327,0.4046449362171788,1.2412670766236366e-16,0.40464493621717856,0.404644936217179,233.07548326109497,576
2026-02-10T21:20:21.808857,1,1328,0.4049833202123519,1.0629576194313574e-16,0.4049833202123516,0.40498332021235206,233.2703924423147,576
2026-02-10T21:20:21.823896,1,1329,0.4053207198494598,1.1102230246251565e-16,0.4053207198494595,0.40532071984945994,233.46473463328883,576
2026-02-10T21:20:21.838958,1,1330,0.40565689409290506,1.3784958753881249e-16,0.4056568940929046,0.4056568940929052,233.65837099751332,576
2026-02-10T21:20:21.854021,1,1331,0.40599157772684613,9.878281759274735e-17,0.4059915777268458,0.40599157772684624,233.85114877066337,576
2026-02-10T21:20:21.869387,1,1332,0.40632449349886524,9.34391909990421e-17,0.406324493498865,0.40632449349886535,234.0429082553464,576
2026-02-10T21:20:21.884403,1,1333,0.4066553651590838,7.850462293418876e-17,0.4066553651590836,0.40665536515908396,234.23349033163225,576
2026-02-10T21:20:21.899601,1,1334,0.40698393044510933,9.064933036736789e-17,0.40698393044510905,0.4069839304451095,234.42274393638297,576
2026-02-10T21:20:21.914906,1,1335,0.40730995315870544,1.1102230246251565e-16,0.4073099531587051,0.40730995315870555,234.61053301941433,576
2026-02-10T21:20:21.930363,1,1336,0.40763323222615344,8.171020218150495e-17,0.4076332322261532,0.40763323222615355,234.7967417622644,576
2026-02-10T21:20:21.945573,1,1337,0.40795360770362254,1.0868472903575298e-16,0.40795360770362243,0.40795360770362277,234.9812780372866,576
2026-02-10T21:20:21.960879,1,1338,0.4082709624454969,9.878281759274735e-17,0.40827096244549677,0.408270962445497,235.1640743686062,576
2026-02-10T21:20:21.976184,1,1339,0.4085852193735918,8.479468414379336e-17,0.4085852193735917,0.40858521937359193,235.34508635918888,576
2026-02-10T21:20:21.991645,1,1340,0.4088963348139339,9.064933036736789e-17,0.40889633481393384,0.40889633481393417,235.52428885282592,576
2026-02-10T21:20:22.006679,1,1341,0.4092042884813054,8.777083671441753e-17,0.4092042884813053,0.40920428848130563,235.70167016523192,576
2026-02-10T21:20:22.021826,1,1342,0.40950907107942364,7.850462293418876e-17,0.40950907107942347,0.4095090710794237,235.877224941748,576
2026-02-10T21:20:22.040633,1,1343,0.40981067122880044,8.777083671441753e-17,0.4098106712288002,0.40981067122880055,236.05094662778905,576
2026-02-10T21:20:22.055632,1,1344,0.410109062826689,7.516245408138222e-17,0.4101090628266889,0.410109062826689,236.22282018817288,576
2026-02-10T21:20:22.070601,1,1345,0.4104041946996185,6.409875621278546e-17,0.4104041946996183,0.41040419469961853,236.39281614698024,576
2026-02-10T21:20:22.085506,1,1346,0.41069598333705837,8.777083671441753e-17,0.41069598333705815,0.41069598333705837,236.56088640214563,576
2026-02-10T21:20:22.100441,1,1347,0.4109843099803831,6.409875621278546e-17,0.41098430998038293,0.41098430998038316,236.72696254870067,576
2026-02-10T21:20:22.115315,1,1348,0.411269021943562,7.166458808248763e-17,0.41126902194356185,0.4112690219435621,236.89095663949172,576
2026-02-10T21:20:22.130349,1,1349,0.4115499389771956,1.013490324081353e-16,0.4115499389771955,0.41154993897719583,237.05276485086466,576
2026-02-10T21:20:22.145401,1,1350,0.4118268636779723,1.0868472903575298e-16,0.41182686367797205,0.4118268636779724,237.21227347851203,576
2026-02-10T21:20:22.160465,1,1351,0.41209959476523017,8.479468414379336e-17,0.41209959476523006,0.4120995947652303,237.3693665847726,576
2026-02-10T21:20:22.175755,1,1352,0.41236794261021253,7.850462293418876e-17,0.41236794261021237,0.4123679426102126,237.52393494348243,576
2026-02-10T21:20:22.190876,1,1353,0.41263174526951024,9.614813431917819e-17,0.4126317452695101,0.4126317452695103,237.6758852752379,576
2026-02-10T21:20:22.206096,1,1354,0.41289088282921327,9.34391909990421e-17,0.41289088282921305,0.41289088282921327,237.82514850962684,576
2026-02-10T21:20:22.221183,1,1355,0.41314528970482584,1.013490324081353e-16,0.4131452897048258,0.413145289704826,237.9716868699797,576
2026-02-10T21:20:22.236245,1,1356,0.41339496273830084,7.850462293418876e-17,0.4133949627383007,0.4133949627383009,238.1154985372613,576
2026-02-10T21:20:22.251419,1,1357,0.41363996425892235,6.409875621278546e-17,0.41363996425892224,0.41363996425892247,238.25661941313928,576
2026-02-10T21:20:22.266527,1,1358,0.4138804202281089,5.551115123125783e-17,0.4138804202281088,0.413880420228109,238.39512205139073,576
2026-02-10T21:20:22.281818,1,1359,0.4141165126243,7.850462293418876e-17,0.4141165126242998,0.41411651262430016,238.53111127159679,576
2026-02-10T21:20:22.296990,1,1360,0.414348467338627,1.013490324081353e-16,0.41434846733862696,0.4143484673386273,238.66471718704915,576
2026-02-10T21:20:22.312091,1,1361,0.41457653810272255,1.1102230246251565e-16,0.4145765381027223,0.41457653810272266,238.7960859471682,576
2026-02-10T21:20:22.327397,1,1362,0.41480098756618144,7.850462293418876e-17,0.4148009875661812,0.41480098756618156,238.9253688381205,576
2026-02-10T21:20:22.342512,1,1363,0.41502206764301164,1.0868472903575298e-16,0.4150220676430115,0.41502206764301186,239.0527109623747,576
2026-02-10T21:20:22.357650,1,1364,0.41523999983213095,1.0629576194313574e-16,0.4152399998321308,0.4152399998321311,239.17823990330743,576
2026-02-10T21:20:22.372798,1,1365,0.4154549580473289,8.479468414379336e-17,0.4154549580473288,0.4154549580473291,239.30205583526146,576
2026-02-10T21:20:22.387801,1,1366,0.41566705417616956,7.166458808248763e-17,0.41566705417616934,0.41566705417616967,239.42422320547365,576
2026-02-10T21:20:22.402997,1,1367,0.41587632874408786,9.064933036736789e-17,0.41587632874408775,0.4158763287440881,239.5447653565946,576
2026-02-10T21:20:22.418056,1,1368,0.41608274619798746,9.34391909990421e-17,0.41608274619798724,0.4160827461979877,239.6636618100408,576
2026-02-10T21:20:22.433154,1,1369,0.41628619581823734,1.0629576194313574e-16,0.4162861958182372,0.41628619581823756,239.78084879130472,576
2026-02-10T21:20:22.448441,1,1370,0.41648649781012853,8.479468414379336e-17,0.41648649781012825,0.4164864978101287,239.89622273863404,576
2026-02-10T21:20:22.463666,1,1371,0.416683414092668,8.479468414379336e-17,0.41668341409266774,0.41668341409266807,240.00964651737678,576
2026-02-10T21:20:22.478849,1,1372,0.41687666245982635,8.171020218150495e-17,0.41687666245982624,0.41687666245982646,240.12095757685998,576
2026-02-10T21:20:22.493950,1,1373,0.41706593354373805,7.166458808248763e-17,0.4170659335437379,0.4170659335437381,240.2299777211931,576
2026-02-10T21:20:22.508946,1,1374,0.4172509084996949,1.1555567610933196e-16,0.4172509084996947,0.41725090849969504,240.33652329582424,576
2026-02-10T21:20:22.523855,1,1375,0.41743127663982893,8.479468414379336e-17,0.4174312766398288,0.41743127663982904,240.44041534454146,576
2026-02-10T21:20:22.538766,1,1376,0.4176067516302613,1.2204039592116465e-16,0.41760675163026106,0.4176067516302615,240.5414889390305,576
2026-02-10T21:20:22.553701,1,1377,0.4177770850787671,9.064933036736789e-17,0.417777085078767,0.4177770850787673,240.63960100536985,576
2026-02-10T21:20:22.568632,1,1378,0.417942077104861,9.064933036736789e-17,0.41794207710486075,0.4179420771048611,240.7346364123999,576
2026-02-10T21:20:22.583579,1,1379,0.4181015833909436,8.171020218150495e-17,0.4181015833909435,0.41810158339094383,240.82651203318352,576
2026-02-10T21:20:22.598479,1,1380,0.41825551831912794,9.064933036736789e-17,0.4182555183191279,0.4182555183191281,240.9151785518177,576
2026-02-10T21:20:22.613436,1,1381,0.4184038549842375,1.1555567610933196e-16,0.4184038549842374,0.4184038549842377,241.00062047092078,576
2026-02-10T21:20:22.628456,1,1382,0.4185466219027771,1.1555567610933196e-16,0.4185466219027768,0.41854662190277725,241.0828542159996,576
2026-02-10T21:20:22.643370,1,1383,0.41868389734650974,8.479468414379336e-17,0.41868389734650957,0.4186838973465099,241.1619248715896,576
2026-02-10T21:20:22.658357,1,1384,0.4188158017174514,8.479468414379336e-17,0.41881580171745125,0.4188158017174516,241.23790178925202,576
2026-02-10T21:20:22.673238,1,1385,0.4189424888774027,7.516245408138222e-17,0.4189424888774025,0.4189424888774028,241.31087359338397,576
2026-02-10T21:20:22.688200,1,1386,0.419064136560942,6.798699777552591e-17,0.4190641365609419,0.4190641365609421,241.38094265910257,576
2026-02-10T21:20:22.703366,1,1387,0.4191809371477551,1.1555567610933196e-16,0.41918093714775495,0.4191809371477553,241.44821979710696,576
2026-02-10T21:20:22.719107,1,1388,0.41929308861703846,5.551115123125783e-17,0.4192930886170384,0.4192930886170385,241.51281904341414,576
2026-02-10T21:20:22.734858,1,1389,0.4194007863375791,7.850462293418876e-17,0.41940078633757893,0.41940078633757927,241.57485293044556,576
2026-02-10T21:20:22.750631,1,1390,0.41950421588541065,8.171020218150495e-17,0.4195042158854104,0.41950421588541076,241.63442834999654,576
2026-02-10T21:20:22.766233,1,1391,0.4196035471396541,1.0385185452638061e-16,0.419603547139654,0.4196035471396543,241.69164315244075,576
2026-02-10T21:20:22.782452,1,1392,0.4196989297592047,7.166458808248763e-17,0.41969892975920464,0.41969892975920486,241.7465835413019,576
2026-02-10T21:20:22.798374,1,1393,0.41979049000018726,8.479468414379336e-17,0.4197904900001872,0.4197904900001874,241.79932224010787,576
2026-02-10T21:20:22.814069,1,1394,0.4198783290122538,7.850462293418876e-17,0.41987832901225375,0.41987832901225397,241.84991751105818,576
2026-02-10T21:20:22.829697,1,1395,0.4199625223323484,7.166458808248763e-17,0.4199625223323482,0.41996252233234843,241.89841286343267,576
2026-02-10T21:20:22.845601,1,1396,0.4200431206886278,9.34391909990421e-17,0.4200431206886278,0.42004312068862804,241.9448375166496,576
2026-02-10T21:20:22.861314,1,1397,0.4201201516849367,7.166458808248763e-17,0.42012015168493666,0.4201201516849369,241.98920737052356,576
2026-02-10T21:20:22.876649,1,1398,0.4201936222611145,9.614813431917819e-17,0.42019362226111445,0.4201936222611148,242.03152642240195,576
2026-02-10T21:20:22.891928,1,1399,0.42026352178577076,8.479468414379336e-17,0.42026352178577053,0.42026352178577087,242.07178854860396,576
2026-02-10T21:20:22.906985,1,1400,0.4203298252564407,8.171020218150495e-17,0.4203298252564407,0.4203298252564408,242.10997934770984,576
2026-02-10T21:20:22.922006,1,1401,0.420392496376243,8.171020218150495e-17,0.42039249637624276,0.4203924963762432,242.14607791271595,576
2026-02-10T21:20:22.937265,1,1402,0.4204514904107273,7.166458808248763e-17,0.42045149041072727,0.4204514904107275,242.18005847657895,576
2026-02-10T21:20:22.952520,1,1403,0.42050675669325016,1.1102230246251565e-16,0.4205067566932499,0.4205067566932502,242.2118918553121,576
2026-02-10T21:20:22.967813,1,1404,0.42055824073610054,8.479468414379336e-17,0.42055824073610026,0.4205582407361007,242.24154666399392,576
2026-02-10T21:20:22.983203,1,1405,0.4206058855910972,7.850462293418876e-17,0.4206058855910969,0.42060588559109724,242.26899010047197,576
2026-02-10T21:20:22.998328,1,1406,0.42064963335274136,7.850462293418876e-17,0.4206496333527412,0.4206496333527414,242.29418881117903,576
2026-02-10T21:20:23.013465,1,1407,0.42068942618508504,1.013490324081353e-16,0.42068942618508487,0.4206894261850852,242.31710948260897,576
2026-02-10T21:20:23.028607,1,1408,0.42072520768102334,8.479468414379336e-17,0.42072520768102317,0.4207252076810234,242.33771962426945,576
2026-02-10T21:20:23.043700,1,1409,0.42075692442971174,7.850462293418876e-17,0.4207569244297117,0.4207569244297119,242.35598847151397,576
2026-02-10T21:20:23.058771,1,1410,0.42078452792929116,6.409875621278546e-17,0.420784527929291,0.4207845279292912,242.3718880872717,576
2026-02-10T21:20:23.074041,1,1411,0.42080797721323454,8.479468414379336e-17,0.4208079772132344,0.4208079772132346,242.3853948748231,576
2026-02-10T21:20:23.089523,1,1412,0.42082724155925394,9.614813431917819e-17,0.4208272415592538,0.4208272415592542,242.39649113813027,576
2026-02-10T21:20:23.104800,1,1413,0.4208423036877813,6.798699777552591e-17,0.4208423036877812,0.4208423036877814,242.40516692416202,576
2026-02-10T21:20:23.120007,1,1414,0.42085316282009266,6.409875621278546e-17,0.42085316282009255,0.4208531628200928,242.41142178437337,576
2026-02-10T21:20:23.135492,1,1415,0.4208598370879948,1.0629576194313574e-16,0.4208598370879947,0.420859837087995,242.41526616268501,576
2026-02-10T21:20:23.150688,1,1416,0.4208623654519549,9.34391909990421e-17,0.42086236545195466,0.420862365451955,242.41672250032602,576
2026-02-10T21:20:23.165931,1,1417,0.4208608082252248,1.013490324081353e-16,0.42086080822522465,0.420860808225225,242.4158255377295,576
2026-02-10T21:20:23.181239,1,1418,0.42085524629601767,1.1102230246251565e-16,0.42085524629601745,0.4208552462960178,242.41262186650619,576
2026-02-10T21:20:23.196688,1,1419,0.4208457787686436,7.516245408138222e-17,0.4208457787686435,0.4208457787686437,242.40716857073872,576
2026-02-10T21:20:23.211874,1,1420,0.4208325190467073,7.850462293418876e-17,0.42083251904670715,0.4208325190467074,242.3995309709034,576
2026-02-10T21:20:23.227222,1,1421,0.42081558975270106,9.34391909990421e-17,0.42081558975270095,0.42081558975270117,242.3897796975558,576
2026-02-10T21:20:23.242715,1,1422,0.42079511670494085,9.614813431917819e-17,0.42079511670494085,0.4207951167049411,242.37798722204593,576
2026-02-10T21:20:23.258056,1,1423,0.42077122226290076,9.064933036736789e-17,0.42077122226290053,0.42077122226290076,242.36422402343084,576
2026-02-10T21:20:23.273416,1,1424,0.4207440190941,1.013490324081353e-16,0.42074401909409986,0.4207440190941002,242.3485549982016,576
2026-02-10T21:20:23.289843,1,1425,0.4207136044208759,9.34391909990421e-17,0.4207136044208757,0.4207136044208759,242.3310361464245,576
2026-02-10T21:20:23.305674,1,1426,0.4206800553291781,7.166458808248763e-17,0.42068005532917796,0.4206800553291782,242.3117118696066,576
2026-02-10T21:20:23.321453,1,1427,0.42064342553756695,6.409875621278546e-17,0.42064342553756673,0.42064342553756706,242.29061310963857,576
2026-02-10T21:20:23.337445,1,1428,0.420603743776012,7.850462293418876e-17,0.42060374377601184,0.4206037437760122,242.26775641498293,576
2026-02-10T21:20:23.352996,1,1429,0.4205610135379575,6.409875621278546e-17,0.4205610135379574,0.4205610135379576,242.24314379786352,576
2026-02-10T21:20:23.368690,1,1430,0.4205152143126732,9.614813431917819e-17,0.420515214312673,0.42051521431267336,242.21676344409977,576
2026-02-10T21:20:23.384144,1,1431,0.4204663037511157,9.614813431917819e-17,0.4204663037511156,0.4204663037511158,242.18859096064264,576
2026-02-10T21:20:23.399534,1,1432,0.4204142207306847,1.013490324081353e-16,0.4204142207306846,0.4204142207306848,242.15859114087436,576
2026-02-10T21:20:23.414900,1,1433,0.4203588885619271,6.409875621278546e-17,0.42035888856192694,0.42035888856192716,242.12671981167,576
2026-02-10T21:20:23.430015,1,1434,0.4203002186532867,8.479468414379336e-17,0.4203002186532866,0.42030021865328693,242.09292594429314,576
2026-02-10T21:20:23.445083,1,1435,0.4202381144704665,8.479468414379336e-17,0.42023811447046644,0.42023811447046666,242.0571539349887,576
2026-02-10T21:20:23.460096,1,1436,0.4201724752118149,8.171020218150495e-17,0.42017247521181467,0.420172475211815,242.01934572200537,576
2026-02-10T21:20:23.475095,1,1437,0.4201032007197727,9.614813431917819e-17,0.42010320071977236,0.4201032007197728,241.9794436145891,576
2026-02-10T21:20:23.490092,1,1438,0.4200301960128058,7.166458808248763e-17,0.42003019601280567,0.4200301960128059,241.93739290337612,576
2026-02-10T21:20:23.505043,1,1439,0.4199533772053407,7.166458808248763e-17,0.41995337720534054,0.41995337720534076,241.89314527027625,576
2026-02-10T21:20:23.519995,1,1440,0.4198726774609194,9.614813431917819e-17,0.4198726774609193,0.4198726774609195,241.84666221748955,576
2026-02-10T21:20:23.535075,1,1441,0.419788053380051,8.777083671441753e-17,0.41978805338005076,0.4197880533800511,241.79791874690937,576
2026-02-10T21:20:23.550164,1,1442,0.4196994907966778,1.1331166295920987e-16,0.4196994907966777,0.419699490796678,241.74690669888642,576
2026-02-10T21:20:23.565245,1,1443,0.41960700995228845,9.064933036736789e-17,0.4196070099522883,0.4196070099522886,241.69363773251814,576
2026-02-10T21:20:23.580423,1,1444,0.4195106686873675,1.0629576194313574e-16,0.4195106686873673,0.41951066868736764,241.6381451639237,576
2026-02-10T21:20:23.595471,1,1445,0.41941056367591,7.516245408138222e-17,0.4194105636759098,0.4194105636759101,241.58048467732416,576
2026-02-10T21:20:23.610562,1,1446,0.41930682881931514,9.878281759274735e-17,0.419306828819315,0.41930682881931536,241.52073339992552,576
2026-02-10T21:20:23.625888,1,1447,0.4191996312233395,9.34391909990421e-17,0.41919963122333925,0.4191996312233397,241.45898758464355,576
2026-02-10T21:20:23.640985,1,1448,0.4190891641765253,8.777083671441753e-17,0.4190891641765252,0.4190891641765254,241.39535856567858,576
2026-02-10T21:20:23.656031,1,1449,0.41897563845807795,1.013490324081353e-16,0.41897563845807784,0.41897563845807806,241.3299677518529,576
2026-02-10T21:20:23.671303,1,1450,0.41885927196365685,6.409875621278546e-17,0.4188592719636568,0.418859271963657,241.26294065106634,576
2026-02-10T21:20:23.686817,1,1451,0.41874027861020696,8.479468414379336e-17,0.4187402786102067,0.418740278610207,241.1944004794792,576
2026-02-10T21:20:23.702222,1,1452,0.4186188575238465,6.409875621278546e-17,0.4186188575238463,0.41861885752384653,241.12446193373557,576
2026-02-10T21:20:23.717234,1,1453,0.41849518320142953,8.479468414379336e-17,0.4184951832014293,0.41849518320142964,241.05322552402342,576
2026-02-10T21:20:23.732459,1,1454,0.41836939706004594,8.479468414379336e-17,0.4183693970600457,0.41836939706004617,240.98077270658646,576
2026-02-10T21:20:23.747553,1,1455,0.4182416014907973,1.1102230246251565e-16,0.41824160149079714,0.4182416014907976,240.90716245869925,576
2026-02-10T21:20:23.762584,1,1456,0.4181118564070507,9.614813431917819e-17,0.4181118564070504,0.41811185640705084,240.8324292904612,576
2026-02-10T21:20:23.777675,1,1457,0.4179801785407816,6.798699777552591e-17,0.4179801785407814,0.4179801785407816,240.75658283949022,576
2026-02-10T21:20:23.792823,1,1458,0.4178465439081572,1.1102230246251565e-16,0.417846543908157,0.41784654390815734,240.67960929109853,576
2026-02-10T21:20:23.807823,1,1459,0.41771089281972884,7.166458808248763e-17,0.41771089281972873,0.41771089281972906,240.6014742641638,576
2026-02-10T21:20:23.822861,1,1460,0.41757313754372694,6.409875621278546e-17,0.4175731375437268,0.41757313754372705,240.52212722518672,576
2026-02-10T21:20:23.838085,1,1461,0.4174331723863997,8.479468414379336e-17,0.41743317238639943,0.41743317238639976,240.44150729456624,576
2026-02-10T21:20:23.853464,1,1462,0.41729088470910114,7.166458808248763e-17,0.41729088470910103,0.41729088470910136,240.35954959244225,576
2026-02-10T21:20:23.868540,1,1463,0.4171461676157542,7.516245408138222e-17,0.41714616761575407,0.4171461676157543,240.27619254667442,576
2026-02-10T21:20:23.883708,1,1464,0.41699893224362977,6.409875621278546e-17,0.4169989322436297,0.41699893224362994,240.19138497233075,576
2026-02-10T21:20:23.899058,1,1465,0.4168491192854853,1.0385185452638061e-16,0.41684911928548507,0.4168491192854854,240.10509270843954,576
2026-02-10T21:20:23.914031,1,1466,0.4166967094047074,9.614813431917819e-17,0.41669670940470727,0.4166967094047076,240.01730461711145,576
2026-02-10T21:20:23.929177,1,1467,0.4165417308392636,8.777083671441753e-17,0.4165417308392634,0.4165417308392637,239.92803696341582,576
2026-02-10T21:20:23.944296,1,1468,0.4163842643337191,8.171020218150495e-17,0.416384264333719,0.4163842643337192,239.83733625622222,576
2026-02-10T21:20:23.959342,1,1469,0.41622444460449465,9.064933036736789e-17,0.4162244446044945,0.4162244446044948,239.74528009218892,576
2026-02-10T21:20:23.974494,1,1470,0.41606245814739395,8.479468414379336e-17,0.41606245814739395,0.4160624581473942,239.65197589289892,576
2026-02-10T21:20:23.989665,1,1471,0.41589853784255115,1.1775693440128312e-16,0.41589853784255093,0.41589853784255126,239.55755779730947,576
2026-02-10T21:20:24.005129,1,1472,0.4157329540636531,8.479468414379336e-17,0.41573295406365296,0.4157329540636532,239.4621815406642,576
2026-02-10T21:20:24.020150,1,1473,0.41556600378177666,7.516245408138222e-17,0.41556600378177655,0.41556600378177666,239.36601817830336,576
2026-02-10T21:20:24.035601,1,1474,0.41539799753879514,5.99588961666477e-17,0.415397997538795,0.41539799753879525,239.269246582346,576
2026-02-10T21:20:24.050778,1,1475,0.41522924597562916,7.850462293418876e-17,0.41522924597562905,0.41522924597562927,239.1720456819624,576
2026-02-10T21:20:24.065962,1,1476,0.4150600463058302,1.0629576194313574e-16,0.41506004630583015,0.4150600463058304,239.0745866721582,576
2026-02-10T21:20:24.081213,1,1477,0.41489066970572236,5.551115123125783e-17,0.4148906697057223,0.4148906697057224,238.97702575049607,576
2026-02-10T21:20:24.096413,1,1478,0.414721350461507,7.166458808248763e-17,0.4147213504615068,0.41472135046150715,238.87949786582803,576
2026-02-10T21:20:24.111549,1,1479,0.41455227698704966,1.0629576194313574e-16,0.41455227698704955,0.4145522769870498,238.7821115445406,576
2026-02-10T21:20:24.126560,1,1480,0.4143835852674832,9.34391909990421e-17,0.414383585267483,0.4143835852674833,238.68494511407033,576
2026-02-10T21:20:24.141853,1,1481,0.4142153551502946,9.34391909990421e-17,0.4142153551502945,0.41421535515029473,238.5880445665697,576
2026-02-10T21:20:24.157423,1,1482,0.41404760875951613,5.551115123125783e-17,0.4140476087595161,0.4140476087595162,238.4914226454813,576
2026-02-10T21:20:24.172744,1,1483,0.41388031191194585,9.064933036736789e-17,0.41388031191194563,0.4138803119119461,238.3950596612808,576
2026-02-10T21:20:24.188250,1,1484,0.4137133777276183,1.0629576194313574e-16,0.41371337772761807,0.4137133777276184,238.29890557110812,576
2026-02-10T21:20:24.203730,1,1485,0.4135466725553363,8.171020218150495e-17,0.41354667255533617,0.4135466725553364,238.2028833918737,576
2026-02-10T21:20:24.219053,1,1486,0.413380023977327,8.479468414379336e-17,0.413380023977327,0.4133800239773271,238.10689381094033,576
2026-02-10T21:20:24.234517,1,1487,0.41321323084795775,6.409875621278546e-17,0.4132132308479577,0.4132132308479579,238.01082096842367,576
2026-02-10T21:20:24.249726,1,1488,0.41304607444877217,1.0868472903575298e-16,0.41304607444877217,0.4130460744487724,237.91453888249276,576
2026-02-10T21:20:24.264869,1,1489,0.4128783310030157,8.479468414379336e-17,0.41287833100301563,0.41287833100301585,237.81791865773704,576
2026-02-10T21:20:24.280052,1,1490,0.4127097844879795,6.409875621278546e-17,0.41270978448797935,0.41270978448797957,237.7208358650762,576
2026-02-10T21:20:24.295235,1,1491,0.4125402393227087,1.013490324081353e-16,0.41254023932270867,0.412540239322709,237.62317784988022,576
2026-02-10T21:20:24.310824,1,1492,0.4123695321906679,1.1102230246251565e-16,0.41236953219066763,0.4123695321906681,237.52485054182472,576
2026-02-10T21:20:24.325955,1,1493,0.41219754225365857,1.0629576194313574e-16,0.41219754225365834,0.4121975422536587,237.42578433810732,576
2026-02-10T21:20:24.341184,1,1494,0.4120241992510452,1.0629576194313574e-16,0.41202419925104505,0.4120241992510454,237.32593876860204,576
2026-02-10T21:20:24.356197,1,1495,0.41184948838699015,7.850462293418876e-17,0.41184948838699,0.4118494883869903,237.22530531090632,576
2026-02-10T21:20:24.371379,1,1496,0.411673452401373,8.479468414379336e-17,0.4116734524013729,0.4116734524013732,237.12390858319085,576
2026-02-10T21:20:24.386540,1,1497,0.4114961899360509,1.0629576194313574e-16,0.41149618993605075,0.4114961899360512,237.02180540316533,576
2026-02-10T21:20:24.401549,1,1498,0.41131785032698087,8.479468414379336e-17,0.41131785032698076,0.4113178503269811,236.91908178834097,576
2026-02-10T21:20:24.416658,1,1499,0.41113862541997903,8.171020218150495e-17,0.4111386254199789,0.41113862541997925,236.81584824190793,576
2026-02-10T21:20:24.431853,1,1500,0.41095873871311184,9.614813431917819e-17,0.4109587387131116,0.41095873871311206,236.71223349875243,576
2026-02-10T21:20:24.446869,1,1501,0.4107784324716977,1.013490324081353e-16,0.41077843247169754,0.4107784324716979,236.60837710369788,576
2026-02-10T21:20:24.462243,1,1502,0.4105979541703997,9.878281759274735e-17,0.41059795417039957,0.4105979541703998,236.50442160215022,576
2026-02-10T21:20:24.477336,1,1503,0.4104175427300017,1.0629576194313574e-16,0.4104175427300015,0.41041754273000175,236.40050461248097,576
2026-02-10T21:20:24.492575,1,1504,0.41023741648595674,8.479468414379336e-17,0.4102374164859566,0.4102374164859569,236.2967518959111,576
2026-02-10T21:20:24.507735,1,1505,0.4100577627865955,1.013490324081353e-16,0.41005776278659534,0.41005776278659567,236.193271365079,576
2026-02-10T21:20:24.522824,1,1506,0.4098787309528043,9.064933036736789e-17,0.40987873095280414,0.40987873095280447,236.0901490288153,576
2026-02-10T21:20:24.537984,1,1507,0.409700428533708,7.166458808248763e-17,0.4097004285337079,0.40970042853370814,235.98744683541582,576
2026-02-10T21:20:24.553311,1,1508,0.40952292142618507,8.777083671441753e-17,0.40952292142618496,0.4095229214261853,235.8852027414826,576
2026-02-10T21:20:24.568531,1,1509,0.4093462373390177,1.013490324081353e-16,0.40934623733901754,0.40934623733901787,235.7834327072742,576
2026-02-10T21:20:24.583960,1,1510,0.4091703728130174,9.614813431917819e-17,0.40917037281301716,0.4091703728130176,235.682134740298,576
2026-02-10T21:20:24.599090,1,1511,0.40899530202243956,9.064933036736789e-17,0.4089953020224394,0.40899530202243983,235.58129396492518,576
2026-02-10T21:20:24.614583,1,1512,0.4088209876447577,7.850462293418876e-17,0.4088209876447575,0.4088209876447578,235.48088888338043,576
2026-02-10T21:20:24.629875,1,1513,0.4086473918699661,9.064933036736789e-17,0.408647391869966,0.40864739186996635,235.38089771710048,576
2026-02-10T21:20:24.644966,1,1514,0.40847448696026917,9.064933036736789e-17,0.408474486960269,0.40847448696026933,235.28130448911503,576
2026-02-10T21:20:24.660211,1,1515,0.4083022643888507,6.409875621278546e-17,0.40830226438885064,0.40830226438885087,235.182104287978,576
2026-02-10T21:20:24.675381,1,1516,0.40813074202260224,9.064933036736789e-17,0.408130742022602,0.40813074202260224,235.0833074050189,576
2026-02-10T21:20:24.690615,1,1517,0.40795996844473925,1.013490324081353e-16,0.40795996844473903,0.4079599684447395,234.9849418241698,576
2026-02-10T21:20:24.705713,1,1518,0.407790024487172,1.1102230246251565e-16,0.40779002448717194,0.40779002448717216,234.88705410461108,576
2026-02-10T21:20:24.720945,1,1519,0.407621021973326,9.614813431917819e-17,0.40762102197332584,0.40762102197332617,234.78970865663578,576
2026-02-10T21:20:24.736517,1,1520,0.4074530994823046,7.850462293418876e-17,0.40745309948230457,0.4074530994823048,234.69298530180745,576
2026-02-10T21:20:24.751712,1,1521,0.4072864159604529,8.777083671441753e-17,0.4072864159604528,0.407286415960453,234.59697559322086,576
2026-02-10T21:20:24.767219,1,1522,0.4071211423180351,7.850462293418876e-17,0.407121142318035,0.4071211423180352,234.50177797518822,576
2026-02-10T21:20:24.782516,1,1523,0.40695745201273714,6.798699777552591e-17,0.4069574520127369,0.40695745201273714,234.4074923593366,576
2026-02-10T21:20:24.797791,1,1524,0.4067955107097329,9.614813431917819e-17,0.40679551070973263,0.40679551070973297,234.31421416880616,576
2026-02-10T21:20:24.812999,1,1525,0.40663546666312367,6.409875621278546e-17,0.40663546666312356,0.4066354666631239,234.22202879795924,576
2026-02-10T21:20:24.828145,1,1526,0.40647744164052785,1.0629576194313574e-16,0.4064774416405277,0.4064774416405281,234.13100638494404,576
2026-02-10T21:20:24.843332,1,1527,0.4063215236177909,8.479468414379336e-17,0.4063215236177907,0.40632152361779095,234.04119760384756,576
2026-02-10T21:20:24.858623,1,1528,0.4061677618720079,9.614813431917819e-17,0.40616776187200776,0.4061677618720081,233.95263083827658,576
2026-02-10T21:20:24.874402,1,1529,0.4060161645435406,1.1555567610933196e-16,0.4060161645435404,0.4060161645435407,233.8653107770794,576
2026-02-10T21:20:24.889989,1,1530,0.4058666990740747,8.777083671441753e-17,0.4058666990740747,0.4058666990740749,233.77921866666702,576
2026-02-10T21:20:24.905620,1,1531,0.40571929565382603,7.516245408138222e-17,0.4057192956538259,0.40571929565382614,233.6943142966038,576
2026-02-10T21:20:24.921675,1,1532,0.40557385312333494,1.013490324081353e-16,0.4055738531233348,0.40557385312333516,233.61053939904093,576
2026-02-10T21:20:24.937480,1,1533,0.40543024693417556,6.409875621278546e-17,0.4054302469341755,0.40543024693417573,233.52782223408514,576
2026-02-10T21:20:24.953439,1,1534,0.405288338629988,8.479468414379336e-17,0.4052883386299878,0.40528833862998803,233.44608305087309,576
2026-02-10T21:20:24.969140,1,1535,0.40514798582978323,9.064933036736789e-17,0.4051479858297832,0.4051479858297834,233.36523983795513,576
2026-02-10T21:20:24.985134,1,1536,0.40500905196063874,7.166458808248763e-17,0.40500905196063863,0.40500905196063886,233.2852139293279,576
2026-02-10T21:20:25.001416,1,1537,0.4048714151347922,7.850462293418876e-17,0.40487141513479197,0.4048714151347923,233.2059351176403,576
2026-02-10T21:20:25.017017,1,1538,0.40473497537457426,7.166458808248763e-17,0.40473497537457415,0.40473497537457437,233.12734581575478,576
2026-02-10T21:20:25.032578,1,1539,0.404599659802775,1.013490324081353e-16,0.4045996598027749,0.4045996598027751,233.0494040463984,576
2026-02-10T21:20:25.048122,1,1540,0.40446542588464,1.2412670766236366e-16,0.40446542588463974,0.4044654258846402,232.97208530955265,576
2026-02-10T21:20:25.063536,1,1541,0.404332262235315,9.064933036736789e-17,0.4043322622353148,0.40433226223531504,232.89538304754143,576
2026-02-10T21:20:25.079525,1,1542,0.4042001878843158,9.34391909990421e-17,0.40420018788431555,0.404200187884316,232.81930822136587,576
2026-02-10T21:20:25.095493,1,1543,0.40406924977662584,6.409875621278546e-17,0.4040692497766257,0.40406924977662595,232.74388787133648,576
2026-02-10T21:20:25.110899,1,1544,0.40393951916422705,1.1102230246251565e-16,0.4039395191642269,0.4039395191642273,232.66916303859477,576
2026-02-10T21:20:25.126561,1,1545,0.403811087586279,9.614813431917819e-17,0.4038110875862788,0.40381108758627915,232.59518644969668,576
2026-02-10T21:20:25.141974,1,1546,0.4036840621623903,1.0629576194313574e-16,0.40368406216239017,0.4036840621623905,232.52201980553681,576
2026-02-10T21:20:25.157371,1,1547,0.4035585609729656,9.34391909990421e-17,0.4035585609729654,0.4035585609729657,232.4497311204282,576
2026-02-10T21:20:25.172734,1,1548,0.4034347084565972,9.614813431917819e-17,0.4034347084565969,0.40343470845659735,232.37839207099998,576
2026-02-10T21:20:25.188240,1,1549,0.4033126311032298,9.064933036736789e-17,0.4033126311032297,0.4033126311032299,232.30807551546036,576
2026-02-10T21:20:25.203422,1,1550,0.4031924531671049,1.1102230246251565e-16,0.4031924531671046,0.40319245316710506,232.23885302425242,576
2026-02-10T21:20:25.218886,1,1551,0.4030742924090123,9.064933036736789e-17,0.40307429240901216,0.4030742924090125,232.1707924275911,576
2026-02-10T21:20:25.234300,1,1552,0.40295825598888835,9.34391909990421e-17,0.4029582559888881,0.40295825598888857,232.10395544959968,576
2026-02-10T21:20:25.249421,1,1553,0.40284443645422524,7.166458808248763e-17,0.4028444364542251,0.4028444364542253,232.03839539763374,576
2026-02-10T21:20:25.264737,1,1554,0.4027329078690726,7.850462293418876e-17,0.40273290786907245,0.4027329078690728,231.97415493258583,576
2026-02-10T21:20:25.280090,1,1555,0.40262372225011256,9.34391909990421e-17,0.40262372225011234,0.40262372225011267,231.91126401606482,576
2026-02-10T21:20:25.295389,1,1556,0.40251690657317324,1.0629576194313574e-16,0.40251690657317307,0.4025169065731735,231.8497381861478,576
2026-02-10T21:20:25.310495,1,1557,0.4024124607790864,7.166458808248763e-17,0.4024124607790862,0.40241246077908654,231.78957740875376,576
2026-02-10T21:20:25.325946,1,1558,0.40231035678857147,1.1555567610933196e-16,0.4023103567885713,0.40231035678857174,231.73076551021717,576
2026-02-10T21:20:25.341229,1,1559,0.40221053908656823,8.777083671441753e-17,0.402210539086568,0.40221053908656834,231.6732705138633,576
2026-02-10T21:20:25.356494,1,1560,0.4021129269909846,7.850462293418876e-17,0.40211292699098433,0.40211292699098466,231.61704594680714,576
2026-02-10T21:20:25.372001,1,1561,0.40201741865954344,1.0868472903575298e-16,0.4020174186595433,0.40201741865954366,231.562033147897,576
2026-02-10T21:20:25.388258,1,1562,0.40192389676790985,9.064933036736789e-17,0.4019238967679096,0.40192389676790996,231.50816453831607,576
2026-02-10T21:20:25.404031,1,1563,0.4018322355448347,7.166458808248763e-17,0.4018322355448345,0.4018322355448348,231.4553676738248,576
2026-02-10T21:20:25.420162,1,1564,0.4017423090027711,1.0629576194313574e-16,0.40174230900277097,0.4017423090027714,231.40356998559614,576
2026-02-10T21:20:25.436107,1,1565,0.40165399946036373,6.798699777552591e-17,0.4016539994603636,0.40165399946036373,231.35270368916952,576
2026-02-10T21:20:25.452646,1,1566,0.40156720595259654,8.479468414379336e-17,0.40156720595259643,0.40156720595259665,231.30271062869562,576
2026-02-10T21:20:25.468360,1,1567,0.40148185185154456,7.166458808248763e-17,0.4014818518515445,0.4014818518515447,231.25354666648965,576
2026-02-10T21:20:25.483781,1,1568,0.4013978907594607,8.479468414379336e-17,0.40139789075946064,0.40139789075946086,231.20518507744936,576
2026-02-10T21:20:25.499246,1,1569,0.4013153106094949,5.99588961666477e-17,0.40131531060949477,0.401315310609495,231.15761891106905,576
2026-02-10T21:20:25.514710,1,1570,0.4012341349672281,9.614813431917819e-17,0.40123413496722793,0.40123413496722826,231.1108617411234,576
2026-02-10T21:20:25.529992,1,1571,0.4011544218145858,6.409875621278546e-17,0.4011544218145856,0.40115442181458594,231.06494696520144,576
2026-02-10T21:20:25.545890,1,1572,0.40107625966443344,9.064933036736789e-17,0.4010762596644333,0.4010762596644336,231.01992556671365,576
2026-02-10T21:20:25.561281,1,1573,0.40099976091390765,7.850462293418876e-17,0.40099976091390754,0.40099976091390777,230.9758622864108,576
2026-02-10T21:20:25.576863,1,1574,0.40092505338300544,1.0629576194313574e-16,0.4009250533830051,0.40092505338300544,230.93283074861114,576
2026-02-10T21:20:25.592386,1,1575,0.4008522703592714,9.878281759274735e-17,0.4008522703592712,0.4008522703592715,230.89090772694033,576
2026-02-10T21:20:25.607761,1,1576,0.40078153974667924,7.166458808248763e-17,0.40078153974667907,0.4007815397466793,230.85016689408724,576
2026-02-10T21:20:25.622977,1,1577,0.40071297366029374,9.064933036736789e-17,0.40071297366029357,0.4007129736602939,230.8106728283292,576
2026-02-10T21:20:25.638496,1,1578,0.40064665877840183,7.850462293418876e-17,0.4006466587784018,0.400646658778402,230.77247545635944,576
2026-02-10T21:20:25.653973,1,1579,0.40058264868702875,7.850462293418876e-17,0.40058264868702864,0.40058264868702886,230.73560564372855,576
2026-02-10T21:20:25.669216,1,1580,0.40052095882689226,7.166458808248763e-17,0.4005209588268921,0.4005209588268923,230.70007228428994,576
2026-02-10T21:20:25.684707,1,1581,0.4004615644109767,1.0629576194313574e-16,0.4004615644109767,0.4004615644109769,230.66586110072257,576
2026-02-10T21:20:25.700292,1,1582,0.40040440197449206,8.479468414379336e-17,0.400404401974492,0.40040440197449223,230.63293553730742,576
2026-02-10T21:20:25.715541,1,1583,0.4003493741015446,7.166458808248763e-17,0.4003493741015445,0.4003493741015447,230.6012394824897,576
2026-02-10T21:20:25.730799,1,1584,0.4002963575829781,9.878281759274735e-17,0.40029635758297777,0.4002963575829782,230.57070196779537,576
2026-02-10T21:20:25.746119,1,1585,0.40024521404642843,6.409875621278546e-17,0.4002452140464283,0.40024521404642854,230.54124329074278,576
2026-02-10T21:20:25.761411,1,1586,0.4001958023499933,8.479468414379336e-17,0.4001958023499931,0.4001958023499935,230.51278215359613,576
2026-02-10T21:20:25.776739,1,1587,0.4001479917956466,9.064933036736789e-17,0.4001479917956464,0.40014799179564675,230.48524327429243,576
2026-02-10T21:20:25.792263,1,1588,0.400101674822611,6.409875621278546e-17,0.40010167482261083,0.40010167482261105,230.45856469782393,576
2026-02-10T21:20:25.808099,1,1589,0.40005677828575475,9.064933036736789e-17,0.4000567782857545,0.4000567782857549,230.43270429259474,576
2026-02-10T21:20:25.823566,1,1590,0.4000132720755257,9.064933036736789e-17,0.4000132720755256,0.40001327207552595,230.4076447155028,576
2026-02-10T21:20:25.838854,1,1591,0.39997117411329364,6.798699777552591e-17,0.3999711741132935,0.39997117411329375,230.38339628925715,576
2026-02-10T21:20:25.854320,1,1592,0.3999305517305656,1.0629576194313574e-16,0.39993055173056535,0.3999305517305657,230.35999779680577,576
2026-02-10T21:20:25.869692,1,1593,0.39989151835927506,9.614813431917819e-17,0.39989151835927483,0.39989151835927517,230.33751457494242,576
2026-02-10T21:20:25.885036,1,1594,0.3998542268021832,7.850462293418876e-17,0.3998542268021831,0.3998542268021833,230.31603463805752,576
2026-02-10T21:20:25.900376,1,1595,0.39981885877327983,1.0385185452638061e-16,0.3998188587732796,0.39981885877327994,230.29566265340918,576
2026-02-10T21:20:25.915585,1,1596,0.3997856120017793,1.0868472903575298e-16,0.3997856120017792,0.39978561200177953,230.2765125130249,576
2026-02-10T21:20:25.930804,1,1597,0.3997546863070591,8.479468414379336e-17,0.3997546863070589,0.39975468630705935,230.25869931286607,576
2026-02-10T21:20:25.946058,1,1598,0.3997262694547951,9.064933036736789e-17,0.39972626945479495,0.39972626945479517,230.242331205962,576
2026-02-10T21:20:25.961481,1,1599,0.39970052421212554,1.1775693440128312e-16,0.3997005242121253,0.39970052421212576,230.2275019461843,576
2026-02-10T21:20:25.976812,1,1600,0.39967757799455633,1.013490324081353e-16,0.39967757799455605,0.3996775779945565,230.21428492486444,576
2026-02-10T21:20:25.992215,1,1601,0.39965751524613335,6.409875621278546e-17,0.39965751524613324,0.39965751524613347,230.2027287817728,576
2026-02-10T21:20:26.007768,1,1602,0.3996403739556425,8.479468414379336e-17,0.39964037395564234,0.39964037395564267,230.1928553984501,576
2026-02-10T21:20:26.023284,1,1603,0.3996261457461538,9.614813431917819e-17,0.3996261457461536,0.39962614574615396,230.1846599497846,576
2026-02-10T21:20:26.038527,1,1604,0.3996147795605362,9.064933036736789e-17,0.3996147795605359,0.39961477956053637,230.17811302686886,576
2026-02-10T21:20:26.054209,1,1605,0.3996061883528317,8.479468414379336e-17,0.39960618835283146,0.3996061883528319,230.17316449123103,576
2026-02-10T21:20:26.069723,1,1606,0.39960025812751987,9.34391909990421e-17,0.39960025812751976,0.3996002581275201,230.16974868145144,576
2026-02-10T21:20:26.085083,1,1607,0.399596858075482,1.013490324081353e-16,0.39959685807548184,0.3995968580754822,230.16779025147764,576
2026-02-10T21:20:26.100546,1,1608,0.3995958506520434,7.850462293418876e-17,0.39959585065204317,0.3995958506520436,230.167209975577,576
2026-02-10T21:20:26.115974,1,1609,0.39959710136588855,9.064933036736789e-17,0.39959710136588833,0.39959710136588866,230.1679303867518,576
2026-02-10T21:20:26.131420,1,1610,0.3996004866612752,9.064933036736789e-17,0.399600486661275,0.39960048666127534,230.1698803168945,576
2026-02-10T21:20:26.146753,1,1611,0.39960589965185606,8.479468414379336e-17,0.3996058996518558,0.3996058996518561,230.17299819946908,576
2026-02-10T21:20:26.162389,1,1612,0.3996132537961346,1.013490324081353e-16,0.39961325379613444,0.39961325379613466,230.17723418657354,576
2026-02-10T21:20:26.177534,1,1613,0.3996224837760731,8.777083671441753e-17,0.3996224837760729,0.39962248377607323,230.1825506550181,576
2026-02-10T21:20:26.192853,1,1614,0.39963354477543306,9.614813431917819e-17,0.399633544775433,0.3996335447754332,230.18892179064943,576
2026-02-10T21:20:26.208239,1,1615,0.3996464099866281,7.166458808248763e-17,0.3996464099866279,0.39964640998662826,230.19633215229777,576
2026-02-10T21:20:26.223435,1,1616,0.39966106728043993,9.614813431917819e-17,0.3996610672804397,0.39966106728044004,230.2047747535334,576
2026-02-10T21:20:26.238773,1,1617,0.3996775155858384,1.0629576194313574e-16,0.3996775155858382,0.39967751558583864,230.21424897744294,576
2026-02-10T21:20:26.254130,1,1618,0.3996957618052836,9.614813431917819e-17,0.39969576180528343,0.39969576180528377,230.22475879984336,576
2026-02-10T21:20:26.269323,1,1619,0.399715818249155,1.0629576194313574e-16,0.3997158182491547,0.39971581824915514,230.23631131151328,576
2026-02-10T21:20:26.284678,1,1620,0.39973770099582673,1.013490324081353e-16,0.3997377009958266,0.39973770099582695,230.2489157735962,576
2026-02-10T21:20:26.300139,1,1621,0.399761429254859,9.614813431917819e-17,0.3997614292548589,0.39976142925485914,230.2625832507988,576
2026-02-10T21:20:26.315624,1,1622,0.3997870253884297,5.067451620406765e-17,0.3997870253884296,0.3997870253884298,230.27732662373552,576
2026-02-10T21:20:26.330785,1,1623,0.3998145153292731,1.1102230246251565e-16,0.39981451532927303,0.39981451532927326,230.2931608296613,576
2026-02-10T21:20:26.346106,1,1624,0.399843928901527,8.171020218150495e-17,0.39984392890152687,0.3998439289015271,230.31010304727954,576
2026-02-10T21:20:26.361487,1,1625,0.3998753001471187,9.064933036736789e-17,0.3998753001471185,0.3998753001471189,230.32817288474038,576
2026-02-10T21:20:26.377038,1,1626,0.3999086669220385,9.614813431917819e-17,0.3999086669220384,0.39990866692203864,230.34739214709418,576
2026-02-10T21:20:26.392291,1,1627,0.39994406993812376,1.013490324081353e-16,0.3999440699381236,0.3999440699381239,230.3677842843593,576
2026-02-10T21:20:26.407862,1,1628,0.3999815514432552,9.878281759274735e-17,0.399981551443255,0.3999815514432553,230.38937363131498,576
2026-02-10T21:20:26.423264,1,1629,0.4000211533396535,1.0868472903575298e-16,0.40002115333965327,0.4000211533396537,230.41218432364042,576
2026-02-10T21:20:26.438647,1,1630,0.40006291537449495,5.551115123125783e-17,0.4000629153744949,0.400062915374495,230.4362392557091,576
2026-02-10T21:20:26.453954,1,1631,0.4001068736421436,9.614813431917819e-17,0.4001068736421435,0.4001068736421437,230.4615592178747,576
2026-02-10T21:20:26.469464,1,1632,0.4001530593416019,7.850462293418876e-17,0.4001530593416017,0.40015305934160195,230.48816218076269,576
2026-02-10T21:20:26.484871,1,1633,0.4002014986141029,8.171020218150495e-17,0.4002014986141028,0.40020149861410304,230.51606320172328,576
2026-02-10T21:20:26.500160,1,1634,0.4002522128697736,7.166458808248763e-17,0.4002522128697735,0.40025221286977375,230.54527461298957,576
2026-02-10T21:20:26.515838,1,1635,0.40030522019191017,7.166458808248763e-17,0.40030522019191006,0.4003052201919103,230.57580683054027,576
2026-02-10T21:20:26.531342,1,1636,0.40036053731882953,8.479468414379336e-17,0.4003605373188295,0.4003605373188298,230.6076694956458,576
2026-02-10T21:20:26.546905,1,1637,0.4004181819640384,7.166458808248763e-17,0.40041818196403833,0.40041818196403856,230.6408728112861,576
2026-02-10T21:20:26.562492,1,1638,0.40047817512591344,1.0868472903575298e-16,0.4004781751259133,0.40047817512591366,230.67542887252614,576
2026-02-10T21:20:26.577807,1,1639,0.40054054327034144,8.479468414379336e-17,0.4005405432703413,0.4005405432703416,230.71135292371667,576
2026-02-10T21:20:26.593471,1,1640,0.40060531938109445,7.516245408138222e-17,0.4006053193810942,0.40060531938109445,230.7486639635104,576
2026-02-10T21:20:26.608979,1,1641,0.40067254359032933,7.850462293418876e-17,0.4006725435903292,0.40067254359032944,230.7873851080297,576
2026-02-10T21:20:26.624610,1,1642,0.4007422619860303,9.064933036736789e-17,0.40074226198603013,0.40074226198603036,230.82754290395346,576
2026-02-10T21:20:26.640065,1,1643,0.4008145247401069,8.777083671441753e-17,0.4008145247401069,0.40081452474010704,230.8691662503016,576
2026-02-10T21:20:26.655592,1,1644,0.40088938294344323,9.878281759274735e-17,0.400889382943443,0.40088938294344323,230.91228457542329,576
2026-02-10T21:20:26.670963,1,1645,0.4009668849134993,5.551115123125783e-17,0.4009668849134992,0.4009668849134994,230.9569257101756,576
2026-02-10T21:20:26.686568,1,1646,0.401047071919644,1.0629576194313574e-16,0.40104707191964395,0.40104707191964417,231.00311342571496,576
2026-02-10T21:20:26.702070,1,1647,0.40112997419841406,9.064933036736789e-17,0.4011299741984139,0.40112997419841423,231.0508651382865,576
2026-02-10T21:20:26.717230,1,1648,0.401215607509068,7.850462293418876e-17,0.4012156075090678,0.40121560750906804,231.10018992522316,576
2026-02-10T21:20:26.732736,1,1649,0.40130397067910656,9.064933036736789e-17,0.4013039706791064,0.4013039706791067,231.15108711116537,576
2026-02-10T21:20:26.748262,1,1650,0.4013950444032046,1.0868472903575298e-16,0.4013950444032044,0.4013950444032047,231.20354557624586,576
2026-02-10T21:20:26.763764,1,1651,0.4014887915734176,1.0629576194313574e-16,0.40148879157341744,0.40148879157341777,231.25754394628854,576
2026-02-10T21:20:26.779145,1,1652,0.40158515899922714,9.064933036736789e-17,0.401585158999227,0.4015851589992273,231.31305158355482,576
2026-02-10T21:20:26.794793,1,1653,0.40168408071860373,7.166458808248763e-17,0.4016840807186036,0.40168408071860384,231.37003049391575,576
2026-02-10T21:20:26.810353,1,1654,0.4017854819644158,9.614813431917819e-17,0.40178548196441566,0.401785481964416,231.4284376115035,576
2026-02-10T21:20:26.825866,1,1655,0.401889284216495,7.166458808248763e-17,0.40188928421649495,0.40188928421649517,231.48822770870112,576
2026-02-10T21:20:26.841405,1,1656,0.4019954100864692,8.479468414379336e-17,0.4019954100864691,0.40199541008646933,231.54935620980626,576
2026-02-10T21:20:26.856862,1,1657,0.40210378800103047,7.166458808248763e-17,0.4021037880010304,0.40210378800103064,231.61178188859355,576
2026-02-10T21:20:26.872614,1,1658,0.402214355834863,9.064933036736789e-17,0.40221435583486287,0.4022143558348632,231.67546896088106,576
2026-02-10T21:20:26.888062,1,1659,0.40232706338646473,9.064933036736789e-17,0.4023270633864645,0.40232706338646484,231.74038851060368,576
2026-02-10T21:20:26.903626,1,1660,0.40244187310725404,9.064933036736789e-17,0.40244187310725377,0.4024418731072542,231.80651890977833,576
2026-02-10T21:20:26.918974,1,1661,0.4025587594948639,8.479468414379336e-17,0.40255875949486375,0.4025587594948641,231.8738454690416,576
2026-02-10T21:20:26.934609,1,1662,0.40267770675701337,7.850462293418876e-17,0.4026777067570132,0.4026777067570134,231.9423590920397,576
2026-02-10T21:20:26.950342,1,1663,0.40279870581244864,6.409875621278546e-17,0.4027987058124486,0.4027987058124488,232.01205454797042,576
2026-02-10T21:20:26.965689,1,1664,0.40292175043823814,1.1102230246251565e-16,0.40292175043823797,0.4029217504382383,232.08292825242518,576
2026-02-10T21:20:26.981340,1,1665,0.40304683389732493,8.479468414379336e-17,0.40304683389732476,0.403046833897325,232.15497632485915,576
2026-02-10T21:20:26.996809,1,1666,0.4031739459490589,8.479468414379336e-17,0.40317394594905875,0.403173945949059,232.22819286665793,576
2026-02-10T21:20:27.012369,1,1667,0.40330307140192256,9.34391909990421e-17,0.40330307140192245,0.4033030714019227,232.3025691275074,576
2026-02-10T21:20:27.028371,1,1668,0.4034341896682837,1.0629576194313574e-16,0.4034341896682836,0.4034341896682839,232.3780932489314,576
2026-02-10T21:20:27.044258,1,1669,0.40356727606485343,9.34391909990421e-17,0.4035672760648533,0.40356727606485365,232.45475101335558,576
2026-02-10T21:20:27.060108,1,1670,0.4037023044380621,8.777083671441753e-17,0.4037023044380619,0.4037023044380622,232.53252735632375,576
2026-02-10T21:20:27.076105,1,1671,0.4038392504095521,9.064933036736789e-17,0.4038392504095518,0.40383925040955215,232.61140823590202,576
2026-02-10T21:20:27.092682,1,1672,0.40397809503539583,9.34391909990421e-17,0.4039780950353957,0.40397809503539595,232.691382740388,576
2026-02-10T21:20:27.109050,1,1673,0.4041188284104939,9.064933036736789e-17,0.40411882841049374,0.4041188284104942,232.7724451644445,576
2026-02-10T21:20:27.125062,1,1674,0.404261452235779,1.0629576194313574e-16,0.4042614522357788,0.40426145223577914,232.8545964878087,576
2026-02-10T21:20:27.141498,1,1675,0.404405981467072,1.013490324081353e-16,0.40440598146707185,0.4044059814670722,232.9378453250335,576
2026-02-10T21:20:27.157838,1,1676,0.40455244445682337,1.0868472903575298e-16,0.40455244445682326,0.4045524444568235,233.02220800713025,576
2026-02-10T21:20:27.174534,1,1677,0.4047008816598906,9.34391909990421e-17,0.4047008816598904,0.4047008816598908,233.10770783609698,576
2026-02-10T21:20:27.191101,1,1678,0.4048513431043643,1.1331166295920987e-16,0.4048513431043641,0.40485134310436444,233.19437362811385,576
2026-02-10T21:20:27.207859,1,1679,0.40500388480779126,9.878281759274735e-17,0.40500388480779115,0.4050038848077915,233.28223764928777,576
2026-02-10T21:20:27.224541,1,1680,0.40515856461604066,9.064933036736789e-17,0.4051585646160405,0.4051585646160407,233.37133321883942,576
2026-02-10T21:20:27.241315,1,1681,0.405315437624317,1.1102230246251565e-16,0.40531543762431677,0.4053154376243172,233.4616920716066,576
2026-02-10T21:20:27.257358,1,1682,0.40547455219772455,8.171020218150495e-17,0.40547455219772444,0.40547455219772477,233.55334206588932,576
2026-02-10T21:20:27.272897,1,1683,0.4056359462357939,8.171020218150495e-17,0.4056359462357938,0.405635946235794,233.6463050318173,576
2026-02-10T21:20:27.288470,1,1684,0.4057996444038107,9.614813431917819e-17,0.40579964440381056,0.4057996444038109,233.74059517659498,576
2026-02-10T21:20:27.303911,1,1685,0.405965656464114,8.171020218150495e-17,0.40596565646411387,0.4059656564641142,233.83621812332964,576
2026-02-10T21:20:27.319849,1,1686,0.40613397672848306,7.850462293418876e-17,0.40613397672848295,0.4061339767284833,233.93317059560624,576
2026-02-10T21:20:27.335324,1,1687,0.40630458452264484,9.34391909990421e-17,0.40630458452264473,0.40630458452264506,234.03144068504344,576
2026-02-10T21:20:27.350942,1,1688,0.4064774455983431,9.34391909990421e-17,0.40647744559834287,0.4064774455983433,234.1310086646456,576
2026-02-10T21:20:27.366640,1,1689,0.406652514550706,9.064933036736789e-17,0.40665251455070595,0.40665251455070617,234.23184838120665,576
2026-02-10T21:20:27.382232,1,1690,0.40682973733556327,5.99588961666477e-17,0.40682973733556316,0.4068297373355634,234.33392870528445,576
2026-02-10T21:20:27.397942,1,1691,0.40700905448404767,1.013490324081353e-16,0.40700905448404745,0.4070090544840478,234.43721538281147,576
2026-02-10T21:20:27.413577,1,1692,0.4071904037678564,7.850462293418876e-17,0.4071904037678562,0.40719040376785653,234.5416725702853,576
2026-02-10T21:20:27.429221,1,1693,0.40737372257638693,9.064933036736789e-17,0.4073737225763867,0.40737372257638704,234.64726420399887,576
2026-02-10T21:20:27.444805,1,1694,0.40755894976876084,9.878281759274735e-17,0.4075589497687607,0.40755894976876095,234.75395506680624,576
2026-02-10T21:20:27.460562,1,1695,0.4077460264725462,7.850462293418876e-17,0.407746026472546,0.4077460264725462,234.86171124818662,576
2026-02-10T21:20:27.476494,1,1696,0.4079348961922298,9.34391909990421e-17,0.40793489619222967,0.4079348961922299,234.97050020672435,576
2026-02-10T21:20:27.492501,1,1697,0.40812550363255745,9.614813431917819e-17,0.4081255036325574,0.4081255036325576,235.0802900923531,576
2026-02-10T21:20:27.508747,1,1698,0.4083177935239342,7.166458808248763e-17,0.40831779352393405,0.4083177935239344,235.19104906978612,576
2026-02-10T21:20:27.524653,1,1699,0.4085117084345517,9.614813431917819e-17,0.40851170843455153,0.40851170843455176,235.30274405830178,576
2026-02-10T21:20:27.540922,1,1700,0.40870718707025905,7.850462293418876e-17,0.4087071870702589,0.4087071870702592,235.4153397524692,576
2026-02-10T21:20:27.556976,1,1701,0.4089041628755873,1.0629576194313574e-16,0.40890416287558706,0.4089041628755874,235.52879781633828,576
2026-02-10T21:20:27.572967,1,1702,0.4091025632610195,7.166458808248763e-17,0.40910256326101935,0.4091025632610197,235.64307643834724,576
2026-02-10T21:20:27.588566,1,1703,0.40930230999419454,6.409875621278546e-17,0.40930230999419437,0.4093023099941946,235.75813055665606,576
2026-02-10T21:20:27.604270,1,1704,0.4095033210272861,7.850462293418876e-17,0.40950332102728604,0.40950332102728626,235.8739129117168,576
2026-02-10T21:20:27.620011,1,1705,0.4097055127621672,6.409875621278546e-17,0.40970551276216705,0.40970551276216727,235.9903753510083,576
2026-02-10T21:20:27.635554,1,1706,0.4099088039885135,8.171020218150495e-17,0.40990880398851337,0.4099088039885136,236.10747109738378,576
2026-02-10T21:20:27.651032,1,1707,0.4101131196477596,8.479468414379336e-17,0.4101131196477594,0.41011311964775976,236.22515691710953,576
2026-02-10T21:20:27.666594,1,1708,0.4103183953302722,6.409875621278546e-17,0.41031839533027215,0.41031839533027237,236.3433957102368,576
2026-02-10T21:20:27.682428,1,1709,0.4105245808567684,7.850462293418876e-17,0.41052458085676824,0.41052458085676846,236.4621585734986,576
2026-02-10T21:20:27.697945,1,1710,0.4107316435109544,1.1102230246251565e-16,0.41073164351095415,0.4107316435109546,236.58142666230975,576
2026-02-10T21:20:27.713587,1,1711,0.4109395700049912,7.166458808248763e-17,0.41093957000499104,0.4109395700049914,236.70119232287493,576
2026-02-10T21:20:27.729289,1,1712,0.41114836741684235,9.34391909990421e-17,0.41114836741684213,0.41114836741684246,236.82145963210118,576
2026-02-10T21:20:27.744900,1,1713,0.4113580628099518,8.171020218150495e-17,0.4113580628099516,0.4113580628099519,236.94224417853223,576
2026-02-10T21:20:27.760528,1,1714,0.41156870150516767,1.1102230246251565e-16,0.41156870150516756,0.4115687015051679,237.06357206697658,576
2026-02-10T21:20:27.776071,1,1715,0.4117803445374203,1.013490324081353e-16,0.4117803445374202,0.4117803445374204,237.18547845355408,576
2026-02-10T21:20:27.791735,1,1716,0.41199306517923645,7.850462293418876e-17,0.4119930651792363,0.4119930651792366,237.3080055432402,576
2026-02-10T21:20:27.807309,1,1717,0.41220694476100994,1.0868472903575298e-16,0.41220694476100983,0.41220694476101005,237.43120018234174,576
2026-02-10T21:20:27.822880,1,1718,0.4124220679435883,8.479468414379336e-17,0.41242206794358804,0.4124220679435884,237.55511113550688,576
2026-02-10T21:20:27.838383,1,1719,0.41263851780108457,9.064933036736789e-17,0.4126385178010845,0.41263851780108474,237.6797862534247,576
2026-02-10T21:20:27.854057,1,1720,0.4128563704300476,7.166458808248763e-17,0.4128563704300474,0.41285637043004764,237.8052693677074,576
2026-02-10T21:20:27.869638,1,1721,0.41307568992371674,9.064933036736789e-17,0.41307568992371657,0.4130756899237169,237.93159739606085,576
2026-02-10T21:20:27.885471,1,1722,0.41329652312312426,9.34391909990421e-17,0.41329652312312415,0.4132965231231245,238.05879731891957,576
2026-02-10T21:20:27.900921,1,1723,0.4135188951081817,9.614813431917819e-17,0.41351889510818163,0.41351889510818185,238.18688358231265,576
2026-02-10T21:20:27.916691,1,1724,0.4137428052658807,9.34391909990421e-17,0.4137428052658805,0.4137428052658809,238.31585583314728,576
2026-02-10T21:20:27.932296,1,1725,0.4139682246539977,9.064933036736789e-17,0.4139682246539975,0.41396822465399785,238.44569740070267,576
2026-02-10T21:20:27.947865,1,1726,0.41419509433968205,8.777083671441753e-17,0.4141950943396818,0.41419509433968227,238.57637433965687,576
2026-02-10T21:20:27.963639,1,1727,0.414423325689714,9.064933036736789e-17,0.41442332568971385,0.4144233256897143,238.70783559727528,576
2026-02-10T21:20:27.979063,1,1728,0.4146528022006059,8.479468414379336e-17,0.41465280220060585,0.4146528022006062,238.840014067549,576
2026-02-10T21:20:27.994817,1,1729,0.4148833827133918,9.064933036736789e-17,0.41488338271339165,0.41488338271339187,238.97282844291368,576
2026-02-10T21:20:28.010249,1,1730,0.4151149065078608,7.850462293418876e-17,0.41511490650786076,0.415114906507861,239.10618614852783,576
2026-02-10T21:20:28.025965,1,1731,0.4153471991893374,9.878281759274735e-17,0.41534719918933727,0.4153471991893375,239.23998673305832,576
2026-02-10T21:20:28.041622,1,1732,0.41558007917197287,1.1102230246251565e-16,0.4155800791719727,0.41558007917197304,239.37412560305637,576
2026-02-10T21:20:28.057167,1,1733,0.4158133646689816,7.166458808248763e-17,0.41581336466898144,0.41581336466898167,239.5084980493334,576
2026-02-10T21:20:28.072852,1,1734,0.4160468799566972,1.0385185452638061e-16,0.4160468799566971,0.4160468799566974,239.6430028550576,576
2026-02-10T21:20:28.088392,1,1735,0.4162804609693511,5.99588961666477e-17,0.416280460969351,0.41628046096935123,239.77754551834624,576
2026-02-10T21:20:28.104043,1,1736,0.41651395987475986,8.479468414379336e-17,0.4165139598747597,0.41651395987476003,239.91204088786168,576
2026-02-10T21:20:28.119570,1,1737,0.4167472484291959,7.850462293418876e-17,0.41674724842919586,0.4167472484291961,240.04641509521684,576
2026-02-10T21:20:28.135095,1,1738,0.41698021943592145,4.5324665183683945e-17,0.41698021943592134,0.41698021943592156,240.18060639509076,576
2026-02-10T21:20:28.150626,1,1739,0.41721278729676214,9.34391909990421e-17,0.41721278729676203,0.41721278729676237,240.314565482935,576
2026-02-10T21:20:28.166203,1,1740,0.4174448872287901,7.166458808248763e-17,0.4174448872287899,0.41744488722879014,240.4482550437831,576
2026-02-10T21:20:28.181904,1,1741,0.41767647336339564,7.516245408138222e-17,0.41767647336339553,0.41767647336339575,240.5816486573159,576
2026-02-10T21:20:28.197552,1,1742,0.4179075159754592,9.064933036736789e-17,0.41790751597545894,0.4179075159754593,240.71472920186451,576
2026-02-10T21:20:28.213103,1,1743,0.4181379982640833,9.064933036736789e-17,0.41813799826408327,0.4181379982640835,240.84748700011198,576
2026-02-10T21:20:28.228793,1,1744,0.41836791246768956,8.171020218150495e-17,0.41836791246768934,0.4183679124676898,240.9799175813892,576
2026-02-10T21:20:28.244317,1,1745,0.4185972557732942,7.850462293418876e-17,0.418597255773294,0.4185972557732943,241.11201932541746,576
2026-02-10T21:20:28.260025,1,1746,0.4188260260629311,5.551115123125783e-17,0.41882602606293107,0.4188260260629312,241.24379101224832,576
2026-02-10T21:20:28.275509,1,1747,0.41905421763361506,9.34391909990421e-17,0.41905421763361494,0.41905421763361517,241.37522935696228,576
2026-02-10T21:20:28.291332,1,1748,0.41928181671971404,9.064933036736789e-17,0.4192818167197139,0.4192818167197143,241.50632643055528,576
2026-02-10T21:20:28.306990,1,1749,0.41950879824598275,1.1775693440128312e-16,0.41950879824598275,0.419508798245983,241.63706778968606,576
2026-02-10T21:20:28.322690,1,1750,0.41973512226603366,7.850462293418876e-17,0.4197351222660336,0.4197351222660338,241.76743042523537,576
2026-02-10T21:20:28.338332,1,1751,0.4199607324937664,1.013490324081353e-16,0.4199607324937662,0.4199607324937664,241.89738191640944,576
2026-02-10T21:20:28.353798,1,1752,0.4201855556488039,8.777083671441753e-17,0.4201855556488038,0.420185555648804,242.02688005371104,576
2026-02-10T21:20:28.369583,1,1753,0.4204095028712737,1.0629576194313574e-16,0.42040950287127343,0.42040950287127377,242.15587365385366,576
2026-02-10T21:20:28.385216,1,1754,0.4206324732968998,7.166458808248763e-17,0.4206324732968997,0.4206324732968999,242.28430461901428,576
2026-02-10T21:20:28.400829,1,1755,0.4208543595014841,9.064933036736789e-17,0.420854359501484,0.4208543595014843,242.41211107285483,576
2026-02-10T21:20:28.416508,1,1756,0.4210750546915556,8.777083671441753e-17,0.4210750546915555,0.4210750546915558,242.53923150233604,576
2026-02-10T21:20:28.432106,1,1757,0.42129446144350147,7.166458808248763e-17,0.42129446144350124,0.4212944614435016,242.66560979145686,576
2026-02-10T21:20:28.447704,1,1758,0.4215125008987877,7.850462293418876e-17,0.42151250089878756,0.4215125008987879,242.79120051770172,576
2026-02-10T21:20:28.463204,1,1759,0.4217291213782035,7.850462293418876e-17,0.4217291213782034,0.4217291213782036,242.91597391384522,576
2026-02-10T21:20:28.478900,1,1760,0.42194430626492263,7.850462293418876e-17,0.4219443062649225,0.42194430626492274,243.03992040859544,576
2026-02-10T21:20:28.494530,1,1761,0.4221580786916647,7.166458808248763e-17,0.42215807869166455,0.4221580786916649,243.16305332639888,576
2026-02-10T21:20:28.510190,1,1762,0.42237050381392827,5.99588961666477e-17,0.42237050381392816,0.4223705038139284,243.28541019682268,576
2026-02-10T21:20:28.525830,1,1763,0.42258168684945463,7.850462293418876e-17,0.4225816868494544,0.42258168684945474,243.40705162528587,576
2026-02-10T21:20:28.541468,1,1764,0.42279176745166136,9.878281759274735e-17,0.42279176745166125,0.42279176745166147,243.52805805215695,576
2026-02-10T21:20:28.556979,1,1765,0.4230009103972337,8.479468414379336e-17,0.42300091039723353,0.42300091039723386,243.6485243888066,576
2026-02-10T21:20:28.572786,1,1766,0.4232092928757348,9.614813431917819e-17,0.4232092928757346,0.42320929287573494,243.76855269642323,576
2026-02-10T21:20:28.588347,1,1767,0.423417090395967,6.798699777552591e-17,0.42341709039596687,0.4234170903959671,243.88824406807697,576
2026-02-10T21:20:28.604144,1,1768,0.4236244613996647,7.850462293418876e-17,0.4236244613996645,0.4236244613996648,244.00768976620685,576
2026-02-10T21:20:28.619857,1,1769,0.4238315326651129,9.064933036736789e-17,0.42383153266511275,0.4238315326651131,244.12696281510503,576
2026-02-10T21:20:28.635472,1,1770,0.4240383866327548,8.479468414379336e-17,0.4240383866327546,0.42403838663275495,244.24611070046674,576
2026-02-10T21:20:28.651082,1,1771,0.4242450521809214,9.064933036736789e-17,0.42424505218092123,0.42424505218092157,244.36515005621072,576
2026-02-10T21:20:28.667035,1,1772,0.42445149918834585,7.850462293418876e-17,0.4244514991883457,0.4244514991883459,244.4840635324872,576
2026-02-10T21:20:28.682711,1,1773,0.4246576379864324,1.1331166295920987e-16,0.4246576379864322,0.4246576379864325,244.60279948018507,576
2026-02-10T21:20:28.698435,1,1774,0.42486332351234335,8.479468414379336e-17,0.4248633235123431,0.42486332351234346,244.72127434310977,576
2026-02-10T21:20:28.714122,1,1775,0.4250683636400483,1.1102230246251565e-16,0.4250683636400482,0.4250683636400485,244.83937745666782,576
2026-02-10T21:20:28.729871,1,1776,0.42527253152947264,9.064933036736789e-17,0.42527253152947253,0.42527253152947275,244.95697816097623,576
2026-02-10T21:20:28.745575,1,1777,0.42547558017903864,9.064933036736789e-17,0.42547558017903864,0.42547558017903886,245.07393418312625,576
2026-02-10T21:20:28.761250,1,1778,0.42567725869883144,7.166458808248763e-17,0.4256772586988312,0.42567725869883155,245.19010101052692,576
2026-02-10T21:20:28.777005,1,1779,0.42587732784336385,9.614813431917819e-17,0.42587732784336374,0.42587732784336396,245.30534083777758,576
2026-02-10T21:20:28.793382,1,1780,0.4260755750154964,5.551115123125783e-17,0.4260755750154963,0.42607557501549653,245.41953120892595,576
2026-02-10T21:20:28.809239,1,1781,0.4262718259639805,8.777083671441753e-17,0.4262718259639803,0.4262718259639806,245.53257175525277,576
2026-02-10T21:20:28.825244,1,1782,0.42646595344458,5.551115123125783e-17,0.42646595344457994,0.42646595344458005,245.64438918407808,576
2026-02-10T21:20:28.840960,1,1783,0.4266578813090886,9.614813431917819e-17,0.42665788130908844,0.42665788130908877,245.75493963403503,576
2026-02-10T21:20:28.856579,1,1784,0.4268475847675406,1.0629576194313574e-16,0.42684758476754037,0.4268475847675408,245.86420882610338,576
2026-02-10T21:20:28.872270,1,1785,0.4270350861104645,1.013490324081353e-16,0.42703508611046437,0.4270350861104646,245.97220959962755,576
2026-02-10T21:20:28.887958,1,1786,0.4272204466074672,1.199177923332954e-16,0.42722044660746683,0.4272204466074674,246.07897724590111,576
2026-02-10T21:20:28.903901,1,1787,0.4274037558815922,1.013490324081353e-16,0.4274037558815921,0.4274037558815923,246.18456338779708,576
2026-02-10T21:20:28.921016,1,1788,0.427585119237817,9.064933036736789e-17,0.42758511923781684,0.42758511923781717,246.2890286809826,576
2026-02-10T21:20:28.937653,1,1789,0.4277646443468326,7.850462293418876e-17,0.42776464434683237,0.4277646443468328,246.39243514377557,576
2026-02-10T21:20:28.953765,1,1790,0.4279424281821401,8.777083671441753e-17,0.42794242818214,0.42794242818214034,246.49483863291272,576
2026-02-10T21:20:28.969823,1,1791,0.42811854628680684,6.409875621278546e-17,0.4281185462868067,0.4281185462868069,246.59628266120075,576
2026-02-10T21:20:28.986022,1,1792,0.4282930436446271,6.409875621278546e-17,0.42829304364462706,0.4282930436446273,246.6967931393052,576
2026-02-10T21:20:29.002039,1,1793,0.4284659294644698,1.1775693440128312e-16,0.4284659294644696,0.4284659294644698,246.79637537153462,576
2026-02-10T21:20:29.018050,1,1794,0.42863717479932795,4.5324665183683945e-17,0.42863717479932784,0.42863717479932806,246.8950126844129,576
2026-02-10T21:20:29.033820,1,1795,0.42880671403121523,7.850462293418876e-17,0.42880671403121506,0.4288067140312153,246.99266728197998,576
2026-02-10T21:20:29.049505,1,1796,0.4289744494374387,8.171020218150495e-17,0.42897444943743857,0.4289744494374388,247.08928287596467,576
2026-02-10T21:20:29.065372,1,1797,0.4291402578984021,8.479468414379336e-17,0.42914025789840193,0.42914025789840216,247.1847885494796,576
2026-02-10T21:20:29.081153,1,1798,0.4293040002069541,1.1102230246251565e-16,0.4293040002069539,0.42930400020695436,247.27910411920556,576
2026-02-10T21:20:29.097042,1,1799,0.4294655305092577,6.409875621278546e-17,0.4294655305092576,0.42946553050925784,247.37214557333243,576
2026-02-10T21:20:29.112782,1,1800,0.4296247064329543,9.064933036736789e-17,0.42962470643295403,0.4296247064329545,247.46383090538168,576
2026-02-10T21:20:29.128547,1,1801,0.42978139835626905,7.166458808248763e-17,0.42978139835626883,0.42978139835626916,247.55408545321097,576
2026-02-10T21:20:29.144369,1,1802,0.4299354972338835,9.064933036736789e-17,0.42993549723388347,0.4299354972338837,247.6428464067169,576
2026-02-10T21:20:29.160149,1,1803,0.4300869205270195,7.850462293418876e-17,0.43008692052701936,0.4300869205270197,247.73006622356326,576
2026-02-10T21:20:29.175848,1,1804,0.43023561589628434,7.850462293418876e-17,0.43023561589628423,0.43023561589628445,247.81571475625978,576
2026-02-10T21:20:29.191624,1,1805,0.43038156217815576,8.479468414379336e-17,0.4303815621781556,0.4303815621781558,247.89977981461772,576
2026-02-10T21:20:29.207503,1,1806,0.4305247679203377,9.614813431917819e-17,0.43052476792033756,0.4305247679203379,247.98226632211453,576
2026-02-10T21:20:29.223213,1,1807,0.4306652675278868,5.067451620406765e-17,0.4306652675278867,0.4306652675278869,248.0631940960628,576
2026-02-10T21:20:29.238933,1,1808,0.4308031153962081,8.777083671441753e-17,0.43080311539620786,0.4308031153962081,248.14259446821586,576
2026-02-10T21:20:29.254876,1,1809,0.43093837836336474,9.614813431917819e-17,0.43093837836336446,0.4309383783633649,248.2205059372981,576
2026-02-10T21:20:29.271297,1,1810,0.43107112731475183,8.479468414379336e-17,0.4310711273147517,0.43107112731475195,248.29696933329706,576
2026-02-10T21:20:29.287474,1,1811,0.43120142821580854,7.516245408138222e-17,0.4312014282158084,0.43120142821580876,248.3720226523057,576
2026-02-10T21:20:29.303854,1,1812,0.4313293342008109,9.614813431917819e-17,0.43132933420081077,0.431329334200811,248.44569649966706,576
2026-02-10T21:20:29.320021,1,1813,0.4314548778612815,8.479468414379336e-17,0.43145487786128134,0.43145487786128156,248.51800964809814,576
2026-02-10T21:20:29.336196,1,1814,0.43157806596671694,9.614813431917819e-17,0.4315780659667168,0.4315780659667171,248.58896599682896,576
2026-02-10T21:20:29.352517,1,1815,0.4316988759194845,8.479468414379336e-17,0.4316988759194844,0.43169887591948475,248.65855252962308,576
2026-02-10T21:20:29.368608,1,1816,0.4318172548570728,1.1555567610933196e-16,0.4318172548570727,0.431817254857073,248.72673879767393,576
2026-02-10T21:20:29.384777,1,1817,0.43193312093332253,9.064933036736789e-17,0.43193312093332237,0.4319331209333226,248.79347765759377,576
2026-02-10T21:20:29.400845,1,1818,0.43204636743725494,7.850462293418876e-17,0.4320463674372548,0.4320463674372551,248.85870764385885,576
2026-02-10T21:20:29.416720,1,1819,0.43215686848081475,1.013490324081353e-16,0.4321568684808146,0.4321568684808149,248.9223562449493,576
2026-02-10T21:20:29.432731,1,1820,0.4322644868394869,1.013490324081353e-16,0.4322644868394868,0.43226448683948715,248.98434441954447,576
2026-02-10T21:20:29.448661,1,1821,0.4323690824365807,9.34391909990421e-17,0.4323690824365807,0.4323690824365809,249.04459148347047,576
2026-02-10T21:20:29.464711,1,1822,0.4324705215292085,1.0868472903575298e-16,0.4324705215292084,0.4324705215292086,249.1030204008241,576
2026-02-10T21:20:29.480408,1,1823,0.43256868588509423,1.1775693440128312e-16,0.432568685885094,0.43256868588509434,249.15956306981428,576
2026-02-10T21:20:29.496124,1,1824,0.4326634811605164,1.0629576194313574e-16,0.4326634811605161,0.43266348116051645,249.21416514845745,576
2026-02-10T21:20:29.511851,1,1825,0.43275484423900523,7.516245408138222e-17,0.4327548442390051,0.43275484423900534,249.266790281667,576
2026-02-10T21:20:29.527652,1,1826,0.4328427489564163,7.850462293418876e-17,0.43284274895641617,0.4328427489564164,249.31742339889578,576
2026-02-10T21:20:29.543640,1,1827,0.4329272100470907,8.479468414379336e-17,0.43292721004709056,0.4329272100470908,249.36607298712426,576
2026-02-10T21:20:29.560270,1,1828,0.43300828472399555,8.777083671441753e-17,0.43300828472399544,0.43300828472399566,249.41277200102144,576
2026-02-10T21:20:29.576499,1,1829,0.43308607226565077,9.614813431917819e-17,0.43308607226565055,0.433086072265651,249.45757762501484,576
2026-02-10T21:20:29.592893,1,1830,0.43316071071564666,7.850462293418876e-17,0.43316071071564655,0.43316071071564677,249.50056937221248,576
2026-02-10T21:20:29.609256,1,1831,0.4332323715844654,7.166458808248763e-17,0.43323237158446526,0.4332323715844656,249.54184603265207,576
2026-02-10T21:20:29.625706,1,1832,0.43330125223634613,7.166458808248763e-17,0.4333012522363461,0.4333012522363463,249.58152128813538,576
2026-02-10T21:20:29.641745,1,1833,0.4333675665354554,8.777083671441753e-17,0.43336756653545516,0.4333675665354555,249.6197183244223,576
2026-02-10T21:20:29.657803,1,1834,0.4334315337338936,9.614813431917819e-17,0.4334315337338933,0.43343153373389365,249.6565634307227,576
2026-02-10T21:20:29.673618,1,1835,0.4334933671990383,6.798699777552591e-17,0.4334933671990382,0.4334933671990384,249.69217950664606,576
2026-02-10T21:20:29.689518,1,1836,0.43355326310494985,7.166458808248763e-17,0.4335532631049498,0.43355326310495,249.7266795484511,576
2026-02-10T21:20:29.705562,1,1837,0.43361138987578607,1.0385185452638061e-16,0.43361138987578596,0.4336113898757862,249.76016056845276,576
2026-02-10T21:20:29.721568,1,1838,0.4336678799161499,8.479468414379336e-17,0.43366787991614975,0.4336678799161501,249.79269883170235,576
2026-02-10T21:20:29.737441,1,1839,0.433722823332338,8.479468414379336e-17,0.4337228233323378,0.43372282333233814,249.8243462394267,576
2026-02-10T21:20:29.753290,1,1840,0.43377626523364854,7.516245408138222e-17,0.4337762652336483,0.43377626523364865,249.85512877458154,576
2026-02-10T21:20:29.768994,1,1841,0.4338282060032883,7.850462293418876e-17,0.4338282060032882,0.4338282060032884,249.88504665789407,576
2026-02-10T21:20:29.785083,1,1842,0.4338786051139037,9.614813431917819e-17,0.4338786051139034,0.43387860511390386,249.91407654560854,576
2026-02-10T21:20:29.800857,1,1843,0.4339273878365593,1.1102230246251565e-16,0.43392738783655926,0.4339273878365595,249.94217539385818,576
2026-02-10T21:20:29.816673,1,1844,0.4339744542635068,7.850462293418876e-17,0.43397445426350667,0.4339744542635069,249.9692856557799,576
2026-02-10T21:20:29.832637,1,1845,0.4340196900394236,8.479468414379336e-17,0.43401969003942353,0.43401969003942376,249.99534146270798,576
2026-02-10T21:20:29.848535,1,1846,0.4340629776193232,7.850462293418876e-17,0.4340629776193231,0.43406297761932333,250.02027510873017,576
2026-02-10T21:20:29.864418,1,1847,0.4341042073938868,8.171020218150495e-17,0.43410420739388667,0.4341042073938869,250.04402345887877,576
2026-02-10T21:20:29.880199,1,1848,0.4341432875776064,9.614813431917819e-17,0.43414328757760634,0.4341432875776067,250.06653364470128,576
2026-02-10T21:20:29.895945,1,1849,0.434180152276297,8.479468414379336e-17,0.4341801522762969,0.43418015227629725,250.08776771114708,576
2026-02-10T21:20:29.911738,1,1850,0.4342147671640362,9.614813431917819e-17,0.43421476716403606,0.4342147671640363,250.10770588648484,576
2026-02-10T21:20:29.927622,1,1851,0.434247132535284,1.0868472903575298e-16,0.4342471325352837,0.434247132535284,250.1263483403236,576
2026-02-10T21:20:29.943447,1,1852,0.43427728374643315,6.409875621278546e-17,0.43427728374643304,0.43427728374643326,250.1437154379455,576
2026-02-10T21:20:29.959575,1,1853,0.43430528909360017,6.409875621278546e-17,0.4343052890936001,0.43430528909360033,250.1598465179137,576
2026-02-10T21:20:29.975434,1,1854,0.43433124545585655,7.516245408138222e-17,0.43433124545585644,0.4343312454558568,250.17479738257336,576
2026-02-10T21:20:29.991408,1,1855,0.43435527271240776,6.409875621278546e-17,0.4343552727124076,0.4343552727124078,250.18863708234687,576
2026-02-10T21:20:30.007148,1,1856,0.43437750694261634,8.777083671441753e-17,0.43437750694261623,0.43437750694261645,250.201443998947,576
2026-02-10T21:20:30.022964,1,1857,0.43439809295763304,1.013490324081353e-16,0.4343980929576329,0.4343980929576332,250.21330154359663,576
2026-02-10T21:20:30.038879,1,1858,0.43441717772503907,6.409875621278546e-17,0.43441717772503885,0.4344171777250392,250.2242943696225,576
2026-02-10T21:20:30.054673,1,1859,0.4344349037800894,8.479468414379336e-17,0.4344349037800893,0.43443490378008953,250.2345045773315,576
2026-02-10T21:20:30.070573,1,1860,0.43445140425071166,7.166458808248763e-17,0.4344514042507115,0.4344514042507117,250.24400884840992,576
2026-02-10T21:20:30.086508,1,1861,0.43446679906888874,7.850462293418876e-17,0.4344667990688885,0.43446679906888885,250.25287626367992,576
2026-02-10T21:20:30.102214,1,1862,0.43448119240169186,7.850462293418876e-17,0.4344811924016917,0.43448119240169203,250.2611668233745,576
2026-02-10T21:20:30.117856,1,1863,0.4344946715193013,8.171020218150495e-17,0.4344946715193011,0.4344946715193013,250.26893079511757,576
2026-02-10T21:20:30.133791,1,1864,0.4345073069227979,1.1555567610933196e-16,0.4345073069227976,0.43450730692279804,250.27620878753157,576
2026-02-10T21:20:30.149667,1,1865,0.43451915310131406,1.1102230246251565e-16,0.43451915310131384,0.43451915310131417,250.2830321863569,576
2026-02-10T21:20:30.165379,1,1866,0.43453024993550554,8.479468414379336e-17,0.43453024993550526,0.4345302499355056,250.2894239628512,576
2026-02-10T21:20:30.181173,1,1867,0.43454062414559746,9.064933036736789e-17,0.43454062414559724,0.43454062414559746,250.29539950786415,576
2026-02-10T21:20:30.197062,1,1868,0.4345502908017397,8.171020218150495e-17,0.43455029080173946,0.4345502908017398,250.30096750180206,576
2026-02-10T21:20:30.212806,1,1869,0.4345592541393097,8.479468414379336e-17,0.4345592541393095,0.43455925413930974,250.30613038424238,576
2026-02-10T21:20:30.228557,1,1870,0.43456750824718504,5.99588961666477e-17,0.43456750824718493,0.43456750824718515,250.3108847503786,576
2026-02-10T21:20:30.244477,1,1871,0.4345750374029111,7.850462293418876e-17,0.4345750374029108,0.43457503740291115,250.3152215440768,576
2026-02-10T21:20:30.260385,1,1872,0.43458181576491656,6.409875621278546e-17,0.4345818157649164,0.4345818157649166,250.31912588059194,576
2026-02-10T21:20:30.276151,1,1873,0.4345878074845495,7.850462293418876e-17,0.4345878074845494,0.4345878074845496,250.32257711110051,576
2026-02-10T21:20:30.291995,1,1874,0.43459296674454095,1.0385185452638061e-16,0.43459296674454084,0.43459296674454106,250.3255488448556,576
2026-02-10T21:20:30.308092,1,1875,0.43459723864137284,8.479468414379336e-17,0.4345972386413727,0.434597238641373,250.32800945743077,576
2026-02-10T21:20:30.323909,1,1876,0.43460056059547864,9.614813431917819e-17,0.43460056059547836,0.4346005605954788,250.3299229029957,576
2026-02-10T21:20:30.339834,1,1877,0.43460286503566997,7.850462293418876e-17,0.4346028650356698,0.43460286503567,250.33125026054591,576
2026-02-10T21:20:30.355654,1,1878,0.43460408282244933,7.166458808248763e-17,0.4346040828224492,0.43460408282244944,250.33195170573083,576
2026-02-10T21:20:30.371509,1,1879,0.43460414755427607,9.614813431917819e-17,0.4346041475542758,0.43460414755427623,250.33198899126302,576
2026-02-10T21:20:30.387344,1,1880,0.4346030005661534,1.1102230246251565e-16,0.4346030005661532,0.43460300056615364,250.33132832610437,576
2026-02-10T21:20:30.403363,1,1881,0.43460059608871837,1.0629576194313574e-16,0.43460059608871815,0.4346005960887185,250.3299433471018,576
2026-02-10T21:20:30.419160,1,1882,0.43459690604643775,8.171020218150495e-17,0.43459690604643764,0.43459690604643786,250.32781788274815,576
2026-02-10T21:20:30.434925,1,1883,0.4345919243191938,8.171020218150495e-17,0.4345919243191936,0.4345919243191939,250.32494840785563,576
2026-02-10T21:20:30.450883,1,1884,0.43458566998784526,7.166458808248763e-17,0.4345856699878451,0.4345856699878453,250.32134591299888,576
2026-02-10T21:20:30.466733,1,1885,0.4345781890941477,1.0385185452638061e-16,0.4345781890941476,0.4345781890941478,250.31703691822906,576
2026-02-10T21:20:30.482591,1,1886,0.43456955470623393,8.479468414379336e-17,0.4345695547062337,0.43456955470623404,250.31206351079075,576
2026-02-10T21:20:30.498371,1,1887,0.4345598656786674,7.166458808248763e-17,0.4345598656786672,0.43455986567866745,250.30648263091243,576
2026-02-10T21:20:30.514169,1,1888,0.4345492433747281,8.171020218150495e-17,0.434549243374728,0.4345492433747282,250.30036418384339,576
2026-02-10T21:20:30.530091,1,1889,0.43453782741279884,9.064933036736789e-17,0.43453782741279867,0.4345378274127989,250.29378858977213,576
2026-02-10T21:20:30.545975,1,1890,0.43452576990405917,6.409875621278546e-17,0.434525769904059,0.4345257699040592,250.28684346473807,576
2026-02-10T21:20:30.561844,1,1891,0.4345132288318344,1.013490324081353e-16,0.4345132288318344,0.43451322883183463,250.2796198071366,576
2026-02-10T21:20:30.577900,1,1892,0.43450036100674183,1.0629576194313574e-16,0.43450036100674183,0.43450036100674194,250.2722079398833,576
2026-02-10T21:20:30.594095,1,1893,0.4344873143697914,9.064933036736789e-17,0.43448731436979127,0.4344873143697915,250.26469307699983,576
2026-02-10T21:20:30.610011,1,1894,0.4344742212106926,7.850462293418876e-17,0.43447422121069246,0.4344742212106927,250.25715141735895,576
2026-02-10T21:20:30.626300,1,1895,0.4344611910969629,1.0629576194313574e-16,0.4344611910969626,0.434461191096963,250.24964607185063,576
2026-02-10T21:20:30.642159,1,1896,0.4344483055015934,8.171020218150495e-17,0.4344483055015933,0.4344483055015935,250.2422239689178,576
2026-02-10T21:20:30.658246,1,1897,0.4344356133658928,6.409875621278546e-17,0.43443561336589265,0.43443561336589287,250.23491329875426,576
2026-02-10T21:20:30.674293,1,1898,0.4344231287854788,7.166458808248763e-17,0.4344231287854786,0.43442312878547884,250.2277221804358,576
2026-02-10T21:20:30.690178,1,1899,0.43441083081185805,1.0385185452638061e-16,0.43441083081185794,0.43441083081185816,250.22063854763024,576
2026-02-10T21:20:30.706042,1,1900,0.43439866556084206,1.013490324081353e-16,0.43439866556084195,0.43439866556084217,250.213631363045,576
2026-02-10T21:20:30.722163,1,1901,0.4343865510239018,5.99588961666477e-17,0.43438655102390167,0.4343865510239018,250.2066533897674,576
2026-02-10T21:20:30.738226,1,1902,0.43437438406370266,1.0629576194313574e-16,0.43437438406370243,0.43437438406370277,250.19964522069273,576
2026-02-10T21:20:30.753975,1,1903,0.43436204932587735,8.479468414379336e-17,0.4343620493258772,0.4343620493258775,250.19254041170535,576
2026-02-10T21:20:30.769726,1,1904,0.43434942996905856,7.166458808248763e-17,0.43434942996905845,0.4343494299690588,250.18527166217774,576
2026-02-10T21:20:30.785584,1,1905,0.4343364184673547,7.516245408138222e-17,0.4343364184673546,0.4343364184673548,250.1777770371963,576
2026-02-10T21:20:30.801659,1,1906,0.4343229273283412,9.34391909990421e-17,0.4343229273283411,0.4343229273283413,250.17000614112453,576
2026-02-10T21:20:30.817626,1,1907,0.4343088984589643,5.551115123125783e-17,0.43430889845896425,0.43430889845896437,250.16192551236344,576
2026-02-10T21:20:30.833474,1,1908,0.4342943104376601,9.34391909990421e-17,0.4342943104376601,0.4342943104376602,250.1535228120922,576
2026-02-10T21:20:30.849344,1,1909,0.43427918249449626,4.5324665183683945e-17,0.43427918249449615,0.4342791824944964,250.14480911682983,576
2026-02-10T21:20:30.865338,1,1910,0.4342635755613272,7.166458808248763e-17,0.4342635755613271,0.43426357556132733,250.13581952332447,576
2026-02-10T21:20:30.881270,1,1911,0.4342475896118257,7.166458808248763e-17,0.4342475896118255,0.43424758961182575,250.1266116164116,576
2026-02-10T21:20:30.897154,1,1912,0.4342313581777546,6.798699777552591e-17,0.4342313581777546,0.4342313581777547,250.11726231038665,576
2026-02-10T21:20:30.913051,1,1913,0.4342150398544476,7.850462293418876e-17,0.4342150398544474,0.43421503985444765,250.10786295616182,576
2026-02-10T21:20:30.929094,1,1914,0.43419880889568424,7.166458808248763e-17,0.4341988088956842,0.4341988088956844,250.0985139239141,576
2026-02-10T21:20:30.945052,1,1915,0.43418284472310187,7.850462293418876e-17,0.43418284472310176,0.434182844723102,250.08931856050668,576
2026-02-10T21:20:30.960905,1,1916,0.4341673218163714,1.0385185452638061e-16,0.4341673218163713,0.4341673218163715,250.08037736622992,576
2026-02-10T21:20:30.976850,1,1917,0.4341524011285019,7.166458808248763e-17,0.43415240112850173,0.43415240112850195,250.0717830500171,576
2026-02-10T21:20:30.992733,1,1918,0.434138223059739,9.064933036736789e-17,0.4341382230597388,0.43413822305973915,250.06361648240966,576
2026-02-10T21:20:31.008608,1,1919,0.43412490309400065,9.064933036736789e-17,0.43412490309400054,0.43412490309400087,250.05594418214437,576
2026-02-10T21:20:31.024498,1,1920,0.4341125294549875,7.166458808248763e-17,0.43411252945498746,0.4341125294549877,250.04881696607282,576
2026-02-10T21:20:31.040406,1,1921,0.43410116327509635,7.166458808248763e-17,0.4341011632750962,0.4341011632750965,250.04227004645549,576
2026-02-10T21:20:31.056333,1,1922,0.43409084034647133,8.479468414379336e-17,0.43409084034647116,0.4340908403464715,250.0363240395675,576
2026-02-10T21:20:31.072418,1,1923,0.43408157458071156,7.166458808248763e-17,0.4340815745807115,0.4340815745807117,250.03098695848985,576
2026-02-10T21:20:31.088453,1,1924,0.4340733624590442,9.614813431917819e-17,0.43407336245904404,0.4340733624590444,250.02625677640947,576
2026-02-10T21:20:31.104548,1,1925,0.4340661877866918,1.2412670766236366e-16,0.4340661877866917,0.43406618778669204,250.0221241651345,576
2026-02-10T21:20:31.120496,1,1926,0.43406002663394994,9.614813431917819e-17,0.4340600266339498,0.43406002663395005,250.01857534115516,576
2026-02-10T21:20:31.136557,1,1927,0.43405485262646337,9.064933036736789e-17,0.43405485262646315,0.4340548526264635,250.0155951128429,576
2026-02-10T21:20:31.152595,1,1928,0.43405064105836694,9.614813431917819e-17,0.43405064105836677,0.4340506410583671,250.01316924961935,576
2026-02-10T21:20:31.168754,1,1929,0.4340473733530435,7.850462293418876e-17,0.43404737335304333,0.43404737335304366,250.01128705135307,576
2026-02-10T21:20:31.184733,1,1930,0.4340450403033109,7.166458808248763e-17,0.4340450403033108,0.43404504030331104,250.0099432147071,576
2026-02-10T21:20:31.200907,1,1931,0.43404364473753,8.777083671441753e-17,0.4340436447375299,0.4340436447375302,250.00913936881727,576
2026-02-10T21:20:31.217008,1,1932,0.43404320327471474,8.479468414379336e-17,0.4340432032747146,0.4340432032747148,250.0088850862357,576
2026-02-10T21:20:31.233177,1,1933,0.4340437468546464,1.0868472903575298e-16,0.4340437468546462,0.4340437468546464,250.00919818827634,576
2026-02-10T21:20:31.249156,1,1934,0.4340453201679465,9.34391909990421e-17,0.4340453201679464,0.4340453201679466,250.0101044167372,576
2026-02-10T21:20:31.265288,1,1935,0.43404797958358493,1.013490324081353e-16,0.43404797958358476,0.4340479795835851,250.01163624014492,576
2026-02-10T21:20:31.281323,1,1936,0.43405179038814845,7.166458808248763e-17,0.43405179038814834,0.43405179038814856,250.0138312635735,576
2026-02-10T21:20:31.297294,1,1937,0.43405682222763237,8.479468414379336e-17,0.4340568222276322,0.43405682222763253,250.01672960311623,576
2026-02-10T21:20:31.313446,1,1938,0.43406314455794387,7.850462293418876e-17,0.4340631445579437,0.43406314455794404,250.02037126537567,576
2026-02-10T21:20:31.329517,1,1939,0.4340708214405692,9.878281759274735e-17,0.4340708214405692,0.4340708214405694,250.02479314976785,576
2026-02-10T21:20:31.345528,1,1940,0.43407990661772267,9.614813431917819e-17,0.43407990661772256,0.4340799066177229,250.03002621180826,576
2026-02-10T21:20:31.361567,1,1941,0.4340904393738676,9.34391909990421e-17,0.4340904393738675,0.4340904393738677,250.03609307934772,576
2026-02-10T21:20:31.377672,1,1942,0.434102441791577,7.516245408138222e-17,0.434102441791577,0.4341024417915772,250.04300647194833,576
2026-02-10T21:20:31.393506,1,1943,0.43411591728040744,9.34391909990421e-17,0.4341159172804073,0.43411591728040755,250.05076835351468,576
2026-02-10T21:20:31.410027,1,1944,0.434130850910747,7.166458808248763e-17,0.4341308509107469,0.4341308509107471,250.05937012459026,576
2026-02-10T21:20:31.427260,1,1945,0.43414721127913936,1.0629576194313574e-16,0.43414721127913913,0.43414721127913947,250.06879369678427,576
2026-02-10T21:20:31.444498,1,1946,0.43416495371517094,9.878281759274735e-17,0.43416495371517094,0.43416495371517116,250.07901333993846,576
2026-02-10T21:20:31.461108,1,1947,0.4341840244487946,6.409875621278546e-17,0.43418402444879456,0.4341840244487948,250.0899980825057,576
2026-02-10T21:20:31.477533,1,1948,0.4342043651968712,8.777083671441753e-17,0.4342043651968712,0.43420436519687144,250.10171435339782,576
2026-02-10T21:20:31.493960,1,1949,0.43422591742147126,7.850462293418876e-17,0.4342259174214712,0.43422591742147143,250.11412843476745,576
2026-02-10T21:20:31.510372,1,1950,0.434248626094626,1.1102230246251565e-16,0.4342486260946258,0.4342486260946261,250.12720863050458,576
2026-02-10T21:20:31.527024,1,1951,0.43427244265959963,1.013490324081353e-16,0.4342724426595995,0.43427244265959986,250.1409269719294,576
2026-02-10T21:20:31.543531,1,1952,0.43429732623419426,4.5324665183683945e-17,0.43429732623419415,0.43429732623419437,250.1552599108959,576
2026-02-10T21:20:31.559814,1,1953,0.43432324406845607,1.013490324081353e-16,0.4343232440684558,0.4343232440684561,250.1701885834307,576
2026-02-10T21:20:31.576119,1,1954,0.4343501705348108,9.064933036736789e-17,0.4343501705348106,0.43435017053481095,250.18569822805102,576
2026-02-10T21:20:31.592108,1,1955,0.434378085158852,8.479468414379336e-17,0.4343780851588518,0.434378085158852,250.20177705149877,576
2026-02-10T21:20:31.608210,1,1956,0.4344069700072279,7.166458808248763e-17,0.4344069700072277,0.43440697000722794,250.21841472416327,576
2026-02-10T21:20:31.624464,1,1957,0.4344368068171446,7.850462293418876e-17,0.43443680681714447,0.4344368068171448,250.23560072667527,576
2026-02-10T21:20:31.640573,1,1958,0.4344675740941222,1.1331166295920987e-16,0.43446757409412184,0.4344675740941223,250.25332267821437,576
2026-02-10T21:20:31.657042,1,1959,0.43449924454066663,8.479468414379336e-17,0.43449924454066646,0.4344992445406668,250.27156485542397,576
2026-02-10T21:20:31.673462,1,1960,0.4345317831281925,7.166458808248763e-17,0.4345317831281924,0.43453178312819263,250.29030708183888,576
2026-02-10T21:20:31.690102,1,1961,0.43456514560948556,6.798699777552591e-17,0.43456514560948545,0.43456514560948567,250.30952387106367,576
2026-02-10T21:20:31.706758,1,1962,0.4345992780117448,9.34391909990421e-17,0.4345992780117447,0.4345992780117449,250.329184134765,576
2026-02-10T21:20:31.723223,1,1963,0.43463411664795937,5.99588961666477e-17,0.43463411664795926,0.4346341166479595,250.3492511892246,576
2026-02-10T21:20:31.739506,1,1964,0.43466958886565404,1.0629576194313574e-16,0.4346695888656541,0.4346695888656543,250.36968318661673,576
2026-02-10T21:20:31.755392,1,1965,0.43470561419343984,7.850462293418876e-17,0.43470561419343967,0.43470561419344,250.39043377542134,576
2026-02-10T21:20:31.771448,1,1966,0.4347421063188402,9.614813431917819e-17,0.43474210631884,0.43474210631884047,250.41145323965196,576
2026-02-10T21:20:31.787445,1,1967,0.4347789749275224,1.1775693440128312e-16,0.43477897492752215,0.4347789749275226,250.4326895582529,576
2026-02-10T21:20:31.803412,1,1968,0.4348161283558608,9.878281759274735e-17,0.4348161283558607,0.4348161283558609,250.45408993297582,576
2026-02-10T21:20:31.819341,1,1969,0.43485347642675365,1.013490324081353e-16,0.43485347642675354,0.43485347642675387,250.4756024218101,576
2026-02-10T21:20:31.835236,1,1970,0.43489093283539965,6.409875621278546e-17,0.4348909328353995,0.4348909328353997,250.4971773131902,576
2026-02-10T21:20:31.851176,1,1971,0.4349284185450618,9.34391909990421e-17,0.4349284185450616,0.4349284185450619,250.5187690819556,576
2026-02-10T21:20:31.867244,1,1972,0.43496586424581946,9.064933036736789e-17,0.4349658642458193,0.4349658642458196,250.540337805592,576
2026-02-10T21:20:31.883123,1,1973,0.43500321285294685,1.1331166295920987e-16,0.43500321285294663,0.4350032128529471,250.5618506032974,576
2026-02-10T21:20:31.898942,1,1974,0.43504042132050924,9.34391909990421e-17,0.43504042132050913,0.43504042132050935,250.5832826806133,576
2026-02-10T21:20:31.914681,1,1975,0.4350774616607652,1.0385185452638061e-16,0.4350774616607649,0.43507746166076533,250.60461791660077,576
2026-02-10T21:20:31.930458,1,1976,0.43511432104525916,1.2617852778345905e-16,0.4351143210452588,0.43511432104525927,250.62584892206928,576
2026-02-10T21:20:31.946366,1,1977,0.43515100051820627,9.614813431917819e-17,0.4351510005182061,0.43515100051820643,250.6469762984868,576
2026-02-10T21:20:31.962336,1,1978,0.4351875126046853,9.064933036736789e-17,0.43518751260468513,0.43518751260468536,250.66800726029874,576
2026-02-10T21:20:31.978202,1,1979,0.43522387755708963,7.166458808248763e-17,0.43522387755708947,0.4352238775570897,250.68895347288364,576
2026-02-10T21:20:31.994175,1,1980,0.43526011886603655,6.798699777552591e-17,0.43526011886603644,0.43526011886603666,250.70982846683705,576
2026-02-10T21:20:32.010096,1,1981,0.43529625762587976,9.614813431917819e-17,0.43529625762587953,0.43529625762587987,250.73064439250675,576
2026-02-10T21:20:32.026124,1,1982,0.4353323068905469,8.777083671441753e-17,0.4353323068905467,0.435332306890547,250.75140876895503,576
2026-02-10T21:20:32.042237,1,1983,0.4353682658045039,7.850462293418876e-17,0.4353682658045037,0.43536826580450394,250.77212110339423,576
2026-02-10T21:20:32.058338,1,1984,0.4354041149972011,1.1775693440128312e-16,0.4354041149972009,0.4354041149972012,250.79277023838785,576
2026-02-10T21:20:32.074468,1,1985,0.43543981272995336,8.777083671441753e-17,0.43543981272995314,0.43543981272995347,250.81333213245313,576
2026-02-10T21:20:32.090597,1,1986,0.43547529299073456,6.409875621278546e-17,0.4354752929907344,0.4354752929907346,250.8337687626631,576
2026-02-10T21:20:32.106829,1,1987,0.43551046553720607,8.777083671441753e-17,0.43551046553720596,0.4355104655372062,250.8540281494307,576
2026-02-10T21:20:32.122785,1,1988,0.43554521832533144,8.777083671441753e-17,0.43554521832533133,0.43554521832533166,250.8740457553909,576
2026-02-10T21:20:32.138766,1,1989,0.43557942188352566,9.064933036736789e-17,0.4355794218835255,0.43557942188352583,250.89374700491078,576
2026-02-10T21:20:32.154906,1,1990,0.4356129356309689,8.171020218150495e-17,0.4356129356309688,0.43561293563096903,250.9130509234381,576
2026-02-10T21:20:32.170850,1,1991,0.43564561555742426,9.064933036736789e-17,0.4356456155574241,0.4356456155574244,250.93187456107637,576
2026-02-10T21:20:32.187032,1,1992,0.43567732289923217,5.551115123125783e-17,0.4356773228992321,0.4356773228992322,250.95013798995774,576
2026-02-10T21:20:32.203105,1,1993,0.43570793218837023,5.551115123125783e-17,0.4357079321883701,0.43570793218837023,250.96776894050126,576
2026-02-10T21:20:32.219157,1,1994,0.4357373392378456,9.614813431917819e-17,0.4357373392378454,0.43573733923784574,250.98470740099904,576
2026-02-10T21:20:32.235110,1,1995,0.43576546703778857,7.850462293418876e-17,0.4357654670377884,0.4357654670377886,251.0009090137662,576
2026-02-10T21:20:32.251067,1,1996,0.4357922698764835,9.064933036736789e-17,0.43579226987648334,0.4357922698764837,251.0163474488545,576
2026-02-10T21:20:32.267079,1,1997,0.43581773478892233,7.850462293418876e-17,0.43581773478892216,0.4358177347889225,251.03101523841926,576
2026-02-10T21:20:32.283037,1,1998,0.43584188064459223,6.409875621278546e-17,0.4358418806445922,0.4358418806445924,251.04492325128513,576
2026-02-10T21:20:32.299030,1,1999,0.4358647543767486,8.479468414379336e-17,0.43586475437674854,0.43586475437674876,251.0580985210072,576
2026-02-10T21:20:32.314893,1,2000,0.43588642535758,5.551115123125783e-17,0.43588642535757993,0.43588642535758004,251.07058100596606,576
2026-02-10T21:20:32.330954,1,2001,0.43590697750599283,9.064933036736789e-17,0.4359069775059927,0.43590697750599294,251.08241904345186,576
2026-02-10T21:20:32.347202,1,2002,0.43592650082709383,5.067451620406765e-17,0.4359265008270937,0.43592650082709394,251.09366447640605,576
2026-02-10T21:20:32.363161,1,2003,0.43594508225409584,6.409875621278546e-17,0.4359450822540957,0.4359450822540959,251.1043673783592,576
2026-02-10T21:20:32.379347,1,2004,0.4359627966700472,1.0629576194313574e-16,0.4359627966700471,0.43596279667004745,251.1145708819472,576
2026-02-10T21:20:32.395505,1,2005,0.43597969870450615,1.013490324081353e-16,0.4359796987045059,0.43597969870450626,251.12430645379555,576
2026-02-10T21:20:32.411561,1,2006,0.4359958166441381,7.516245408138222e-17,0.435995816644138,0.4359958166441382,251.13359038702356,576
2026-02-10T21:20:32.427543,1,2007,0.4360111474864908,8.479468414379336e-17,0.4360111474864907,0.43601114748649095,251.14242095221869,576
2026-02-10T21:20:32.443720,1,2008,0.4360256548437256,7.166458808248763e-17,0.43602565484372546,0.4360256548437258,251.15077718998594,576
2026-02-10T21:20:32.459702,1,2009,0.4360392689147074,9.064933036736789e-17,0.4360392689147071,0.43603926891470746,251.15861889487147,576
2026-02-10T21:20:32.475713,1,2010,0.43605188903921566,8.479468414379336e-17,0.43605188903921566,0.4360518890392159,251.1658880865882,576
2026-02-10T21:20:32.491825,1,2011,0.43606338838986314,9.878281759274735e-17,0.436063388389863,0.43606338838986325,251.17251171256117,576
2026-02-10T21:20:32.508005,1,2012,0.4360736206070496,1.1331166295920987e-16,0.43607362060704946,0.4360736206070498,251.17840546966056,576
2026-02-10T21:20:32.523996,1,2013,0.436082427671383,7.166458808248763e-17,0.43608242767138283,0.43608242767138305,251.1834783387166,576
2026-02-10T21:20:32.540069,1,2014,0.43608964897252506,6.409875621278546e-17,0.4360896489725249,0.4360896489725251,251.18763780817443,576
2026-02-10T21:20:32.556252,1,2015,0.43609513018610396,8.479468414379336e-17,0.4360951301861037,0.436095130186104,251.1907949871959,576
2026-02-10T21:20:32.572466,1,2016,0.43609873180441006,7.850462293418876e-17,0.43609873180440983,0.43609873180441006,251.19286951934018,576
2026-02-10T21:20:32.588562,1,2017,0.4361003369707096,1.0385185452638061e-16,0.4361003369707094,0.4361003369707096,251.19379409512874,576
2026-02-10T21:20:32.604591,1,2018,0.43609985723458916,1.0629576194313574e-16,0.436099857234589,0.4360998572345893,251.19351776712335,576
2026-02-10T21:20:32.620787,1,2019,0.4360972368142109,8.479468414379336e-17,0.43609723681421075,0.4360972368142111,251.1920084049855,576
2026-02-10T21:20:32.637166,1,2020,0.4360924544676457,6.409875621278546e-17,0.43609245446764555,0.4360924544676458,251.18925377336393,576
2026-02-10T21:20:32.653352,1,2021,0.43608552316089355,9.34391909990421e-17,0.43608552316089333,0.43608552316089366,251.18526134067469,576
2026-02-10T21:20:32.669473,1,2022,0.4360764877936888,6.409875621278546e-17,0.4360764877936887,0.4360764877936889,251.18005696916475,576
2026-02-10T21:20:32.685631,1,2023,0.43606542069300874,9.064933036736789e-17,0.4360654206930086,0.436065420693009,251.17368231917303,576
2026-02-10T21:20:32.701848,1,2024,0.4360524160245561,1.013490324081353e-16,0.4360524160245559,0.43605241602455624,251.1661916301443,576
2026-02-10T21:20:32.718011,1,2025,0.43603758264109554,9.614813431917819e-17,0.4360375826410954,0.4360375826410957,251.15764760127104,576
2026-02-10T21:20:32.734101,1,2026,0.43602103678184806,9.614813431917819e-17,0.4360210367818479,0.4360210367818482,251.14811718634448,576
2026-02-10T21:20:32.750203,1,2027,0.4360028943984594,1.013490324081353e-16,0.4360028943984592,0.4360028943984594,251.13766717351263,576
2026-02-10T21:20:32.766515,1,2028,0.43598326405895016,1.0385185452638061e-16,0.43598326405895005,0.4359832640589504,251.12636009795528,576
2026-02-10T21:20:32.782741,1,2029,0.435962240916693,7.850462293418876e-17,0.4359622409166929,0.4359622409166931,251.11425076801515,576
2026-02-10T21:20:32.798824,1,2030,0.43593990160273804,1.1102230246251565e-16,0.43593990160273777,0.4359399016027382,251.10138332317712,576
2026-02-10T21:20:32.815161,1,2031,0.4359163014456956,1.0629576194313574e-16,0.4359163014456955,0.4359163014456957,251.08778963272067,576
2026-02-10T21:20:32.831218,1,2032,0.43589147289026164,8.777083671441753e-17,0.43589147289026153,0.43589147289026176,251.07348838479072,576
2026-02-10T21:20:32.847469,1,2033,0.43586542647178905,9.878281759274735e-17,0.43586542647178894,0.43586542647178916,251.0584856477505,576
2026-02-10T21:20:32.863697,1,2034,0.43583815343769267,7.850462293418876e-17,0.4358381534376925,0.43583815343769283,251.04277638011098,576
2026-02-10T21:20:32.879835,1,2035,0.4358096298713985,8.777083671441753e-17,0.4358096298713984,0.4358096298713985,251.02634680592553,576
2026-02-10T21:20:32.896006,1,2036,0.43577982270726745,9.064933036736789e-17,0.43577982270726734,0.43577982270726767,251.00917787938604,576
2026-02-10T21:20:32.912192,1,2037,0.435748695856978,9.064933036736789e-17,0.43574869585697795,0.4357486958569782,250.99124881361934,576
2026-02-10T21:20:32.928376,1,2038,0.435716216842996,6.409875621278546e-17,0.4357162168429959,0.4357162168429961,250.9725409015657,576
2026-02-10T21:20:32.944391,1,2039,0.4356823628111158,7.850462293418876e-17,0.4356823628111156,0.43568236281111594,250.95304097920268,576
2026-02-10T21:20:32.960566,1,2040,0.43564712570109343,1.0629576194313574e-16,0.4356471257010932,0.43564712570109365,250.93274440382982,576
2026-02-10T21:20:32.976639,1,2041,0.43561051537412937,6.409875621278546e-17,0.4356105153741292,0.4356105153741294,250.9116568554985,576
2026-02-10T21:20:32.992821,1,2042,0.4355725613024648,8.479468414379336e-17,0.4355725613024647,0.4355725613024649,250.8897953102197,576
2026-02-10T21:20:33.009016,1,2043,0.4355333120660511,1.1102230246251565e-16,0.43553331206605095,0.4355333120660513,250.86718775004545,576
2026-02-10T21:20:33.025290,1,2044,0.43549283294292135,6.409875621278546e-17,0.4354928329429212,0.4354928329429214,250.8438717751227,576
2026-02-10T21:20:33.041507,1,2045,0.43545120219390016,7.166458808248763e-17,0.4354512021939,0.4354512021939002,250.8198924636865,576
2026-02-10T21:20:33.057690,1,2046,0.4354085064280801,9.064933036736789e-17,0.43540850642807993,0.43540850642808027,250.79529970257414,576
2026-02-10T21:20:33.073993,1,2047,0.4353648354669349,1.1555567610933196e-16,0.43536483546693483,0.43536483546693516,250.7701452289545,576
2026-02-10T21:20:33.090391,1,2048,0.4353202778029553,9.614813431917819e-17,0.4353202778029551,0.43532027780295546,250.74448001450224,576
2026-02-10T21:20:33.106692,1,2049,0.4352749167787645,9.34391909990421e-17,0.4352749167787644,0.4352749167787646,250.71835206456836,576
2026-02-10T21:20:33.123005,1,2050,0.4352288282026248,8.479468414379336e-17,0.43522882820262465,0.435228828202625,250.69180504471188,576
2026-02-10T21:20:33.139208,1,2051,0.43518207924172464,1.1102230246251565e-16,0.4351820792417245,0.4351820792417248,250.66487764323338,576
2026-02-10T21:20:33.155482,1,2052,0.43513472914266454,1.199177923332954e-16,0.4351347291426645,0.4351347291426647,250.63760398617478,576
2026-02-10T21:20:33.171440,1,2053,0.4350868305366459,1.0629576194313574e-16,0.43508683053664565,0.435086830536646,250.61001438910802,576
2026-02-10T21:20:33.187616,1,2054,0.43503843238876666,8.479468414379336e-17,0.4350384323887665,0.4350384323887668,250.5821370559296,576
2026-02-10T21:20:33.203792,1,2055,0.4349895823445305,9.064933036736789e-17,0.43498958234453033,0.43498958234453056,250.55399943044958,576
2026-02-10T21:20:33.220056,1,2056,0.4349403297736864,9.064933036736789e-17,0.43494032977368624,0.4349403297736866,250.52562994964336,576
2026-02-10T21:20:33.236349,1,2057,0.43489072719144567,7.166458808248763e-17,0.4348907271914456,0.43489072719144584,250.4970588622727,576
2026-02-10T21:20:33.252667,1,2058,0.4348408314706255,1.013490324081353e-16,0.43484083147062536,0.4348408314706258,250.4683189270803,576
2026-02-10T21:20:33.268776,1,2059,0.4347907033746243,9.064933036736789e-17,0.4347907033746241,0.43479070337462444,250.4394451437836,576
2026-02-10T21:20:33.285064,1,2060,0.4347404059250497,9.878281759274735e-17,0.4347404059250495,0.4347404059250498,250.41047381282863,576
2026-02-10T21:20:33.301137,1,2061,0.43469000180843387,1.013490324081353e-16,0.43469000180843365,0.434690001808434,250.3814410416579,576
2026-02-10T21:20:33.317530,1,2062,0.4346395500769872,1.1102230246251565e-16,0.43463955007698707,0.4346395500769874,250.35238084434462,576
2026-02-10T21:20:33.333955,1,2063,0.434589102444325,9.614813431917819e-17,0.4345891024443249,0.43458910244432525,250.3233230079312,576
2026-02-10T21:20:33.350321,1,2064,0.4345387000256976,6.409875621278546e-17,0.4345387000256975,0.43453870002569783,250.29429121480183,576
2026-02-10T21:20:33.366492,1,2065,0.43448837064552936,9.34391909990421e-17,0.43448837064552925,0.43448837064552936,250.2653014918249,576
2026-02-10T21:20:33.382551,1,2066,0.43443812705532653,8.479468414379336e-17,0.4344381270553265,0.4344381270553267,250.23636118386807,576
2026-02-10T21:20:33.398932,1,2067,0.4343879668814479,9.878281759274735e-17,0.43438796688144776,0.434387966881448,250.20746892371398,576
2026-02-10T21:20:33.415089,1,2068,0.4343378738656376,5.067451620406765e-17,0.4343378738656375,0.4343378738656377,250.17861534660727,576
2026-02-10T21:20:33.431173,1,2069,0.43428782056012666,8.479468414379336e-17,0.4342878205601265,0.4342878205601268,250.14978464263297,576
2026-02-10T21:20:33.447537,1,2070,0.43423777228051186,8.171020218150495e-17,0.43423777228051175,0.43423777228051186,250.12095683357484,576
2026-02-10T21:20:33.463760,1,2071,0.43418769217823655,9.064933036736789e-17,0.4341876921782364,0.4341876921782366,250.09211069466426,576
2026-02-10T21:20:33.480063,1,2072,0.4341375465190366,1.013490324081353e-16,0.43413754651903647,0.4341375465190367,250.06322679496506,576
2026-02-10T21:20:33.496357,1,2073,0.43408731007295953,9.614813431917819e-17,0.4340873100729594,0.43408731007295964,250.0342906020247,576
2026-02-10T21:20:33.512853,1,2074,0.434036970980351,8.777083671441753e-17,0.4340369709803509,0.4340369709803511,250.00529528468218,576
2026-02-10T21:20:33.529302,1,2075,0.4339865345150487,8.479468414379336e-17,0.43398653451504865,0.43398653451504887,249.97624388066805,576
2026-02-10T21:20:33.545581,1,2076,0.433936025478758,6.798699777552591e-17,0.43393602547875787,0.4339360254787582,249.9471506757646,576
2026-02-10T21:20:33.562097,1,2077,0.4338854887913938,1.1102230246251565e-16,0.43388548879139366,0.433885488791394,249.91804154384283,576
2026-02-10T21:20:33.578786,1,2078,0.43383498857781166,6.409875621278546e-17,0.43383498857781155,0.4338349885778118,249.88895342081952,576
2026-02-10T21:20:33.595458,1,2079,0.4337846050772435,7.166458808248763e-17,0.43378460507724337,0.4337846050772436,249.85993252449225,576
2026-02-10T21:20:33.612235,1,2080,0.4337344304083622,7.166458808248763e-17,0.433734430408362,0.43373443040836235,249.8310319152166,576
2026-02-10T21:20:33.628855,1,2081,0.4336845629594877,7.166458808248763e-17,0.43368456295948765,0.4336845629594879,249.80230826466493,576
2026-02-10T21:20:33.645573,1,2082,0.43363510106921577,1.0629576194313574e-16,0.43363510106921554,0.43363510106921577,249.7738182158683,576
2026-02-10T21:20:33.662358,1,2083,0.43358613664204704,9.614813431917819e-17,0.4335861366420468,0.43358613664204715,249.7456147058191,576
2026-02-10T21:20:33.679112,1,2084,0.4335377491707748,8.479468414379336e-17,0.4335377491707747,0.43353774917077503,249.7177435223663,576
2026-02-10T21:20:33.696057,1,2085,0.43349000077801286,9.614813431917819e-17,0.4334900007780127,0.43349000077801303,249.6902404481354,576
2026-02-10T21:20:33.713175,1,2086,0.4334429327540129,9.064933036736789e-17,0.4334429327540127,0.433442932754013,249.66312926631144,576
2026-02-10T21:20:33.730236,1,2087,0.43339656415190414,9.064933036736789e-17,0.433396564151904,0.4333965641519043,249.63642095149677,576
2026-02-10T21:20:33.769582,1,2088,0.4333508925732964,1.0385185452638061e-16,0.4333508925732963,0.4333508925732966,249.61011412221873,576
2026-02-10T21:20:33.786904,1,2089,0.43330589725675217,9.064933036736789e-17,0.43330589725675195,0.4333058972567524,249.58419681988926,576
2026-02-10T21:20:33.803748,1,2090,0.4332615443828587,9.064933036736789e-17,0.43326154438285847,0.4332615443828589,249.5586495645266,576
2026-02-10T21:20:33.820391,1,2091,0.43321779431618485,7.850462293418876e-17,0.4332177943161847,0.433217794316185,249.53344952612247,576
2026-02-10T21:20:33.837038,1,2092,0.43317461027369386,9.064933036736789e-17,0.43317461027369364,0.43317461027369386,249.50857551764767,576
2026-02-10T21:20:33.853509,1,2093,0.4331319675777103,9.614813431917819e-17,0.4331319675777102,0.43313196757771044,249.48401332476112,576
2026-02-10T21:20:33.869840,1,2094,0.43308986308542247,7.850462293418876e-17,0.4330898630854223,0.43308986308542263,249.45976113720334,576
2026-02-10T21:20:33.886203,1,2095,0.43304832367799445,8.479468414379336e-17,0.4330483236779943,0.4330483236779945,249.4358344385248,576
2026-02-10T21:20:33.902534,1,2096,0.4330074129430799,1.1102230246251565e-16,0.43300741294307965,0.43300741294308,249.412269855214,576
2026-02-10T21:20:33.918848,1,2097,0.4329672354874681,8.479468414379336e-17,0.43296723548746796,0.4329672354874682,249.38912764078165,576
2026-02-10T21:20:33.935068,1,2098,0.4329279384129621,7.850462293418876e-17,0.43292793841296195,0.4329279384129623,249.3664925258662,576
2026-02-10T21:20:33.951206,1,2099,0.4328897092941215,9.878281759274735e-17,0.4328897092941213,0.4328897092941216,249.344472553414,576
2026-02-10T21:20:33.967676,1,2100,0.4328527706338656,1.1331166295920987e-16,0.4328527706338655,0.43285277063386585,249.3231958851066,576
2026-02-10T21:20:33.983843,1,2101,0.43281737121378977,8.479468414379336e-17,0.4328173712137897,0.43281737121378994,249.30280581914292,576
2026-02-10T21:20:34.000195,1,2102,0.43278377450208616,7.516245408138222e-17,0.43278377450208605,0.43278377450208627,249.28345411320163,576
2026-02-10T21:20:34.016483,1,2103,0.43275224511888943,9.878281759274735e-17,0.4327522451188891,0.43275224511888954,249.2652931884803,576
2026-02-10T21:20:34.032784,1,2104,0.432723033978321,8.171020218150495e-17,0.4327230339783209,0.4327230339783211,249.24846757151292,576
2026-02-10T21:20:34.049268,1,2105,0.4326963636552863,7.516245408138222e-17,0.4326963636552861,0.4326963636552865,249.2331054654449,576
2026-02-10T21:20:34.065421,1,2106,0.43267241455100575,8.479468414379336e-17,0.4326724145510056,0.4326724145510058,249.2193107813793,576
2026-02-10T21:20:34.081820,1,2107,0.432651313375926,5.551115123125783e-17,0.4326513133759259,0.4326513133759261,249.20715650453337,576
2026-02-10T21:20:34.098073,1,2108,0.43263312488084826,7.850462293418876e-17,0.43263312488084804,0.4326331248808484,249.1966799313686,576
2026-02-10T21:20:34.114466,1,2109,0.4326178472210984,6.798699777552591e-17,0.4326178472210983,0.43261784722109853,249.18787999935267,576
2026-02-10T21:20:34.130836,1,2110,0.4326054120530963,7.850462293418876e-17,0.4326054120530962,0.43260541205309655,249.18071734258348,576
2026-02-10T21:20:34.147162,1,2111,0.4325956885536052,7.516245408138222e-17,0.4325956885536051,0.4325956885536053,249.1751166068766,576
2026-02-10T21:20:34.163452,1,2112,0.4325884924843962,8.479468414379336e-17,0.432588492484396,0.43258849248439624,249.1709716710122,576
2026-02-10T21:20:34.179782,1,2113,0.432583598126641,8.479468414379336e-17,0.4325835981266408,0.43258359812664116,249.1681525209452,576
2026-02-10T21:20:34.196027,1,2114,0.4325807536915489,1.0629576194313574e-16,0.4325807536915488,0.43258075369154914,249.16651412633217,576
2026-02-10T21:20:34.212372,1,2115,0.4325796984119378,8.479468414379336e-17,0.43257969841193766,0.432579698411938,249.16590628527615,576
2026-02-10T21:20:34.228669,1,2116,0.4325801801357292,9.34391909990421e-17,0.43258018013572896,0.4325801801357294,249.16618375818,576
2026-02-10T21:20:34.244842,1,2117,0.4325819725980753,9.064933036736789e-17,0.43258197259807507,0.4325819725980755,249.16721621649137,576
2026-02-10T21:20:34.261075,1,2118,0.4325848908586917,6.798699777552591e-17,0.43258489085869156,0.4325848908586918,249.1688971346064,576
2026-02-10T21:20:34.277405,1,2119,0.43258880418003126,7.850462293418876e-17,0.4325888041800311,0.4325888041800314,249.17115120769802,576
2026-02-10T21:20:34.293560,1,2120,0.4325936454554277,7.166458808248763e-17,0.43259364545542767,0.4325936454554279,249.17393978232636,576
2026-02-10T21:20:34.309871,1,2121,0.43259941619060843,8.479468414379336e-17,0.43259941619060827,0.4325994161906086,249.17726372579045,576
2026-02-10T21:20:34.326261,1,2122,0.4326061877910722,7.850462293418876e-17,0.43260618779107196,0.4326061877910722,249.18116416765758,576
2026-02-10T21:20:34.342456,1,2123,0.432614097860276,9.614813431917819e-17,0.4326140978602758,0.43261409786027616,249.18572036751897,576
2026-02-10T21:20:34.358860,1,2124,0.4326233425872786,7.850462293418876e-17,0.4326233425872784,0.43262334258727864,249.19104533027246,576
2026-02-10T21:20:34.375167,1,2125,0.4326341654994937,7.850462293418876e-17,0.43263416549949363,0.43263416549949385,249.19727932770837,576
2026-02-10T21:20:34.391601,1,2126,0.4326468431997949,7.166458808248763e-17,0.43264684319979474,0.43264684319979496,249.20458168308187,576
2026-02-10T21:20:34.408058,1,2127,0.43266166878328804,5.551115123125783e-17,0.43266166878328793,0.43266166878328816,249.2131212191739,576
2026-02-10T21:20:34.424344,1,2128,0.43267893422575515,7.850462293418876e-17,0.4326789342257551,0.4326789342257553,249.22306611403496,576
2026-02-10T21:20:34.440713,1,2129,0.432698912681349,1.0629576194313574e-16,0.43269891268134886,0.4326989126813492,249.23457370445703,576
2026-02-10T21:20:34.457061,1,2130,0.43272184168961697,7.850462293418876e-17,0.4327218416896168,0.43272184168961714,249.24778081321938,576
2026-02-10T21:20:34.473641,1,2131,0.43274790846418676,1.2204039592116465e-16,0.4327479084641864,0.43274790846418687,249.26279527537156,576
2026-02-10T21:20:34.490129,1,2132,0.43277723843775323,9.064933036736789e-17,0.43277723843775306,0.4327772384377534,249.27968934014586,576
2026-02-10T21:20:34.506532,1,2133,0.43280988753077826,8.479468414379336e-17,0.4328098875307781,0.4328098875307784,249.2984952177283,576
2026-02-10T21:20:34.522822,1,2134,0.4328458390174989,9.064933036736789e-17,0.43284583901749873,0.43284583901749896,249.31920327407937,576
2026-02-10T21:20:34.539195,1,2135,0.43288500549237724,7.166458808248763e-17,0.4328850054923771,0.4328850054923773,249.3417631636093,576
2026-02-10T21:20:34.555543,1,2136,0.4329272353488387,7.166458808248763e-17,0.4329272353488385,0.4329272353488388,249.36608756093108,576
2026-02-10T21:20:34.572006,1,2137,0.4329723241413766,7.850462293418876e-17,0.43297232414137643,0.43297232414137676,249.39205870543293,576
2026-02-10T21:20:34.588427,1,2138,0.4330200294078256,1.0385185452638061e-16,0.43302002940782547,0.4330200294078257,249.41953693890753,576
2026-02-10T21:20:34.604709,1,2139,0.43307008837858785,6.798699777552591e-17,0.4330700883785876,0.43307008837858796,249.4483709060666,576
2026-02-10T21:20:34.621122,1,2140,0.433122236750232,1.0629576194313574e-16,0.43312223675023187,0.4331222367502321,249.4784083681336,576
2026-02-10T21:20:34.637756,1,2141,0.43317622749687984,1.0629576194313574e-16,0.4331762274968797,0.4331762274968801,249.5095070382028,576
2026-02-10T21:20:34.653909,1,2142,0.4332318478796725,1.1331166295920987e-16,0.4332318478796725,0.4332318478796727,249.54154437869136,576
2026-02-10T21:20:34.670237,1,2143,0.43328893332649987,1.1102230246251565e-16,0.43328893332649976,0.4332889333265001,249.57442559606392,576
2026-02-10T21:20:34.686680,1,2144,0.4333473769902437,1.0868472903575298e-16,0.4333473769902435,0.4333473769902437,249.6080891463804,576
2026-02-10T21:20:34.703089,1,2145,0.43340713454039437,8.777083671441753e-17,0.43340713454039426,0.4334071345403945,249.64250949526715,576
2026-02-10T21:20:34.719480,1,2146,0.4334682237494794,7.850462293418876e-17,0.43346822374947924,0.4334682237494796,249.67769687970014,576
2026-02-10T21:20:34.735740,1,2147,0.43353071846735103,8.171020218150495e-17,0.4335307184673509,0.43353071846735114,249.7136938371942,576
2026-02-10T21:20:34.752146,1,2148,0.4335947388213758,9.34391909990421e-17,0.43359473882137556,0.4335947388213758,249.75056956111246,576
2026-02-10T21:20:34.768585,1,2149,0.433660437123607,7.166458808248763e-17,0.4336604371236068,0.43366043712360713,249.78841178319766,576
2026-02-10T21:20:34.784806,1,2150,0.43372798201720475,6.798699777552591e-17,0.43372798201720464,0.43372798201720486,249.82731764190993,576
2026-02-10T21:20:34.801220,1,2151,0.4337975413564225,7.166458808248763e-17,0.43379754135642234,0.43379754135642257,249.86738382129937,576
2026-02-10T21:20:34.817582,1,2152,0.4338692655038878,1.0385185452638061e-16,0.4338692655038876,0.43386926550388794,249.9086969302394,576
2026-02-10T21:20:34.833785,1,2153,0.433943272333564,5.067451620406765e-17,0.4339432723335639,0.4339432723335641,249.95132486413286,576
2026-02-10T21:20:34.850250,1,2154,0.4340196345672567,1.1102230246251565e-16,0.43401963456725656,0.4340196345672568,249.99530951073984,576
2026-02-10T21:20:34.866486,1,2155,0.4340983708001685,7.850462293418876e-17,0.43409837080016833,0.43409837080016855,250.04066158089705,576
2026-02-10T21:20:34.882834,1,2156,0.43417944011174964,7.166458808248763e-17,0.43417944011174947,0.4341794401117498,250.0873575043678,576
2026-02-10T21:20:34.899178,1,2157,0.43426274042763774,7.166458808248763e-17,0.4342627404276376,0.4342627404276378,250.13533848631934,576
2026-02-10T21:20:34.915484,1,2158,0.43434811099263093,9.34391909990421e-17,0.4343481109926308,0.43434811099263093,250.18451193175542,576
2026-02-10T21:20:34.931758,1,2159,0.43443533783431765,7.166458808248763e-17,0.43443533783431754,0.43443533783431787,250.23475459256696,576
2026-02-10T21:20:34.948370,1,2160,0.43452416224929125,6.409875621278546e-17,0.43452416224929113,0.43452416224929147,250.28591745559174,576
2026-02-10T21:20:34.964654,1,2161,0.4346142917513131,8.479468414379336e-17,0.43461429175131294,0.43461429175131316,250.33783204875635,576
2026-02-10T21:20:34.981147,1,2162,0.43470541230590815,1.0629576194313574e-16,0.4347054123059081,0.4347054123059083,250.3903174882031,576
2026-02-10T21:20:34.997607,1,2163,0.43479720199410377,8.171020218150495e-17,0.43479720199410365,0.4347972019941039,250.44318834860377,576
2026-02-10T21:20:35.014121,1,2164,0.43488934483391123,7.166458808248763e-17,0.4348893448339112,0.4348893448339114,250.49626262433287,576
2026-02-10T21:20:35.030464,1,2165,0.43498154484533913,1.1775693440128312e-16,0.434981544845339,0.43498154484533935,250.54936983091534,576
2026-02-10T21:20:35.047054,1,2166,0.435073539283681,9.614813431917819e-17,0.43507353928368087,0.4350735392836811,250.60235862740024,576
2026-02-10T21:20:35.063523,1,2167,0.43516511093596005,7.166458808248763e-17,0.4351651109359599,0.4351651109359601,250.655103899113,576
2026-02-10T21:20:35.079989,1,2168,0.4352560985086749,9.064933036736789e-17,0.43525609850867475,0.4352560985086752,250.70751274099675,576
2026-02-10T21:20:35.096413,1,2169,0.43534640469111846,8.479468414379336e-17,0.4353464046911183,0.4353464046911185,250.75952910208423,576
2026-02-10T21:20:35.113021,1,2170,0.43543600156298035,1.0385185452638061e-16,0.43543600156298023,0.43543600156298057,250.8111369002767,576
2026-02-10T21:20:35.129614,1,2171,0.43552493234425277,7.166458808248763e-17,0.4355249323442526,0.43552493234425294,250.8623610302896,576
2026-02-10T21:20:35.145914,1,2172,0.4356133093845882,8.171020218150495e-17,0.435613309384588,0.4356133093845883,250.9132662055228,576
2026-02-10T21:20:35.162569,1,2173,0.4357013080931532,7.166458808248763e-17,0.4357013080931531,0.43570130809315344,250.96395346165625,576
2026-02-10T21:20:35.179176,1,2174,0.43578915700344095,7.166458808248763e-17,0.4357891570034408,0.435789157003441,251.014554433982,576
2026-02-10T21:20:35.195471,1,2175,0.43587712388060296,9.34391909990421e-17,0.43587712388060273,0.43587712388060307,251.06522335522732,576
2026-02-10T21:20:35.211890,1,2176,0.4359654989454269,8.171020218150495e-17,0.4359654989454268,0.435965498945427,251.1161273925659,576
2026-02-10T21:20:35.228441,1,2177,0.43605457581615154,1.0629576194313574e-16,0.43605457581615137,0.4360545758161517,251.1674356701033,576
2026-02-10T21:20:35.244713,1,2178,0.4361446316543947,8.479468414379336e-17,0.43614463165439454,0.4361446316543949,251.21930783293135,576
2026-02-10T21:20:35.260917,1,2179,0.4362359071386587,7.850462293418876e-17,0.43623590713865845,0.4362359071386588,251.2718825118674,576
2026-02-10T21:20:35.277285,1,2180,0.4363285883415876,8.171020218150495e-17,0.4363285883415875,0.4363285883415877,251.32526688475446,576
2026-02-10T21:20:35.293753,1,2181,0.4364227914960096,9.34391909990421e-17,0.4364227914960096,0.4364227914960098,251.37952790170152,576
2026-02-10T21:20:35.310462,1,2182,0.4365185515188743,5.551115123125783e-17,0.4365185515188742,0.4365185515188744,251.43468567487162,576
2026-02-10T21:20:35.327182,1,2183,0.4366158157751068,7.850462293418876e-17,0.43661581577510666,0.436615815775107,251.4907098864615,576
2026-02-10T21:20:35.343502,1,2184,0.4367144429474621,7.850462293418876e-17,0.436714442947462,0.4367144429474623,251.54751913773816,576
2026-02-10T21:20:35.359870,1,2185,0.43681420789615394,1.1102230246251565e-16,0.43681420789615377,0.4368142078961541,251.60498374818468,576
2026-02-10T21:20:35.376488,1,2186,0.43691481183496783,9.34391909990421e-17,0.4369148118349677,0.43691481183496794,251.66293161694148,576
2026-02-10T21:20:35.392743,1,2187,0.43701589731176466,9.064933036736789e-17,0.4370158973117645,0.4370158973117648,251.72115685157644,576
2026-02-10T21:20:35.409255,1,2188,0.43711706732575967,8.479468414379336e-17,0.4371170673257595,0.4371170673257597,251.77943077963758,576
2026-02-10T21:20:35.425663,1,2189,0.43721790678990885,8.479468414379336e-17,0.4372179067899087,0.437217906789909,251.8375143109875,576
2026-02-10T21:20:35.442102,1,2190,0.437318005639586,7.850462293418876e-17,0.4373180056395859,0.4373180056395861,251.89517124840154,576
2026-02-10T21:20:35.458712,1,2191,0.4374169810186155,6.409875621278546e-17,0.43741698101861537,0.4374169810186156,251.95218106672252,576
2026-02-10T21:20:35.475108,1,2192,0.43751449815323845,9.064933036736789e-17,0.4375144981532383,0.4375144981532385,252.00835093626534,576
2026-02-10T21:20:35.491532,1,2193,0.4376102872103028,7.850462293418876e-17,0.4376102872103026,0.43761028721030304,252.06352543313443,576
2026-02-10T21:20:35.507858,1,2194,0.4377041559612378,6.798699777552591e-17,0.4377041559612377,0.4377041559612379,252.11759383367297,576
2026-02-10T21:20:35.524416,1,2195,0.4377959969957357,8.171020218150495e-17,0.43779599699573546,0.4377959969957358,252.17049426954375,576
2026-02-10T21:20:35.540889,1,2196,0.43788578869683803,1.013490324081353e-16,0.4378857886968378,0.43788578869683814,252.2222142893787,576
2026-02-10T21:20:35.557184,1,2197,0.4379735908044196,7.166458808248763e-17,0.43797359080441955,0.4379735908044198,252.2727883033457,576
2026-02-10T21:20:35.573625,1,2198,0.4380595340374492,6.409875621278546e-17,0.4380595340374491,0.43805953403744935,252.32229160557074,576
2026-02-10T21:20:35.590111,1,2199,0.43814380589079976,9.064933036736789e-17,0.4381438058907996,0.43814380589079993,252.37083219310065,576
2026-02-10T21:20:35.606578,1,2200,0.43822663285637364,8.171020218150495e-17,0.4382266328563734,0.43822663285637375,252.41854052527123,576
2026-02-10T21:20:35.623245,1,2201,0.4383082608608145,7.850462293418876e-17,0.4383082608608144,0.43830826086081465,252.46555825582914,576
2026-02-10T21:20:35.639725,1,2202,0.4383889356596078,9.064933036736789e-17,0.4383889356596077,0.4383889356596079,252.5120269399341,576
2026-02-10T21:20:35.656217,1,2203,0.43846888455589206,8.479468414379336e-17,0.43846888455589195,0.4384688845558923,252.55807750419382,576
2026-02-10T21:20:35.672776,1,2204,0.4385483005682155,1.1555567610933196e-16,0.43854830056821525,0.4385483005682156,252.60382112729212,576
2026-02-10T21:20:35.689256,1,2205,0.43862733043335583,7.850462293418876e-17,0.4386273304333559,0.438627330433356,252.64934232961295,576
2026-02-10T21:20:35.705945,1,2206,0.43870606681605406,5.551115123125783e-17,0.43870606681605395,0.4387060668160542,252.69469448604713,576
2026-02-10T21:20:35.722461,1,2207,0.43878454487460006,7.850462293418876e-17,0.43878454487459995,0.43878454487460017,252.73989784776964,576
2026-02-10T21:20:35.739201,1,2208,0.4388627434569301,1.013490324081353e-16,0.4388627434569301,0.4388627434569303,252.78494023119174,576
2026-02-10T21:20:35.755791,1,2209,0.43894059035247096,7.850462293418876e-17,0.4389405903524708,0.438940590352471,252.82978004302328,576
2026-02-10T21:20:35.772530,1,2210,0.4390179705014755,1.1555567610933196e-16,0.4390179705014754,0.43901797050147584,252.87435100884989,576
2026-02-10T21:20:35.788894,1,2211,0.4390947367954052,1.0385185452638061e-16,0.4390947367954051,0.43909473679540534,252.91856839415343,576
2026-02-10T21:20:35.805539,1,2212,0.4391707224055683,6.409875621278546e-17,0.4391707224055682,0.4391707224055684,252.96233610560733,576
2026-02-10T21:20:35.822515,1,2213,0.4392457532845508,6.409875621278546e-17,0.4392457532845506,0.43924575328455084,253.00555389190126,576
2026-02-10T21:20:35.840614,1,2214,0.439319660201411,1.0629576194313574e-16,0.4393196602014108,0.4393196602014111,253.04812427601274,576
2026-02-10T21:20:35.857947,1,2215,0.4393922897580585,6.409875621278546e-17,0.43939228975805844,0.43939228975805866,253.0899589006417,576
2026-02-10T21:20:35.875228,1,2216,0.43946351308891535,7.166458808248763e-17,0.4394635130889152,0.4394635130889155,253.13098353921524,576
2026-02-10T21:20:35.892827,1,2217,0.4395332323153452,9.614813431917819e-17,0.439533232315345,0.43953323231534536,253.17114181363883,576
2026-02-10T21:20:35.909793,1,2218,0.4396013845677556,5.551115123125783e-17,0.43960138456775555,0.43960138456775566,253.21039751102722,576
2026-02-10T21:20:35.926879,1,2219,0.43966794278376037,7.166458808248763e-17,0.4396679427837602,0.4396679427837604,253.24873504344598,576
2026-02-10T21:20:35.943590,1,2220,0.43973291431504097,8.479468414379336e-17,0.4397329143150408,0.43973291431504113,253.2861586454636,576
2026-02-10T21:20:35.960494,1,2221,0.43979633710030996,7.166458808248763e-17,0.43979633710030974,0.4397963371003101,253.32269016977853,576
2026-02-10T21:20:35.977253,1,2222,0.43985827365679686,1.0385185452638061e-16,0.43985827365679675,0.43985827365679697,253.358365626315,576
2026-02-10T21:20:35.993666,1,2223,0.4399188039858272,7.166458808248763e-17,0.43991880398582706,0.4399188039858274,253.39323109583648,576
2026-02-10T21:20:36.010152,1,2224,0.4399780171080904,9.614813431917819e-17,0.43997801710809026,0.4399780171080905,253.4273378542601,576
2026-02-10T21:20:36.026840,1,2225,0.4400360027281438,1.1331166295920987e-16,0.44003600272814347,0.4400360027281439,253.46073757141082,576
2026-02-10T21:20:36.043402,1,2226,0.440092842570066,1.1555567610933196e-16,0.44009284257006576,0.440092842570066,253.493477320358,576
2026-02-10T21:20:36.059858,1,2227,0.44014860255330757,5.99588961666477e-17,0.44014860255330746,0.4401486025533077,253.52559507070515,576
2026-02-10T21:20:36.076371,1,2228,0.44020332613182245,8.777083671441753e-17,0.4402033261318222,0.44020332613182256,253.55711585192972,576
2026-02-10T21:20:36.092866,1,2229,0.44025702867207506,1.013490324081353e-16,0.4402570286720747,0.44025702867207517,253.58804851511525,576
2026-02-10T21:20:36.109574,1,2230,0.4403096939946595,9.064933036736789e-17,0.44030969399465936,0.4403096939946596,253.6183837409239,576
2026-02-10T21:20:36.126002,1,2231,0.4403612724447148,1.0868472903575298e-16,0.44036127244471457,0.4403612724447149,253.6480929281557,576
2026-02-10T21:20:36.142584,1,2232,0.44041168141568554,1.013490324081353e-16,0.4404116814156853,0.44041168141568565,253.67712849543489,576
2026-02-10T21:20:36.159165,1,2233,0.44046080766564777,8.777083671441753e-17,0.44046080766564755,0.4404608076656479,253.70542521541313,576
2026-02-10T21:20:36.175762,1,2234,0.4405085118536991,8.479468414379336e-17,0.440508511853699,0.4405085118536993,253.7329028277307,576
2026-02-10T21:20:36.192334,1,2235,0.44055463528370264,8.171020218150495e-17,0.4405546352837024,0.44055463528370276,253.75946992341272,576
2026-02-10T21:20:36.208873,1,2236,0.44059900781746925,9.064933036736789e-17,0.4405990078174691,0.4405990078174694,253.78502850286227,576
2026-02-10T21:20:36.225183,1,2237,0.4406414575632952,1.2204039592116465e-16,0.44064145756329487,0.4406414575632953,253.80947955645803,576
2026-02-10T21:20:36.241715,1,2238,0.44068182078678825,7.850462293418876e-17,0.4406818207867881,0.4406818207867883,253.83272877319004,576
2026-02-10T21:20:36.258025,1,2239,0.4407199522382603,1.0385185452638061e-16,0.44071995223826,0.44071995223826044,253.85469248923795,576
2026-02-10T21:20:36.274444,1,2240,0.4407557348413376,7.166458808248763e-17,0.44075573484133745,0.4407557348413378,253.87530326861048,576
2026-02-10T21:20:36.291031,1,2241,0.44078908774354314,1.1555567610933196e-16,0.44078908774354286,0.4407890877435433,253.89451454028085,576
2026-02-10T21:20:36.307810,1,2242,0.44081997278248686,9.064933036736789e-17,0.44081997278248675,0.4408199727824871,253.91230432271243,576
2026-02-10T21:20:36.324245,1,2243,0.4408483983870539,1.013490324081353e-16,0.4408483983870538,0.44084839838705403,253.92867747094306,576
2026-02-10T21:20:36.340784,1,2244,0.4408744204832258,8.777083671441753e-17,0.44087442048322556,0.4408744204832258,253.94366619833806,576
2026-02-10T21:20:36.357126,1,2245,0.4408981406142306,8.479468414379336e-17,0.4408981406142304,0.4408981406142307,253.95732899379684,576
2026-02-10T21:20:36.373499,1,2246,0.44091970111160306,9.614813431917819e-17,0.44091970111160284,0.44091970111160317,253.96974784028336,576
2026-02-10T21:20:36.390063,1,2247,0.44093927744359174,5.99588961666477e-17,0.4409392774435916,0.44093927744359185,253.98102380750885,576
2026-02-10T21:20:36.406613,1,2248,0.44095706886834,7.850462293418876e-17,0.44095706886833985,0.4409570688683402,253.99127166816385,576
2026-02-10T21:20:36.423083,1,2249,0.44097328687952775,1.0385185452638061e-16,0.44097328687952764,0.44097328687952786,254.00061324260798,576
2026-02-10T21:20:36.439591,1,2250,0.4409881434967273,9.064933036736789e-17,0.4409881434967271,0.4409881434967273,254.00917065411494,576
2026-02-10T21:20:36.456153,1,2251,0.4410018391941487,1.0868472903575298e-16,0.4410018391941485,0.4410018391941488,254.01705937582966,576
2026-02-10T21:20:36.472724,1,2252,0.441014551697089,8.479468414379336e-17,0.4410145516970889,0.44101455169708914,254.02438177752325,576
2026-02-10T21:20:36.489234,1,2253,0.441026426474583,8.479468414379336e-17,0.4410264264745829,0.44102642647458323,254.03122164935982,576
2026-02-10T21:20:36.505732,1,2254,0.44103756907661584,8.171020218150495e-17,0.44103756907661573,0.44103756907661595,254.03763978813072,576
2026-02-10T21:20:36.522567,1,2255,0.44104804047128493,8.479468414379336e-17,0.44104804047128476,0.4410480404712851,254.04367131146012,576
2026-02-10T21:20:36.538934,1,2256,0.4410578550297141,1.0629576194313574e-16,0.44105785502971395,0.4410578550297143,254.04932449711532,576
2026-02-10T21:20:36.555584,1,2257,0.44106698170384107,8.479468414379336e-17,0.44106698170384107,0.4410669817038412,254.05458146141245,576
2026-02-10T21:20:36.572241,1,2258,0.4410753482008534,1.013490324081353e-16,0.44107534820085326,0.4410753482008536,254.05940056369158,576
2026-02-10T21:20:36.588582,1,2259,0.44108284770704326,9.064933036736789e-17,0.4410828477070431,0.4410828477070433,254.06372027925693,576
2026-02-10T21:20:36.605035,1,2260,0.44108934797337657,7.166458808248763e-17,0.4410893479733764,0.44108934797337673,254.0674644326649,576
2026-02-10T21:20:36.621449,1,2261,0.44109470201368023,1.0629576194313574e-16,0.4410947020136802,0.4410947020136805,254.0705483598798,576
2026-02-10T21:20:36.638076,1,2262,0.44109875960650996,9.064933036736789e-17,0.4410987596065098,0.4410987596065101,254.07288553334973,576
2026-02-10T21:20:36.654486,1,2263,0.4411013790628483,1.0629576194313574e-16,0.4411013790628481,0.4411013790628485,254.07439434020063,576
2026-02-10T21:20:36.671189,1,2264,0.44110243831490137,7.166458808248763e-17,0.44110243831490126,0.4411024383149015,254.07500446938317,576
2026-02-10T21:20:36.687808,1,2265,0.44110184448477696,9.064933036736789e-17,0.44110184448477674,0.4411018444847771,254.07466242323153,576
2026-02-10T21:20:36.704491,1,2266,0.44109954159894477,1.013490324081353e-16,0.4410995415989446,0.44109954159894493,254.07333596099218,576
2026-02-10T21:20:36.720879,1,2267,0.4410955155031464,1.1555567610933196e-16,0.4410955155031462,0.44109551550314663,254.07101692981232,576
2026-02-10T21:20:36.737705,1,2268,0.4410897958832659,1.0868472903575298e-16,0.4410897958832658,0.44108979588326613,254.06772242876116,576
2026-02-10T21:20:36.754147,1,2269,0.44108245517820355,1.1102230246251565e-16,0.4410824551782033,0.44108245517820366,254.06349418264523,576
2026-02-10T21:20:36.770655,1,2270,0.44107360439644056,1.3597399555105182e-16,0.4410736043964403,0.44107360439644083,254.05839613234977,576
2026-02-10T21:20:36.787341,1,2271,0.4410633861103602,1.1331166295920987e-16,0.44106338611036,0.44106338611036044,254.0525103995675,576
2026-02-10T21:20:36.803831,1,2272,0.441051964904099,9.064933036736789e-17,0.4410519649040987,0.44105196490409915,254.04593178476102,576
2026-02-10T21:20:36.820357,1,2273,0.44103951627553045,7.850462293418876e-17,0.4410395162755303,0.4410395162755305,254.03876137470553,576
2026-02-10T21:20:36.837391,1,2274,0.4410262140852533,8.479468414379336e-17,0.4410262140852531,0.44102621408525344,254.0310993131059,576
2026-02-10T21:20:36.853801,1,2275,0.44101221812262115,1.1555567610933196e-16,0.44101221812262104,0.4410122181226215,254.02303763862977,576
2026-02-10T21:20:36.870506,1,2276,0.4409976619912851,8.777083671441753e-17,0.4409976619912849,0.4409976619912851,254.01465330698022,576
2026-02-10T21:20:36.887272,1,2277,0.4409826421967846,1.1102230246251565e-16,0.4409826421967844,0.44098264219678485,254.00600190534794,576
2026-02-10T21:20:36.903803,1,2278,0.44096720954948193,1.0629576194313574e-16,0.44096720954948176,0.4409672095494821,253.9971127005016,576
2026-02-10T21:20:36.920491,1,2279,0.44095136307062455,1.2412670766236366e-16,0.4409513630706243,0.4409513630706249,253.98798512867972,576
2026-02-10T21:20:36.936992,1,2280,0.4409350468907589,8.479468414379336e-17,0.4409350468907587,0.44093504689075913,253.97858700907713,576
2026-02-10T21:20:36.953574,1,2281,0.44091815063013123,1.199177923332954e-16,0.44091815063013096,0.4409181506301315,253.9688547629556,576
2026-02-10T21:20:36.969781,1,2282,0.44090051301950656,1.1102230246251565e-16,0.4409005130195063,0.4409005130195067,253.95869549923577,576
2026-02-10T21:20:36.985988,1,2283,0.4408819289177353,8.479468414379336e-17,0.44088192891773526,0.4408819289177355,253.94799105661554,576
2026-02-10T21:20:37.002505,1,2284,0.44086215926273525,9.064933036736789e-17,0.4408621592627351,0.44086215926273553,253.9366037353355,576
2026-02-10T21:20:37.019100,1,2285,0.44084094347837544,8.171020218150495e-17,0.4408409434783753,0.44084094347837555,253.92438344354426,576
2026-02-10T21:20:37.035820,1,2286,0.44081801359500083,8.777083671441753e-17,0.4408180135950007,0.44081801359500106,253.91117583072048,576
2026-02-10T21:20:37.052613,1,2287,0.4407931097233581,9.064933036736789e-17,0.44079310972335795,0.44079310972335817,253.89683120065428,576
2026-02-10T21:20:37.069119,1,2288,0.4407659953816479,9.064933036736789e-17,0.44076599538164773,0.44076599538164807,253.8812133398292,576
2026-02-10T21:20:37.085725,1,2289,0.4407364719778999,7.850462293418876e-17,0.4407364719778998,0.4407364719779001,253.86420785927035,576
2026-02-10T21:20:37.102463,1,2290,0.44070439131404193,1.0629576194313574e-16,0.4407043913140417,0.44070439131404215,253.84572939688815,576
2026-02-10T21:20:37.119071,1,2291,0.4406696656257464,1.0629576194313574e-16,0.4406696656257463,0.4406696656257466,253.8257274004299,576
2026-02-10T21:20:37.135850,1,2292,0.4406322734204858,9.064933036736789e-17,0.4406322734204856,0.44063227342048594,253.8041894901998,576
2026-02-10T21:20:37.152351,1,2293,0.44059226163254905,8.171020218150495e-17,0.44059226163254894,0.44059226163254916,253.78114270034825,576
2026-02-10T21:20:37.168925,1,2294,0.440549742555502,7.850462293418876e-17,0.44054974255550183,0.44054974255550217,253.75665171196914,576
2026-02-10T21:20:37.185488,1,2295,0.44050488697739937,1.0629576194313574e-16,0.4405048869773992,0.44050488697739953,253.73081489898203,576
2026-02-10T21:20:37.201927,1,2296,0.4404579126107073,7.166458808248763e-17,0.4404579126107071,0.44045791261070744,253.70375766376742,576
2026-02-10T21:20:37.218508,1,2297,0.44040906988355655,1.0868472903575298e-16,0.44040906988355644,0.44040906988355677,253.67562425292857,576
2026-02-10T21:20:37.234973,1,2298,0.4403586246572652,7.166458808248763e-17,0.44035862465726505,0.4403586246572653,253.64656780258477,576
2026-02-10T21:20:37.251833,1,2299,0.4403068408569351,9.064933036736789e-17,0.44030684085693494,0.4403068408569353,253.61674033359463,576
2026-02-10T21:20:37.268235,1,2300,0.4402539626994946,7.850462293418876e-17,0.44025396269949446,0.4402539626994948,253.5862825149089,576
2026-02-10T21:20:37.284975,1,2301,0.44020019912054387,6.409875621278546e-17,0.44020019912054376,0.44020019912054387,253.55531469343327,576
2026-02-10T21:20:37.308316,1,2302,0.44014571065579094,8.479468414379336e-17,0.4401457106557908,0.4401457106557911,253.52392933773558,576
2026-02-10T21:20:37.325307,1,2303,0.4400906000779477,9.614813431917819e-17,0.4400906000779474,0.44009060007794776,253.4921856448979,576
2026-02-10T21:20:37.342263,1,2304,0.44003490731032663,7.850462293418876e-17,0.44003490731032646,0.4400349073103268,253.46010661074814,576
2026-02-10T21:20:37.358814,1,2305,0.4399786086514001,7.850462293418876e-17,0.4399786086513998,0.43997860865140015,253.42767858320644,576
2026-02-10T21:20:37.375655,1,2306,0.4399216199922507,9.064933036736789e-17,0.43992161999225043,0.4399216199922509,253.39485311553642,576
2026-02-10T21:20:37.392156,1,2307,0.43986380415039494,1.1775693440128312e-16,0.4398638041503946,0.43986380415039505,253.3615511906275,576
2026-02-10T21:20:37.408842,1,2308,0.4398049809023778,7.850462293418876e-17,0.43980498090237763,0.43980498090237796,253.3276689997696,576
2026-02-10T21:20:37.425468,1,2309,0.4397449390266733,1.013490324081353e-16,0.439744939026673,0.43974493902667344,253.29308487936382,576
2026-02-10T21:20:37.441896,1,2310,0.4396834496081983,1.1555567610933196e-16,0.43968344960819805,0.4396834496081986,253.2576669743222,576
2026-02-10T21:20:37.458411,1,2311,0.4396202791612117,9.614813431917819e-17,0.4396202791612115,0.4396202791612118,253.22128079685794,576
2026-02-10T21:20:37.475187,1,2312,0.4395552019526233,1.0629576194313574e-16,0.439555201952623,0.43955520195262354,253.18379632471104,576
2026-02-10T21:20:37.492018,1,2313,0.43948801057279974,1.013490324081353e-16,0.4394880105727993,0.43948801057279985,253.14509408993266,576
2026-02-10T21:20:37.508662,1,2314,0.4394185242527673,1.2617852778345905e-16,0.43941852425276684,0.4394185242527675,253.10506996959396,576
2026-02-10T21:20:37.525526,1,2315,0.43934659460377656,9.34391909990421e-17,0.43934659460377623,0.4393465946037767,253.0636384917753,576
2026-02-10T21:20:37.542205,1,2316,0.4392721082002541,1.1775693440128312e-16,0.43927210820025375,0.4392721082002543,253.02073432334635,576
2026-02-10T21:20:37.558840,1,2317,0.43919498695808906,1.013490324081353e-16,0.4391949869580887,0.43919498695808923,252.9763124878593,576
2026-02-10T21:20:37.575428,1,2318,0.43911518596403054,8.777083671441753e-17,0.4391151859640303,0.43911518596403076,252.9303471152816,576
2026-02-10T21:20:37.592051,1,2319,0.43903268922330085,1.1555567610933196e-16,0.4390326892233005,0.4390326892233011,252.88282899262128,576
2026-02-10T21:20:37.608786,1,2320,0.43894750459064924,1.3407216768447582e-16,0.438947504590649,0.43894750459064946,252.83376264421398,576
2026-02-10T21:20:37.625456,1,2321,0.43885965730153575,1.0629576194313574e-16,0.4388596573015354,0.43885965730153587,252.7831626056846,576
2026-02-10T21:20:37.642288,1,2322,0.4387691842846522,1.013490324081353e-16,0.43876918428465206,0.4387691842846524,252.73105014795968,576
2026-02-10T21:20:37.659009,1,2323,0.43867612811661644,1.0629576194313574e-16,0.43867612811661616,0.4386761281166166,252.67744979517107,576
2026-02-10T21:20:37.675565,1,2324,0.4385805321825771,8.171020218150495e-17,0.43858053218257687,0.4385805321825772,252.6223865371644,576
2026-02-10T21:20:37.692373,1,2325,0.43848243675241233,1.1555567610933196e-16,0.43848243675241194,0.4384824367524124,252.5658835693895,576
2026-02-10T21:20:37.708961,1,2326,0.43838187632102,6.409875621278546e-17,0.4383818763210199,0.4383818763210201,252.5079607609075,576
2026-02-10T21:20:37.725439,1,2327,0.4382788780620985,9.614813431917819e-17,0.4382788780620982,0.43827887806209864,252.44863376376873,576
2026-02-10T21:20:37.741985,1,2328,0.4381734613997443,9.614813431917819e-17,0.4381734613997441,0.43817346139974445,252.3879137662527,576
2026-02-10T21:20:37.758654,1,2329,0.43806563845652147,1.1102230246251565e-16,0.43806563845652136,0.4380656384565217,252.32580775095636,576
2026-02-10T21:20:37.775105,1,2330,0.43795541509952757,7.850462293418876e-17,0.4379554150995274,0.4379554150995276,252.2623190973279,576
2026-02-10T21:20:37.791813,1,2331,0.4378427925455431,9.614813431917819e-17,0.4378427925455429,0.43784279254554315,252.19744850623283,576
2026-02-10T21:20:37.808319,1,2332,0.4377277693444086,8.171020218150495e-17,0.4377277693444085,0.4377277693444087,252.13119514237937,576
2026-02-10T21:20:37.824704,1,2333,0.4376103430997021,9.064933036736789e-17,0.4376103430997019,0.43761034309970226,252.06355762542842,576
2026-02-10T21:20:37.841208,1,2334,0.4374905123420196,7.850462293418876e-17,0.4374905123420194,0.43749051234201974,251.99453510900327,576
2026-02-10T21:20:37.857732,1,2335,0.43736827825500807,9.064933036736789e-17,0.437368278255008,0.43736827825500824,251.92412827488465,576
2026-02-10T21:20:37.874538,1,2336,0.43724364617490774,1.0385185452638061e-16,0.43724364617490763,0.43724364617490796,251.85234019674687,576
2026-02-10T21:20:37.891248,1,2337,0.4371166265877029,1.0385185452638061e-16,0.4371166265877028,0.437116626587703,251.77917691451688,576
2026-02-10T21:20:37.907906,1,2338,0.4369872359686265,7.166458808248763e-17,0.43698723596862643,0.43698723596862665,251.70464791792887,576
2026-02-10T21:20:37.924828,1,2339,0.43685549684432734,9.614813431917819e-17,0.43685549684432723,0.43685549684432756,251.62876618233255,576
2026-02-10T21:20:37.942058,1,2340,0.4367214376927732,1.013490324081353e-16,0.43672143769277305,0.4367214376927734,251.55154811103736,576
2026-02-10T21:20:37.959105,1,2341,0.4365850920517354,1.013490324081353e-16,0.4365850920517351,0.43658509205173557,251.4730130217996,576
2026-02-10T21:20:37.976420,1,2342,0.43644649695611115,1.0385185452638061e-16,0.43644649695611115,0.4364464969561114,251.39318224672002,576
2026-02-10T21:20:37.993642,1,2343,0.4363056912032094,9.064933036736789e-17,0.43630569120320917,0.4363056912032095,251.3120781330486,576
2026-02-10T21:20:38.011367,1,2344,0.4361627126807099,1.199177923332954e-16,0.4361627126807097,0.43616271268071016,251.2297225040889,576
2026-02-10T21:20:38.029234,1,2345,0.4360175958176323,1.0629576194313574e-16,0.4360175958176321,0.43601759581763255,251.1461351909562,576
2026-02-10T21:20:38.047108,1,2346,0.43587036852399763,1.2412670766236366e-16,0.4358703685239974,0.43587036852399785,251.06133226982263,576
2026-02-10T21:20:38.064841,1,2347,0.43572104955104174,9.064933036736789e-17,0.43572104955104163,0.43572104955104185,250.97532454140003,576
2026-02-10T21:20:38.082244,1,2348,0.43556964580718494,1.1555567610933196e-16,0.4355696458071847,0.43556964580718516,250.8881159849385,576
2026-02-10T21:20:38.099298,1,2349,0.43541615033517445,1.2819751242557092e-16,0.4354161503351741,0.43541615033517456,250.7997025930605,576
2026-02-10T21:20:38.116292,1,2350,0.43526054084105936,1.2204039592116465e-16,0.43526054084105903,0.4352605408410595,250.7100715244502,576
2026-02-10T21:20:38.133500,1,2351,0.4351027790110728,1.2412670766236366e-16,0.4351027790110725,0.43510277901107297,250.61920071037792,576
2026-02-10T21:20:38.150522,1,2352,0.43494281048908373,9.614813431917819e-17,0.43494281048908356,0.4349428104890839,250.52705884171223,576
2026-02-10T21:20:38.167405,1,2353,0.43478056562127215,1.2412670766236366e-16,0.4347805656212719,0.4347805656212723,250.43360579785275,576
2026-02-10T21:20:38.184265,1,2354,0.43461596091673266,1.3214297116801536e-16,0.4346159609167325,0.43461596091673294,250.33879348803802,576
2026-02-10T21:20:38.201084,1,2355,0.43444890099774797,1.0629576194313574e-16,0.4344489009977478,0.43444890099774813,250.24256697470284,576
2026-02-10T21:20:38.217832,1,2356,0.4342792810685109,9.064933036736789e-17,0.43427928106851066,0.434279281068511,250.14486589546226,576
2026-02-10T21:20:38.234707,1,2357,0.4341069896771722,1.3018518929051675e-16,0.434106989677172,0.43410698967717243,250.04562605405118,576
2026-02-10T21:20:38.251533,1,2358,0.43393191174773427,1.0385185452638061e-16,0.43393191174773393,0.4339319117477344,249.94478116669495,576
2026-02-10T21:20:38.268282,1,2359,0.43375393161417325,1.0629576194313574e-16,0.43375393161417297,0.4337539316141735,249.8422646097638,576
2026-02-10T21:20:38.284994,1,2360,0.4335729362288367,1.199177923332954e-16,0.4335729362288364,0.43357293622883686,249.73801126780992,576
2026-02-10T21:20:38.301873,1,2361,0.4333888180850107,1.199177923332954e-16,0.4333888180850104,0.43338881808501084,249.63195921696615,576
2026-02-10T21:20:38.318825,1,2362,0.43320147825734534,1.1102230246251565e-16,0.433201478257345,0.43320147825734556,249.5240514762309,576
2026-02-10T21:20:38.335518,1,2363,0.4330108290584514,1.013490324081353e-16,0.4330108290584511,0.43301082905845145,249.41423753766801,576
2026-02-10T21:20:38.352464,1,2364,0.4328167963579224,1.0629576194313574e-16,0.43281679635792214,0.4328167963579226,249.30247470216332,576
2026-02-10T21:20:38.369285,1,2365,0.4326193215460827,1.0629576194313574e-16,0.4326193215460825,0.43261932154608296,249.1887292105436,576
2026-02-10T21:20:38.385886,1,2366,0.43241836324209565,1.0629576194313574e-16,0.43241836324209537,0.4324183632420959,249.0729772274471,576
2026-02-10T21:20:38.402665,1,2367,0.4322138981503229,1.1555567610933196e-16,0.43221389815032263,0.4322138981503231,248.955205334586,576
2026-02-10T21:20:38.419609,1,2368,0.43200592176787417,7.850462293418876e-17,0.432005921767874,0.4320059217678742,248.83541093829552,576
2026-02-10T21:20:38.436499,1,2369,0.43179444828994196,1.0385185452638061e-16,0.43179444828994173,0.4317944482899422,248.71360221500657,576
2026-02-10T21:20:38.453385,1,2370,0.4315795100716789,9.614813431917819e-17,0.4315795100716787,0.43157951007167905,248.58979780128703,576
2026-02-10T21:20:38.470263,1,2371,0.431361156865373,9.34391909990421e-17,0.4313611568653729,0.43136115686537324,248.46402635445486,576
2026-02-10T21:20:38.487077,1,2372,0.4311394540934121,7.850462293418876e-17,0.4311394540934119,0.43113945409341226,248.33632555780537,576
2026-02-10T21:20:38.503815,1,2373,0.4309144814372269,9.614813431917819e-17,0.43091448143722677,0.430914481437227,248.2067413078427,576
2026-02-10T21:20:38.520541,1,2374,0.4306863306949044,9.614813431917819e-17,0.43068633069490425,0.4306863306949046,248.07532648026495,576
2026-02-10T21:20:38.537239,1,2375,0.43045510368932943,7.166458808248763e-17,0.4304551036893294,0.4304551036893296,247.94213972505375,576
2026-02-10T21:20:38.554295,1,2376,0.4302209099101877,8.777083671441753e-17,0.4302209099101876,0.4302209099101879,247.8072441082681,576
2026-02-10T21:20:38.571153,1,2377,0.4299838640234061,9.064933036736789e-17,0.42998386402340594,0.42998386402340627,247.67070567748192,576
2026-02-10T21:20:38.588038,1,2378,0.4297440835423772,7.850462293418876e-17,0.42974408354237703,0.42974408354237736,247.53259212040928,576
2026-02-10T21:20:38.604974,1,2379,0.4295016861068918,9.064933036736789e-17,0.42950168610689166,0.429501686106892,247.3929711975697,576
2026-02-10T21:20:38.621764,1,2380,0.4292567871975704,8.479468414379336e-17,0.4292567871975702,0.42925678719757043,247.25190942580053,576
2026-02-10T21:20:38.638836,1,2381,0.42900949762297436,1.013490324081353e-16,0.42900949762297425,0.42900949762297447,247.10947063083321,576
2026-02-10T21:20:38.655846,1,2382,0.4287599213087532,1.1331166295920987e-16,0.42875992130875307,0.4287599213087534,246.96571467384183,576
2026-02-10T21:20:38.672792,1,2383,0.428508153368194,6.409875621278546e-17,0.4285081533681938,0.42850815336819403,246.82069634007973,576
2026-02-10T21:20:38.689752,1,2384,0.42825427860758986,7.166458808248763e-17,0.4282542786075897,0.4282542786075899,246.67446447797175,576
2026-02-10T21:20:38.706677,1,2385,0.4279983703848408,9.34391909990421e-17,0.4279983703848408,0.4279983703848409,246.5270613416683,576
2026-02-10T21:20:38.723520,1,2386,0.42774049019113336,5.99588961666477e-17,0.42774049019113314,0.42774049019113336,246.37852235009282,576
2026-02-10T21:20:38.740380,1,2387,0.4274806880037363,8.777083671441753e-17,0.42748068800373606,0.4274806880037364,246.2288762901521,576
2026-02-10T21:20:38.757352,1,2388,0.42721900308415317,9.34391909990421e-17,0.42721900308415284,0.4272190030841533,246.07814577647224,576
2026-02-10T21:20:38.774289,1,2389,0.42695546608120516,1.199177923332954e-16,0.42695546608120494,0.4269554660812054,245.92634846277417,576
2026-02-10T21:20:38.791280,1,2390,0.4266901010220733,9.614813431917819e-17,0.42669010102207305,0.4266901010220735,245.7734981887142,576
2026-02-10T21:20:38.807942,1,2391,0.426422928383658,1.1555567610933196e-16,0.4264229283836577,0.42642292838365814,245.619606748987,576
2026-02-10T21:20:38.824972,1,2392,0.4261539681932435,1.199177923332954e-16,0.42615396819324336,0.4261539681932437,245.46468567930827,576
2026-02-10T21:20:38.841980,1,2393,0.4258832427904227,1.199177923332954e-16,0.42588324279042233,0.4258832427904229,245.30874784728348,576
2026-02-10T21:20:38.859002,1,2394,0.42561077969434,1.0868472903575298e-16,0.4256107796943398,0.42561077969434014,245.15180910393985,576
2026-02-10T21:20:38.875883,1,2395,0.4253366134440225,7.850462293418876e-17,0.4253366134440223,0.4253366134440226,244.99388934375696,576
2026-02-10T21:20:38.892878,1,2396,0.42506078644414835,9.614813431917819e-17,0.42506078644414813,0.4250607864441486,244.83501299182944,576
2026-02-10T21:20:38.909874,1,2397,0.42478334864410894,1.3214297116801536e-16,0.4247833486441086,0.42478334864410916,244.67520881900674,576
2026-02-10T21:20:38.926875,1,2398,0.42450435606143405,9.064933036736789e-17,0.4245043560614338,0.4245043560614342,244.514509091386,576
2026-02-10T21:20:38.943810,1,2399,0.4242238681791061,1.1555567610933196e-16,0.42422386817910585,0.4242238681791063,244.35294807116512,576
2026-02-10T21:20:38.960743,1,2400,0.4239419439455116,9.614813431917819e-17,0.42394194394551143,0.4239419439455119,244.1905597126147,576
2026-02-10T21:20:38.977722,1,2401,0.4236586378013927,9.614813431917819e-17,0.42365863780139235,0.4236586378013927,244.02737537360218,576
2026-02-10T21:20:38.994697,1,2402,0.42337399538408327,1.1102230246251565e-16,0.42337399538408294,0.4233739953840834,243.86342134123197,576
2026-02-10T21:20:39.011664,1,2403,0.42308804955968793,9.064933036736789e-17,0.4230880495596877,0.42308804955968804,243.69871654638024,576
2026-02-10T21:20:39.028362,1,2404,0.4228008178877989,1.0385185452638061e-16,0.42280081788779855,0.4228008178877991,243.53327110337216,576
2026-02-10T21:20:39.045305,1,2405,0.4225123011980529,9.614813431917819e-17,0.4225123011980526,0.42251230119805294,243.36708549007847,576
2026-02-10T21:20:39.062271,1,2406,0.4222224843560442,1.0629576194313574e-16,0.42222248435604404,0.42222248435604437,243.20015098908146,576
2026-02-10T21:20:39.079200,1,2407,0.4219313388838676,9.064933036736789e-17,0.42193133888386736,0.4219313388838678,243.03245119710772,576
2026-02-10T21:20:39.096143,1,2408,0.4216388275041137,9.064933036736789e-17,0.4216388275041134,0.42163882750411386,242.8639646423695,576
2026-02-10T21:20:39.113006,1,2409,0.4213449105496791,6.409875621278546e-17,0.42134491054967893,0.42134491054967915,242.69466847661516,576
2026-02-10T21:20:39.130023,1,2410,0.4210495533433832,6.409875621278546e-17,0.421049553343383,0.42104955334338323,242.5245427257887,576
2026-02-10T21:20:39.147131,1,2411,0.42075273400166957,9.064933036736789e-17,0.42075273400166946,0.4207527340016698,242.35357478496167,576
2026-02-10T21:20:39.164182,1,2412,0.4204544515298282,9.614813431917819e-17,0.4204544515298281,0.4204544515298283,242.18176408118103,576
2026-02-10T21:20:39.181018,1,2413,0.42015473220998373,8.479468414379336e-17,0.42015473220998345,0.4201547322099838,242.00912575295064,576
2026-02-10T21:20:39.198145,1,2414,0.4198536345163589,1.013490324081353e-16,0.4198536345163588,0.41985363451635904,241.8356934814227,576
2026-02-10T21:20:39.215108,1,2415,0.4195512514905688,8.479468414379336e-17,0.4195512514905687,0.41955125149056893,241.66152085856763,576
2026-02-10T21:20:39.231909,1,2416,0.4192477103963572,1.0385185452638061e-16,0.4192477103963571,0.41924771039635733,241.48668118830176,576
2026-02-10T21:20:39.249058,1,2417,0.41894316906519563,7.166458808248763e-17,0.41894316906519546,0.4189431690651958,241.3112653815527,576
2026-02-10T21:20:39.265841,1,2418,0.418637809324014,1.1555567610933196e-16,0.41863780932401395,0.4186378093240143,241.13537817063207,576
2026-02-10T21:20:39.282781,1,2419,0.4183318279480588,8.171020218150495e-17,0.4183318279480587,0.418331827948059,240.95913289808186,576
2026-02-10T21:20:39.299768,1,2420,0.4180254253709572,1.2617852778345905e-16,0.418025425370957,0.41802542537095755,240.78264501367136,576
2026-02-10T21:20:39.316688,1,2421,0.4177187934045004,8.479468414379336e-17,0.41771879340450035,0.4177187934045006,240.60602500099225,576
2026-02-10T21:20:39.333817,1,2422,0.4174121026644989,9.064933036736789e-17,0.4174121026644987,0.41741210266449913,240.42937113475136,576
2026-02-10T21:20:39.350762,1,2423,0.41710549136629677,7.850462293418876e-17,0.4171054913662966,0.41710549136629693,240.25276302698694,576
2026-02-10T21:20:39.367568,1,2424,0.41679905531222833,7.850462293418876e-17,0.41679905531222805,0.4167990553122284,240.0762558598435,576
2026-02-10T21:20:39.384561,1,2425,0.41649284133741915,1.013490324081353e-16,0.41649284133741893,0.41649284133741926,239.89987661035343,576
2026-02-10T21:20:39.401405,1,2426,0.4161868438512364,8.777083671441753e-17,0.4161868438512363,0.4161868438512365,239.72362205831215,576
2026-02-10T21:20:39.418391,1,2427,0.41588100556711716,1.0385185452638061e-16,0.41588100556711705,0.4158810055671175,239.54745920665948,576
2026-02-10T21:20:39.435412,1,2428,0.4155752216102,7.850462293418876e-17,0.4155752216101999,0.4155752216102001,239.3713276474752,576
2026-02-10T21:20:39.452308,1,2429,0.41526934763099427,1.1102230246251565e-16,0.4152693476309941,0.41526934763099455,239.1951442354527,576
2026-02-10T21:20:39.469123,1,2430,0.41496321087974036,1.1102230246251565e-16,0.4149632108797401,0.41496321087974053,239.01880946673046,576
2026-02-10T21:20:39.486186,1,2431,0.41465662302383954,8.171020218150495e-17,0.41465662302383943,0.41465662302383965,238.84221486173158,576
2026-02-10T21:20:39.503234,1,2432,0.4143493945484901,1.013490324081353e-16,0.41434939454848985,0.4143493945484903,238.6652512599303,576
2026-02-10T21:20:39.520138,1,2433,0.4140413488908453,9.34391909990421e-17,0.4140413488908452,0.41404134889084543,238.4878169611269,576
2026-02-10T21:20:39.537203,1,2434,0.41373233569346857,8.171020218150495e-17,0.41373233569346834,0.4137323356934688,238.3098253594379,576
2026-02-10T21:20:39.554064,1,2435,0.41342224198034333,7.166458808248763e-17,0.41342224198034316,0.4134222419803434,238.13121138067777,576
2026-02-10T21:20:39.571095,1,2436,0.41311100077283464,1.199177923332954e-16,0.41311100077283447,0.4131110007728349,237.95193644515274,576
2026-02-10T21:20:39.588151,1,2437,0.41279859631527904,1.013490324081353e-16,0.41279859631527893,0.4127985963152794,237.77199147760072,576
2026-02-10T21:20:39.605183,1,2438,0.4124850659526376,9.064933036736789e-17,0.41248506595263745,0.4124850659526378,237.59139798871928,576
2026-02-10T21:20:39.622163,1,2439,0.4121704988737069,9.614813431917819e-17,0.4121704988737066,0.41217049887370705,237.41020735125517,576
2026-02-10T21:20:39.639162,1,2440,0.41185503142419755,9.064933036736789e-17,0.4118550314241973,0.41185503142419766,237.2284981003378,576
2026-02-10T21:20:39.656167,1,2441,0.4115388404430038,8.171020218150495e-17,0.4115388404430037,0.41153884044300404,237.0463720951702,576
2026-02-10T21:20:39.673193,1,2442,0.4112221340359711,6.409875621278546e-17,0.41122213403597097,0.4112221340359712,236.86394920471935,576
2026-02-10T21:20:39.690193,1,2443,0.41090514168339165,1.1555567610933196e-16,0.4109051416833913,0.41090514168339165,236.6813616096336,576
2026-02-10T21:20:39.707124,1,2444,0.41058810337608453,9.34391909990421e-17,0.4105881033760844,0.41058810337608476,236.49874754462468,576
2026-02-10T21:20:39.724077,1,2445,0.41027125945361004,8.479468414379336e-17,0.41027125945360987,0.4102712594536102,236.31624544527938,576
2026-02-10T21:20:39.740923,1,2446,0.4099548400884682,9.064933036736789e-17,0.40995484008846805,0.4099548400884684,236.13398789095768,576
2026-02-10T21:20:39.757845,1,2447,0.40963905653395954,9.614813431917819e-17,0.4096390565339594,0.4096390565339598,235.9520965635607,576
2026-02-10T21:20:39.774924,1,2448,0.40932409335412917,1.013490324081353e-16,0.409324093354129,0.40932409335412934,235.7706777719784,576
2026-02-10T21:20:39.791982,1,2449,0.40901010206667987,7.850462293418876e-17,0.40901010206667976,0.40901010206668,235.5898187904076,576
2026-02-10T21:20:39.808902,1,2450,0.4086971965675048,9.614813431917819e-17,0.4086971965675047,0.40869719656750503,235.40958522288275,576
2026-02-10T21:20:39.825918,1,2451,0.4083854500779499,7.516245408138222e-17,0.4083854500779498,0.40838545007795,235.23001924489915,576
2026-02-10T21:20:39.843019,1,2452,0.40807489421599324,1.013490324081353e-16,0.4080748942159931,0.4080748942159935,235.0511390684121,576
2026-02-10T21:20:39.860005,1,2453,0.4077655194527816,6.409875621278546e-17,0.4077655194527815,0.4077655194527817,234.8729392048022,576
2026-02-10T21:20:39.876973,1,2454,0.4074572781643622,1.013490324081353e-16,0.40745727816436206,0.4074572781643624,234.69539222267264,576
2026-02-10T21:20:39.894122,1,2455,0.40715008905944555,7.850462293418876e-17,0.4071500890594454,0.4071500890594456,234.51845129824065,576
2026-02-10T21:20:39.911123,1,2456,0.4068438438324935,6.798699777552591e-17,0.4068438438324934,0.4068438438324936,234.34205404751626,576
2026-02-10T21:20:39.928177,1,2457,0.4065384153614141,1.013490324081353e-16,0.406538415361414,0.40653841536141433,234.16612724817452,576
2026-02-10T21:20:39.945259,1,2458,0.40623366712714404,1.0868472903575298e-16,0.4062336671271439,0.40623366712714437,233.99059226523497,576
2026-02-10T21:20:39.962365,1,2459,0.40592946397034135,7.516245408138222e-17,0.40592946397034124,0.4059294639703416,233.8153712469166,576
2026-02-10T21:20:39.979349,1,2460,0.4056256825429701,9.614813431917819e-17,0.4056256825429698,0.40562568254297016,233.6403931447508,576
2026-02-10T21:20:39.996297,1,2461,0.40532222178429894,7.166458808248763e-17,0.4053222217842988,0.405322221784299,233.4655997477562,576
2026-02-10T21:20:40.013347,1,2462,0.4050190121910781,9.614813431917819e-17,0.40501901219107783,0.40501901219107816,233.290951022061,576
2026-02-10T21:20:40.031213,1,2463,0.4047160231874288,7.850462293418876e-17,0.4047160231874286,0.40471602318742894,233.11642935595899,576
2026-02-10T21:20:40.048471,1,2464,0.404413268463111,9.34391909990421e-17,0.4044132684631109,0.4044132684631111,232.94204263475194,576
2026-02-10T21:20:40.065929,1,2465,0.40411080862196325,1.2204039592116465e-16,0.4041108086219629,0.40411080862196336,232.76782576625084,576
2026-02-10T21:20:40.083324,1,2466,0.403808751035328,1.1555567610933196e-16,0.40380875103532765,0.4038087510353282,232.5938405963489,576
2026-02-10T21:20:40.100667,1,2467,0.4035072470410302,9.064933036736789e-17,0.4035072470410299,0.40350724704103036,232.4201742956334,576
2026-02-10T21:20:40.117790,1,2468,0.40320648679117377,1.1775693440128312e-16,0.40320648679117344,0.403206486791174,232.24693639171608,576
2026-02-10T21:20:40.134886,1,2469,0.4029066923207479,1.2412670766236366e-16,0.4029066923207476,0.40290669232074816,232.0742547767508,576
2026-02-10T21:20:40.152125,1,2470,0.4026081089084355,7.166458808248763e-17,0.40260810890843535,0.4026081089084357,231.90227073125885,576
2026-02-10T21:20:40.169486,1,2471,0.4023109960211763,1.013490324081353e-16,0.40231099602117604,0.4023109960211765,231.73113370819755,576
2026-02-10T21:20:40.186905,1,2472,0.40201561771812966,1.1102230246251565e-16,0.40201561771812955,0.4020156177181299,231.56099580564268,576
2026-02-10T21:20:40.204132,1,2473,0.401722233895431,7.850462293418876e-17,0.4017222338954308,0.40172223389543116,231.39200672376825,576
2026-02-10T21:20:40.221612,1,2474,0.4014310915055482,7.166458808248763e-17,0.401431091505548,0.40143109150554823,231.22430870719575,576
2026-02-10T21:20:40.238780,1,2475,0.40114241768379266,9.614813431917819e-17,0.40114241768379255,0.4011424176837928,231.05803258586457,576
2026-02-10T21:20:40.256055,1,2476,0.4008564138317112,9.878281759274735e-17,0.400856413831711,0.40085641383171133,230.89329436706566,576
2026-02-10T21:20:40.273983,1,2477,0.4005732511053873,1.3597399555105182e-16,0.4005732511053869,0.40057325110538744,230.73019263670307,576
2026-02-10T21:20:40.291664,1,2478,0.4002930677568136,1.0868472903575298e-16,0.4002930677568134,0.40029306775681395,230.56880702792463,576
2026-02-10T21:20:40.309467,1,2479,0.40001596753746693,1.0385185452638061e-16,0.4000159675374668,0.40001596753746715,230.40919730158095,576
2026-02-10T21:20:40.327347,1,2480,0.3997420198210508,7.850462293418876e-17,0.3997420198210505,0.39974201982105084,230.25140341692526,576
2026-02-10T21:20:40.348591,1,2481,0.3994712606893718,1.0629576194313574e-16,0.39947126068937144,0.3994712606893719,230.09544615707813,576
2026-02-10T21:20:40.368127,1,2482,0.3992036951962105,6.409875621278546e-17,0.39920369519621035,0.3992036951962106,229.94132843301725,576
2026-02-10T21:20:40.385092,1,2483,0.39893930032498454,9.614813431917819e-17,0.39893930032498426,0.3989393003249847,229.78903698719108,576
2026-02-10T21:20:40.402158,1,2484,0.3986780284000864,5.551115123125783e-17,0.39867802840008637,0.3986780284000865,229.6385443584498,576
2026-02-10T21:20:40.419129,1,2485,0.3984198110073135,1.1331166295920987e-16,0.39841981100731316,0.3984198110073136,229.48981114021257,576
2026-02-10T21:20:40.436103,1,2486,0.39816456293045566,7.516245408138222e-17,0.39816456293045555,0.39816456293045577,229.34278824794245,576
2026-02-10T21:20:40.453096,1,2487,0.39791218595065825,1.199177923332954e-16,0.3979121859506579,0.39791218595065836,229.19741910757915,576
2026-02-10T21:20:40.470007,1,2488,0.3976625724891619,1.0868472903575298e-16,0.3976625724891617,0.39766257248916204,229.05364175375726,576
2026-02-10T21:20:40.487038,1,2489,0.3974156092331348,6.798699777552591e-17,0.3974156092331347,0.397415609233135,228.91139091828563,576
2026-02-10T21:20:40.503951,1,2490,0.3971711801414719,7.850462293418876e-17,0.3971711801414717,0.397171180141472,228.77059976148783,576
2026-02-10T21:20:40.521108,1,2491,0.3969291695741313,9.064933036736789e-17,0.39692916957413116,0.3969291695741315,228.63120167469964,576
2026-02-10T21:20:40.538217,1,2492,0.39668946539645655,6.409875621278546e-17,0.39668946539645644,0.39668946539645666,228.49313206835896,576
2026-02-10T21:20:40.555358,1,2493,0.39645196200027666,7.516245408138222e-17,0.39645196200027644,0.39645196200027677,228.35633011215936,576
2026-02-10T21:20:40.572412,1,2494,0.39621656350718987,9.064933036736789e-17,0.3962165635071897,0.3962165635071899,228.22074058014135,576
2026-02-10T21:20:40.589677,1,2495,0.39598318724034026,7.850462293418876e-17,0.3959831872403401,0.39598318724034043,228.086315850436,576
2026-02-10T21:20:40.606810,1,2496,0.39575176737387996,1.0868472903575298e-16,0.39575176737387985,0.3957517673738802,227.95301800735487,576
2026-02-10T21:20:40.623801,1,2497,0.3955222584302708,1.013490324081353e-16,0.39552225843027067,0.395522258430271,227.82082085583596,576
2026-02-10T21:20:40.640778,1,2498,0.39529463872949755,1.013490324081353e-16,0.39529463872949744,0.39529463872949777,227.6897119081906,576
2026-02-10T21:20:40.657753,1,2499,0.3950689129735649,9.064933036736789e-17,0.3950689129735647,0.39506891297356506,227.55969387277338,576
