timestamp,episode,step,mean_reward,std_reward,min_reward,max_reward,total_reward,num_agents
2026-02-10T19:39:07.972616,1,0,-0.05377785888193754,1.3095955923401825e-16,-0.05377785888193776,-0.05377785888193731,-21.511143552775017,400
2026-02-10T19:39:08.023283,1,1,-0.05318273613077593,4.9358903752513116e-17,-0.053182736130775954,-0.05318273613077573,-21.273094452310374,400
2026-02-10T19:39:08.071576,1,2,-0.05272962977283936,2.272739340717841e-16,-0.0527296297728399,-0.05272962977283924,-21.091851909135745,400
2026-02-10T19:39:08.118799,1,3,-0.05248316095671155,8.582937747229195e-17,-0.052483160956711794,-0.05248316095671135,-20.99326438268462,400
2026-02-10T19:39:08.166145,1,4,-0.05242372512894611,1.2161883888976234e-16,-0.05242372512894633,-0.052423725128945886,-20.969490051578443,400
2026-02-10T19:39:08.215950,1,5,-0.05250310356923789,1.0623534945633305e-16,-0.05250310356923804,-0.05250310356923782,-21.001241427695156,400
2026-02-10T19:39:08.267963,1,6,-0.0526641986681949,3.5310721402943563e-16,-0.05266419866819527,-0.052664198668194384,-21.06567946727796,400
2026-02-10T19:39:08.319934,1,7,-0.052890577489794206,2.5808581349355984e-16,-0.05289057748979453,-0.052890577489793866,-21.15623099591768,400
2026-02-10T19:39:08.372723,1,8,-0.053193932889506135,0.0,-0.053193932889506135,-0.053193932889506135,-21.277573155802454,400
2026-02-10T19:39:08.422087,1,9,-0.053538689861534455,7.947987303456223e-17,-0.05353868986153465,-0.05353868986153443,-21.41547594461378,400
2026-02-10T19:39:08.471528,1,10,-0.0538402074914117,6.662783593823664e-17,-0.05384020749141172,-0.053840207491411496,-21.53608299656468,400
2026-02-10T19:39:08.520587,1,11,-0.05401455769461286,1.452865864093589e-16,-0.05401455769461316,-0.05401455769461272,-21.605823077845145,400
2026-02-10T19:39:08.569206,1,12,-0.053981695032150306,1.1970346188077034e-16,-0.053981695032150556,-0.05398169503215011,-21.592678012860123,400
2026-02-10T19:39:08.615545,1,13,-0.05370480292997572,1.6432144662310225e-16,-0.053704802929975815,-0.05370480292997515,-21.481921171990287,400
2026-02-10T19:39:08.663379,1,14,-0.053175817712229526,2.118352371637509e-16,-0.05317581771222968,-0.053175817712229234,-21.27032708489181,400
2026-02-10T19:39:08.712101,1,15,-0.05237000292664626,1.452865864093589e-16,-0.05237000292664651,-0.052370002926646064,-20.948001170658504,400
2026-02-10T19:39:08.761371,1,16,-0.05128480312143225,1.7915251190874575e-16,-0.051284803121432576,-0.05128480312143191,-20.5139212485729,400
2026-02-10T19:39:08.809712,1,17,-0.04992407897453325,7.929792726436375e-17,-0.04992407897453344,-0.049924078974533215,-19.9696315898133,400
2026-02-10T19:39:08.858272,1,18,-0.04822929017094555,4.9358903752513116e-17,-0.04822929017094557,-0.04822929017094535,-19.29171606837822,400
2026-02-10T19:39:08.905900,1,19,-0.04615020440662024,9.694605782913357e-17,-0.046150204406620654,-0.04615020440662021,-18.460081762648095,400
2026-02-10T19:39:08.954287,1,20,-0.04373972928104103,2.315553705957619e-16,-0.04373972928104153,-0.04373972928104086,-17.495891712416412,400
2026-02-10T19:39:09.002490,1,21,-0.04112991251127014,1.7344458980126368e-16,-0.04112991251127052,-0.04112991251126963,-16.451965004508057,400
2026-02-10T19:39:09.049293,1,22,-0.038454342235520154,9.679694819282219e-17,-0.03845434223552058,-0.038454342235520134,-15.381736894208062,400
2026-02-10T19:39:09.095647,1,23,-0.035780382684110254,1.7344458980126368e-16,-0.03578038268411077,-0.0357803826841101,-14.312153073644103,400
2026-02-10T19:39:09.143328,1,24,-0.03314663004906903,1.3095955923401825e-16,-0.03314663004906926,-0.03314663004906859,-13.258652019627611,400
2026-02-10T19:39:09.191400,1,25,-0.030539210528945572,1.2948057833470968e-16,-0.030539210528945926,-0.030539210528945482,-12.215684211578228,400
2026-02-10T19:39:09.238747,1,26,-0.02790463723111645,1.554374187650383e-16,-0.02790463723111669,-0.027904637231116247,-11.161854892446579,400
2026-02-10T19:39:09.286173,1,27,-0.025270445614555995,1.9707558129052694e-16,-0.02527044561455649,-0.025270445614555825,-10.108178245822398,400
2026-02-10T19:39:09.333234,1,28,-0.02277779034295012,1.1050065994108395e-16,-0.022777790342950244,-0.02277779034295002,-9.111116137180048,400
2026-02-10T19:39:09.380101,1,29,-0.02059725886720245,1.4729426609180077e-16,-0.02059725886720276,-0.020597258867202317,-8.23890354688098,400
2026-02-10T19:39:09.427140,1,30,-0.01880999780031579,1.7867483382012396e-16,-0.018809997800316003,-0.01880999780031556,-7.523999120126317,400
2026-02-10T19:39:09.473479,1,31,-0.017399597429269033,1.4518713180347043e-16,-0.01739959742926933,-0.017399597429268887,-6.959838971707613,400
2026-02-10T19:39:09.518498,1,32,-0.016276496678379982,1.6616441606198816e-16,-0.01627649667838038,-0.016276496678379715,-6.5105986713519926,400
2026-02-10T19:39:09.565573,1,33,-0.015280407658119877,8.528067162313099e-17,-0.01528040765812011,-0.015280407658119666,-6.112163063247951,400
2026-02-10T19:39:09.612882,1,34,-0.014357799179509523,1.6467268631127714e-16,-0.014357799179510078,-0.014357799179509412,-5.743119671803809,400
2026-02-10T19:39:09.661152,1,35,-0.013648816618700255,2.339395365948086e-16,-0.013648816618700543,-0.013648816618699877,-5.459526647480102,400
2026-02-10T19:39:09.708598,1,36,-0.013255359364835606,1.2707130684920223e-16,-0.013255359364835906,-0.013255359364835462,-5.302143745934242,400
2026-02-10T19:39:09.755008,1,37,-0.013192788001966538,1.7867483382012396e-16,-0.013192788001966882,-0.013192788001966216,-5.277115200786615,400
2026-02-10T19:39:09.802698,1,38,-0.01354342706648517,9.678762121325763e-17,-0.013543427066485592,-0.013543427066485147,-5.417370826594068,400
2026-02-10T19:39:09.847400,1,39,-0.014398395594109104,2.0918204592287073e-16,-0.014398395594109381,-0.014398395594108715,-5.759358237643641,400
2026-02-10T19:39:09.892988,1,40,-0.015849460835119455,1.382216518795857e-16,-0.015849460835119844,-0.0158494608351194,-6.339784334047782,400
2026-02-10T19:39:09.936169,1,41,-0.017959944979551036,1.758978810463075e-16,-0.017959944979551334,-0.017959944979550668,-7.183977991820414,400
2026-02-10T19:39:09.982667,1,42,-0.020648271005630256,1.9199557061445897e-16,-0.020648271005630603,-0.020648271005629937,-8.259308402252103,400
2026-02-10T19:39:10.030404,1,43,-0.023717125057443722,2.1065000811460205e-16,-0.023717125057444166,-0.023717125057443278,-9.486850022977489,400
2026-02-10T19:39:10.077932,1,44,-0.026954647612595684,8.528067162313099e-17,-0.026954647612595917,-0.026954647612595473,-10.781859045038274,400
2026-02-10T19:39:10.126227,1,45,-0.030318209305186826,9.679694819282219e-17,-0.030318209305187027,-0.030318209305186583,-12.127283722074731,400
2026-02-10T19:39:10.174425,1,46,-0.033955844902311544,1.452865864093589e-16,-0.03395584490231185,-0.033955844902311405,-13.582337960924619,400
2026-02-10T19:39:10.221606,1,47,-0.03792527584494075,1.4856364684093388e-16,-0.0379252758449411,-0.037925275844940654,-15.1701103379763,400
2026-02-10T19:39:10.268435,1,48,-0.042082620082587854,2.0593440066051843e-16,-0.04208262008258856,-0.042082620082587674,-16.83304803303514,400
2026-02-10T19:39:10.313074,1,49,-0.04630184325739567,2.315553705957619e-16,-0.04630184325739606,-0.04630184325739539,-18.520737302958267,400
2026-02-10T19:39:10.359937,1,50,-0.05053644778760989,1.786950432383069e-16,-0.05053644778761046,-0.050536447787609795,-20.214579115043957,400
2026-02-10T19:39:10.408339,1,51,-0.05472700495246933,2.1384855980219954e-16,-0.054727004952469516,-0.05472700495246907,-21.89080198098773,400
2026-02-10T19:39:10.455904,1,52,-0.05893865024413037,2.276337961589592e-16,-0.0589386502441307,-0.05893865024413003,-23.575460097652147,400
2026-02-10T19:39:10.503621,1,53,-0.06326481327654344,2.044325800678625e-16,-0.06326481327654365,-0.06326481327654321,-25.305925310617376,400
2026-02-10T19:39:10.551973,1,54,-0.06758782262754702,1.786950432383069e-16,-0.06758782262754726,-0.06758782262754681,-27.03512905101881,400
2026-02-10T19:39:10.600909,1,55,-0.07170491922298593,1.6432144662310225e-16,-0.07170491922298616,-0.07170491922298572,-28.681967689194373,400
2026-02-10T19:39:10.648463,1,56,-0.07561098417804195,2.1757609710866278e-16,-0.07561098417804213,-0.07561098417804146,-30.244393671216777,400
2026-02-10T19:39:10.695972,1,57,-0.07946926311266946,1.4856364684093388e-16,-0.07946926311266966,-0.07946926311266922,-31.787705245067784,400
2026-02-10T19:39:10.741881,1,58,-0.08334122610179673,1.9229626863835638e-16,-0.08334122610179695,-0.0833412261017965,-33.33649044071869,400
2026-02-10T19:39:10.787138,1,59,-0.08716723800971261,4.8473028914566787e-17,-0.08716723800971282,-0.0871672380097126,-34.86689520388504,400
2026-02-10T19:39:10.834304,1,60,-0.09094585551865635,1.4220500840710912e-16,-0.09094585551865664,-0.0909458555186562,-36.37834220746254,400
2026-02-10T19:39:10.881302,1,61,-0.09472375370609433,1.786950432383069e-16,-0.09472375370609454,-0.0947237537060941,-37.88950148243773,400
2026-02-10T19:39:10.928029,1,62,-0.09852840711896221,1.8410966031475738e-16,-0.09852840711896249,-0.09852840711896205,-39.41136284758488,400
2026-02-10T19:39:10.975902,1,63,-0.10244827946195569,1.707588339091795e-16,-0.1024482794619559,-0.10244827946195523,-40.979311784782276,400
2026-02-10T19:39:11.023358,1,64,-0.10662895186208969,1.2366035645442177e-16,-0.10662895186208976,-0.10662895186208932,-42.651580744835876,400
2026-02-10T19:39:11.071679,1,65,-0.1111936451048511,1.1050065994108395e-16,-0.11119364510485119,-0.11119364510485097,-44.47745804194044,400
2026-02-10T19:39:11.118879,1,66,-0.1161775425521865,4.8473028914566787e-17,-0.11617754255218671,-0.11617754255218649,-46.4710170208746,400
2026-02-10T19:39:11.165709,1,67,-0.12144654953596243,1.5553031891404222e-16,-0.12144654953596268,-0.12144654953596201,-48.57861981438497,400
2026-02-10T19:39:11.212763,1,68,-0.1268450866912712,8.233634315563857e-17,-0.12684508669127137,-0.12684508669127115,-50.73803467650848,400
2026-02-10T19:39:11.259090,1,69,-0.13238862784375238,1.3136335981433191e-16,-0.13238862784375272,-0.13238862784375227,-52.95545113750096,400
2026-02-10T19:39:11.306306,1,70,-0.13816947062088164,1.807312143953211e-16,-0.13816947062088203,-0.13816947062088136,-55.26778824835265,400
2026-02-10T19:39:11.353103,1,71,-0.14418929948403797,1.6653345369377348e-16,-0.14418929948403836,-0.1441892994840377,-57.67571979361519,400
2026-02-10T19:39:11.400493,1,72,-0.15036119959828598,2.1642230995786356e-16,-0.1503611995982863,-0.15036119959828564,-60.144479839314386,400
2026-02-10T19:39:11.448879,1,73,-0.15660696757473963,8.95090418262362e-17,-0.15660696757473969,-0.15660696757473946,-62.64278702989586,400
2026-02-10T19:39:11.496910,1,74,-0.16287687636316897,1.3877787807814457e-16,-0.16287687636316917,-0.16287687636316872,-65.15075054526758,400
2026-02-10T19:39:11.544591,1,75,-0.16909778196384728,0.0,-0.16909778196384728,-0.16909778196384728,-67.63911278553891,400
2026-02-10T19:39:11.591421,1,76,-0.1751271277822525,1.8947119613117473e-16,-0.1751271277822528,-0.17512712778225192,-70.050851112901,400
2026-02-10T19:39:11.638583,1,77,-0.18079707593461156,1.6699540590904642e-16,-0.1807970759346118,-0.18079707593461114,-72.31883037384462,400
2026-02-10T19:39:11.683549,1,78,-0.18596084681395614,2.1784148785229479e-16,-0.18596084681395642,-0.18596084681395597,-74.38433872558245,400
2026-02-10T19:39:11.729062,1,79,-0.19052622140250905,2.3453050806174336e-16,-0.19052622140250963,-0.19052622140250874,-76.21048856100361,400
2026-02-10T19:39:11.774807,1,80,-0.19451607497200885,1.790180836524724e-16,-0.19451607497200918,-0.1945160749720085,-77.80642998880354,400
2026-02-10T19:39:11.820392,1,81,-0.19805629047419893,1.4043333874306804e-16,-0.19805629047419915,-0.1980562904741987,-79.22251618967957,400
2026-02-10T19:39:11.867534,1,82,-0.2012069277786047,1.9899025015462836e-16,-0.20120692777860483,-0.20120692777860438,-80.48277111144188,400
2026-02-10T19:39:11.916500,1,83,-0.20392817092972776,7.447602459741819e-17,-0.20392817092972781,-0.2039281709297276,-81.57126837189111,400
2026-02-10T19:39:11.964829,1,84,-0.20623414564798556,1.6136471996107273e-16,-0.2062341456479857,-0.20623414564798503,-82.49365825919422,400
2026-02-10T19:39:12.015447,1,85,-0.20817531404550293,1.9860273225978183e-16,-0.20817531404550316,-0.2081753140455027,-83.27012561820118,400
2026-02-10T19:39:12.065571,1,86,-0.2096933869721829,1.594436429147036e-16,-0.2096933869721831,-0.20969338697218265,-83.87735478887316,400
2026-02-10T19:39:12.111732,1,87,-0.21070459828832241,1.0007415106216802e-16,-0.21070459828832244,-0.21070459828832222,-84.28183931532897,400
2026-02-10T19:39:12.159177,1,88,-0.21123332716149007,2.1784148785229479e-16,-0.21123332716149035,-0.2112333271614899,-84.49333086459603,400
2026-02-10T19:39:12.205297,1,89,-0.2113632975676339,2.8413902102441497e-16,-0.21136329756763428,-0.2113632975676334,-84.54531902705355,400
2026-02-10T19:39:12.249520,1,90,-0.21114732502838998,9.694605782913357e-17,-0.21114732502839018,-0.21114732502838973,-84.45893001135599,400
2026-02-10T19:39:12.296464,1,91,-0.210589912665059,4.965068306494546e-17,-0.21058991266505922,-0.210589912665059,-84.2359650660236,400
2026-02-10T19:39:12.342474,1,92,-0.20975379533900593,1.7944789959805766e-16,-0.2097537953390063,-0.20975379533900562,-83.90151813560237,400
2026-02-10T19:39:12.388063,1,93,-0.2088471397553898,2.1535178908206135e-16,-0.20884713975539015,-0.2088471397553895,-83.53885590215592,400
2026-02-10T19:39:12.433214,1,94,-0.2080398226766917,6.568167990716596e-17,-0.20803982267669174,-0.20803982267669152,-83.21592907067668,400
2026-02-10T19:39:12.479719,1,95,-0.2073118864691444,1.137640067256873e-16,-0.20731188646914456,-0.20731188646914434,-82.92475458765776,400
2026-02-10T19:39:12.526912,1,96,-0.2065536308560539,1.594436429147036e-16,-0.20655363085605427,-0.2065536308560536,-82.62145234242156,400
2026-02-10T19:39:12.575740,1,97,-0.20570384655630972,6.684427777288335e-17,-0.2057038465563099,-0.2057038465563097,-82.28153862252388,400
2026-02-10T19:39:12.623662,1,98,-0.20479991818783538,1.1102230246251565e-16,-0.2047999181878355,-0.20479991818783527,-81.91996727513416,400
2026-02-10T19:39:12.669623,1,99,-0.20391683202199395,1.5700924586837752e-16,-0.20391683202199418,-0.20391683202199373,-81.56673280879758,400
2026-02-10T19:39:12.717092,1,100,-0.20306112141572732,1.2959208739370123e-16,-0.20306112141572763,-0.20306112141572719,-81.22444856629093,400
2026-02-10T19:39:12.764456,1,101,-0.20220123453176675,2.1065000811460205e-16,-0.20220123453176697,-0.20220123453176653,-80.8804938127067,400
2026-02-10T19:39:12.810490,1,102,-0.20132097458875514,2.0918204592287073e-16,-0.20132097458875542,-0.20132097458875498,-80.52838983550205,400
2026-02-10T19:39:12.857838,1,103,-0.20028422633413234,2.275280134513746e-16,-0.20028422633413268,-0.200284226334132,-80.11369053365294,400
2026-02-10T19:39:12.904822,1,104,-0.1988054982811544,6.568167990716596e-17,-0.19880549828115446,-0.19880549828115424,-79.52219931246177,400
2026-02-10T19:39:12.951536,1,105,-0.19680913623849391,1.6326319374041212e-16,-0.19680913623849428,-0.19680913623849383,-78.72365449539757,400
2026-02-10T19:39:12.999070,1,106,-0.19442065879623563,1.452865864093589e-16,-0.19442065879623582,-0.19442065879623538,-77.76826351849425,400
2026-02-10T19:39:13.047344,1,107,-0.19164193813665029,7.550332863779065e-17,-0.19164193813665054,-0.1916419381366501,-76.65677525466012,400
2026-02-10T19:39:13.095107,1,108,-0.1884064682048841,2.7976739077293704e-16,-0.1884064682048845,-0.1884064682048836,-75.36258728195364,400
2026-02-10T19:39:13.139945,1,109,-0.18474955075821106,2.237726045655905e-16,-0.18474955075821176,-0.18474955075821065,-73.89982030328443,400
2026-02-10T19:39:13.186763,1,110,-0.18078568205368392,2.8441001681421824e-16,-0.18078568205368484,-0.1807856820536835,-72.31427282147357,400
2026-02-10T19:39:13.233831,1,111,-0.17662305033976694,2.4450125863434693e-16,-0.17662305033976766,-0.17662305033976655,-70.64922013590677,400
2026-02-10T19:39:13.281792,1,112,-0.17228683309100773,2.2887833992611187e-16,-0.17228683309100856,-0.17228683309100745,-68.9147332364031,400
2026-02-10T19:39:13.329135,1,113,-0.1677046748288512,1.790180836524724e-16,-0.16770467482885176,-0.1677046748288511,-67.08186993154048,400
2026-02-10T19:39:13.376747,1,114,-0.16277614587640998,1.1102230246251565e-16,-0.1627761458764101,-0.16277614587640987,-65.11045835056399,400
2026-02-10T19:39:13.425504,1,115,-0.15748527008044735,1.0605390551611694e-16,-0.15748527008044744,-0.15748527008044721,-62.99410803217894,400
2026-02-10T19:39:13.473617,1,116,-0.15198625405941102,0.0,-0.15198625405941102,-0.15198625405941102,-60.794501623764404,400
2026-02-10T19:39:13.521434,1,117,-0.14644817340013858,2.1677797545656835e-16,-0.14644817340013905,-0.14644817340013838,-58.579269360055434,400
2026-02-10T19:39:13.568386,1,118,-0.1409077905244958,2.368186647638997e-16,-0.1409077905244962,-0.14090779052449554,-56.36311620979832,400
2026-02-10T19:39:13.613768,1,119,-0.13538133337379338,2.4196749845665633e-16,-0.13538133337379388,-0.135381333373793,-54.152533349517356,400
2026-02-10T19:39:13.660965,1,120,-0.12999140879329826,2.9712729368186776e-16,-0.12999140879329873,-0.12999140879329785,-51.99656351731931,400
2026-02-10T19:39:13.708828,1,121,-0.12492484087853149,1.38916586636586e-16,-0.12492484087853195,-0.12492484087853128,-49.9699363514126,400
2026-02-10T19:39:13.756495,1,122,-0.12032449224397984,2.394069237615407e-16,-0.12032449224398056,-0.12032449224397967,-48.12979689759194,400
2026-02-10T19:39:13.804564,1,123,-0.11624568922767917,1.7944789959805766e-16,-0.11624568922767975,-0.11624568922767886,-46.49827569107167,400
2026-02-10T19:39:13.852423,1,124,-0.11265672105360457,1.7955519282115549e-16,-0.11265672105360491,-0.11265672105360403,-45.06268842144183,400
2026-02-10T19:39:13.901894,1,125,-0.10942945199409734,2.756060177257249e-16,-0.10942945199409793,-0.10942945199409704,-43.77178079763894,400
2026-02-10T19:39:13.950083,1,126,-0.10643809485064862,1.2719202621569003e-16,-0.10643809485064892,-0.10643809485064848,-42.57523794025945,400
2026-02-10T19:39:13.996514,1,127,-0.10367113305696918,1.790180836524724e-16,-0.10367113305696929,-0.10367113305696884,-41.46845322278767,400
2026-02-10T19:39:14.041756,1,128,-0.10116993764765185,8.886119947416683e-17,-0.10116993764765203,-0.10116993764765181,-40.46797505906074,400
2026-02-10T19:39:14.088033,1,129,-0.09895847148773881,1.7597998041182627e-16,-0.09895847148773917,-0.09895847148773851,-39.58338859509553,400
2026-02-10T19:39:14.138186,1,130,-0.09708402205541106,1.6279065094399115e-16,-0.09708402205541145,-0.09708402205541078,-38.83360882216442,400
2026-02-10T19:39:14.188788,1,131,-0.09559463359216082,2.272739340717841e-16,-0.09559463359216158,-0.0955946335921607,-38.23785343686433,400
2026-02-10T19:39:14.241528,1,132,-0.09446264359732716,1.0909742002592507e-16,-0.09446264359732726,-0.09446264359732703,-37.78505743893086,400
2026-02-10T19:39:14.303945,1,133,-0.09363304427281377,2.5194969927944605e-16,-0.09363304427281416,-0.09363304427281349,-37.45321770912551,400
2026-02-10T19:39:14.365160,1,134,-0.0931329571146155,1.2899625854847775e-16,-0.09313295711461578,-0.09313295711461533,-37.2531828458462,400
2026-02-10T19:39:14.414715,1,135,-0.09295610465688652,8.532300504426548e-17,-0.09295610465688675,-0.09295610465688631,-37.18244186275461,400
2026-02-10T19:39:14.461533,1,136,-0.09297533345317274,1.4946834900704541e-16,-0.0929753334531731,-0.09297533345317244,-37.1901333812691,400
2026-02-10T19:39:14.507153,1,137,-0.09319605197509898,1.9743561501005246e-16,-0.09319605197509939,-0.09319605197509873,-37.27842079003959,400
2026-02-10T19:39:14.554141,1,138,-0.09365853516684927,1.5553031891404222e-16,-0.09365853516684974,-0.09365853516684908,-37.46341406673971,400
2026-02-10T19:39:14.603040,1,139,-0.09419394702404624,2.318878264318583e-16,-0.09419394702404693,-0.09419394702404582,-37.677578809618495,400
2026-02-10T19:39:14.653986,1,140,-0.09465037338213593,2.118352371637509e-16,-0.09465037338213667,-0.09465037338213578,-37.86014935285437,400
2026-02-10T19:39:14.701694,1,141,-0.09506830342628919,1.1905815549843722e-16,-0.09506830342628958,-0.09506830342628914,-38.02732137051568,400
2026-02-10T19:39:14.749732,1,142,-0.09553356775670024,1.4686870114880517e-16,-0.09553356775670063,-0.09553356775670019,-38.2134271026801,400
2026-02-10T19:39:14.798227,1,143,-0.09608042962849751,2.272739340717841e-16,-0.09608042962849805,-0.09608042962849717,-38.432171851399005,400
2026-02-10T19:39:14.846938,1,144,-0.09676335030924285,1.8452761694870049e-16,-0.0967633503092431,-0.09676335030924266,-38.70534012369714,400
2026-02-10T19:39:14.894871,1,145,-0.09767764505458064,1.4856364684093388e-16,-0.09767764505458087,-0.09767764505458021,-39.07105802183226,400
2026-02-10T19:39:14.941358,1,146,-0.09882142466937804,1.4895204919483638e-16,-0.09882142466937816,-0.09882142466937771,-39.528569867751216,400
2026-02-10T19:39:14.988043,1,147,-0.10009396612736339,2.0593440066051843e-16,-0.10009396612736365,-0.10009396612736321,-40.037586450945355,400
2026-02-10T19:39:15.035091,1,148,-0.1014588152131222,1.1171403689612728e-16,-0.10145881521312239,-0.10145881521312194,-40.58352608524888,400
2026-02-10T19:39:15.081297,1,149,-0.10287368485498145,1.8957281651720487e-16,-0.10287368485498183,-0.10287368485498116,-41.14947394199258,400
2026-02-10T19:39:15.127547,1,150,-0.10415134794408396,1.7772239894833365e-16,-0.10415134794408432,-0.10415134794408387,-41.66053917763358,400
2026-02-10T19:39:15.174808,1,151,-0.10518947419902921,1.2719202621569003e-16,-0.10518947419902935,-0.10518947419902891,-42.07578967961169,400
2026-02-10T19:39:15.222856,1,152,-0.10607411705669008,1.8041124150158794e-16,-0.10607411705669034,-0.1060741170566899,-42.429646822676034,400
2026-02-10T19:39:15.271434,1,153,-0.10685928358046054,1.9704503972149788e-16,-0.1068592835804607,-0.10685928358046026,-42.743713432184215,400
2026-02-10T19:39:15.318696,1,154,-0.10753170276625902,1.7255398268433755e-16,-0.10753170276625923,-0.10753170276625856,-43.01268110650361,400
2026-02-10T19:39:15.365627,1,155,-0.10806131354334703,8.599750569898517e-17,-0.10806131354334725,-0.1080613135433468,-43.22452541733881,400
2026-02-10T19:39:15.412393,1,156,-0.10836179258461864,1.6467268631127714e-16,-0.10836179258461875,-0.10836179258461831,-43.34471703384746,400
2026-02-10T19:39:15.458624,1,157,-0.10834774609859014,1.4541908674370036e-16,-0.10834774609859021,-0.10834774609858977,-43.33909843943606,400
2026-02-10T19:39:15.505773,1,158,-0.1080406542599463,1.4261072965499198e-16,-0.10804065425994658,-0.10804065425994613,-43.21626170397852,400
2026-02-10T19:39:15.553562,1,159,-0.1075209109463032,1.0605390551611694e-16,-0.10752091094630334,-0.10752091094630312,-43.00836437852128,400
2026-02-10T19:39:15.601906,1,160,-0.10683381478311484,1.4856364684093388e-16,-0.10683381478311493,-0.10683381478311449,-42.733525913245934,400
2026-02-10T19:39:15.649795,1,161,-0.10600234150449275,1.7944789959805766e-16,-0.10600234150449284,-0.10600234150449239,-42.4009366017971,400
2026-02-10T19:39:15.697374,1,162,-0.1050428233726641,2.0955000055363631e-16,-0.10504282337266457,-0.10504282337266391,-42.01712934906564,400
2026-02-10T19:39:15.752468,1,163,-0.10388362496445161,1.8947119613117473e-16,-0.10388362496445169,-0.10388362496445103,-41.553449985780645,400
2026-02-10T19:39:15.803849,1,164,-0.10240085550404636,2.7734751121801363e-16,-0.10240085550404676,-0.10240085550404587,-40.960342201618545,400
2026-02-10T19:39:15.853217,1,165,-0.10054317370722093,9.614813431917819e-17,-0.1005431737072211,-0.10054317370722088,-40.217269482888376,400
2026-02-10T19:39:15.901276,1,166,-0.09837104299075004,1.3325567187647328e-16,-0.09837104299075028,-0.09837104299074984,-39.34841719630002,400
2026-02-10T19:39:15.949344,1,167,-0.09603269059162937,2.2862576121397514e-16,-0.09603269059162955,-0.09603269059162889,-38.41307623665175,400
2026-02-10T19:39:15.996540,1,168,-0.09370681499341948,9.930136612989092e-17,-0.09370681499341971,-0.09370681499341926,-37.482725997367794,400
2026-02-10T19:39:16.043807,1,169,-0.09148671171793428,2.1400610757062163e-16,-0.09148671171793454,-0.0914867117179341,-36.59468468717371,400
2026-02-10T19:39:16.100683,1,170,-0.08932523173083434,2.1210781103223387e-16,-0.08932523173083462,-0.08932523173083418,-35.730092692333734,400
2026-02-10T19:39:16.147970,1,171,-0.08714293307189305,1.4739229889206566e-16,-0.08714293307189336,-0.08714293307189291,-34.85717322875722,400
2026-02-10T19:39:16.196463,1,172,-0.0849740507753533,1.5503420817984882e-16,-0.08497405077535358,-0.08497405077535292,-33.98962031014132,400
2026-02-10T19:39:16.246769,1,173,-0.0829523363248042,1.701939668836238e-16,-0.08295233632480459,-0.0829523363248037,-33.18093452992168,400
2026-02-10T19:39:16.296341,1,174,-0.08117928437191103,1.4856364684093388e-16,-0.08117928437191146,-0.0811792843719108,-32.471713748764415,400
2026-02-10T19:39:16.344776,1,175,-0.07972394721202283,9.694605782913357e-17,-0.07972394721202325,-0.0797239472120228,-31.889578884809133,400
2026-02-10T19:39:16.391684,1,176,-0.07865345933259756,2.1757609710866278e-16,-0.07865345933259782,-0.07865345933259738,-31.46138373303902,400
2026-02-10T19:39:16.439603,1,177,-0.0779439476445044,2.044325800678625e-16,-0.07794394764450518,-0.0779439476445043,-31.177579057801758,400
2026-02-10T19:39:16.488058,1,178,-0.0774638923786633,2.2065246201687695e-16,-0.07746389237866369,-0.07746389237866302,-30.985556951465323,400
2026-02-10T19:39:16.536005,1,179,-0.07704226266920969,1.2959208739370123e-16,-0.07704226266921,-0.07704226266920955,-30.816905067683876,400
2026-02-10T19:39:16.582408,1,180,-0.07649833894487061,1.3325567187647328e-16,-0.07649833894487101,-0.07649833894487035,-30.599335577948246,400
2026-02-10T19:39:16.629617,1,181,-0.07569061811029673,1.2719202621569003e-16,-0.07569061811029698,-0.07569061811029654,-30.276247244118693,400
2026-02-10T19:39:16.679956,1,182,-0.07458084747762644,9.614813431917819e-17,-0.07458084747762661,-0.07458084747762639,-29.832338991050577,400
2026-02-10T19:39:16.729919,1,183,-0.07317757826908444,1.2161883888976234e-16,-0.07317757826908466,-0.073177578269084,-29.271031307633777,400
2026-02-10T19:39:16.778459,1,184,-0.07143238957505006,1.1050065994108395e-16,-0.07143238957505016,-0.07143238957504994,-28.572955830020025,400
2026-02-10T19:39:16.825787,1,185,-0.06928246793996022,1.3325567187647328e-16,-0.06928246793996062,-0.06928246793996018,-27.71298717598409,400
2026-02-10T19:39:16.873345,1,186,-0.06671953230904235,2.210013198821679e-16,-0.0667195323090426,-0.06671953230904215,-26.68781292361694,400
2026-02-10T19:39:16.921730,1,187,-0.06377144876012081,1.5895974606912447e-16,-0.06377144876012131,-0.06377144876012064,-25.50857950404832,400
2026-02-10T19:39:16.970320,1,188,-0.06044236582744146,1.3092278833360675e-16,-0.06044236582744156,-0.060442365827441114,-24.176946330976584,400
2026-02-10T19:39:17.017709,1,189,-0.056709885299351524,1.3867375560900681e-16,-0.056709885299351726,-0.05670988529935128,-22.68395411974061,400
2026-02-10T19:39:17.063937,1,190,-0.052594773629137045,1.3325567187647328e-16,-0.05259477362913745,-0.052594773629137004,-21.03790945165482,400
2026-02-10T19:39:17.111136,1,191,-0.0481494073718453,9.639819490876586e-17,-0.048149407371845365,-0.04814940737184514,-19.25976294873812,400
2026-02-10T19:39:17.158604,1,192,-0.04344342166899975,1.7764110486817194e-16,-0.04344342166900006,-0.043443421668999616,-17.3773686675999,400
2026-02-10T19:39:17.206354,1,193,-0.038516665839007945,1.195827321860277e-16,-0.038516665839008146,-0.0385166658390077,-15.406666335603179,400
2026-02-10T19:39:17.253967,1,194,-0.03333477798866178,1.7764110486817194e-16,-0.033334777988662134,-0.03333477798866169,-13.333911195464712,400
2026-02-10T19:39:17.301930,1,195,-0.02785030209801228,2.652981526841669e-16,-0.027850302098012758,-0.02785030209801187,-11.140120839204911,400
2026-02-10T19:39:17.350239,1,196,-0.022094294475410878,1.6432144662310225e-16,-0.022094294475411003,-0.02209429447541056,-8.837717790164351,400
2026-02-10T19:39:17.398627,1,197,-0.016226737667473068,1.3136335981433191e-16,-0.01622673766747318,-0.016226737667472735,-6.490695066989227,400
2026-02-10T19:39:17.449628,1,198,-0.01038665054563973,1.0590909482538687e-16,-0.010386650545639808,-0.010386650545639586,-4.154660218255892,400
2026-02-10T19:39:17.497288,1,199,-0.004591918955802599,1.9735786674442188e-16,-0.004591918955802798,-0.004591918955802354,-1.8367675823210394,400
2026-02-10T19:39:17.543409,1,200,0.001122491369255707,1.3866683845796011e-16,0.0011224913692554628,0.0011224913692559069,0.4489965477022828,400
2026-02-10T19:39:17.590656,1,201,0.006631772506775368,8.527802508654609e-17,0.006631772506775269,0.006631772506775491,2.6527090027101474,400
2026-02-10T19:39:17.638093,1,202,0.011861970334482459,1.5413874683689055e-16,0.01186197033448233,0.011861970334482774,4.744788133792984,400
2026-02-10T19:39:17.686597,1,203,0.0168296350555825,1.0221629003393125e-16,0.016829635055582326,0.01682963505558266,6.731854022233,400
2026-02-10T19:39:17.733766,1,204,0.021482843417216176,8.606746219448674e-17,0.02148284341721607,0.02148284341721629,8.59313736688647,400
2026-02-10T19:39:17.781114,1,205,0.025710769989051994,1.0296720033025922e-16,0.025710769989051863,0.025710769989052085,10.284307995620798,400
2026-02-10T19:39:17.829456,1,206,0.02952661003208092,8.063759033315297e-17,0.02952661003208079,0.029526610032081013,11.810644012832368,400
2026-02-10T19:39:17.878382,1,207,0.03301950059126282,9.679694819282219e-17,0.033019500591262685,0.03301950059126291,13.207800236505125,400
2026-02-10T19:39:17.925537,1,208,0.03619926762975563,1.2366035645442177e-16,0.03619926762975534,0.03619926762975578,14.47970705190225,400
2026-02-10T19:39:17.972365,1,209,0.039026009201261466,1.698541449800999e-16,0.0390260092012612,0.03902600920126165,15.610403680504588,400
2026-02-10T19:39:18.018231,1,210,0.04152377355105845,8.711006819470243e-17,0.041523773551058296,0.04152377355105852,16.60950942042338,400
2026-02-10T19:39:18.064213,1,211,0.04376196789317304,1.0807758839236091e-16,0.04376196789317288,0.043761967893173326,17.504787157269217,400
2026-02-10T19:39:18.111638,1,212,0.04575322403979916,5.4460371963073697e-17,0.04575322403979909,0.0457532240397992,18.301289615919664,400
2026-02-10T19:39:18.159283,1,213,0.047534642541562616,1.442222014787673e-16,0.047534642541562366,0.04753464254156303,19.013857016625046,400
2026-02-10T19:39:18.206940,1,214,0.04924394880233172,1.631746962036502e-16,0.049243948802331516,0.04924394880233185,19.69757952093269,400
2026-02-10T19:39:18.254861,1,215,0.05097570576565521,2.0502053808399642e-16,0.0509757057656548,0.050975705765655355,20.390282306262083,400
2026-02-10T19:39:18.302129,1,216,0.05270672540993147,1.752397014470593e-16,0.052706725409931154,0.05270672540993171,21.082690163972586,400
2026-02-10T19:39:18.351839,1,217,0.05436778849986621,6.662783593823664e-17,0.05436778849986612,0.05436778849986634,21.747115399946484,400
2026-02-10T19:39:18.400621,1,218,0.05591749007576423,8.972394979902883e-17,0.055917490075764076,0.05591749007576452,22.366996030305692,400
2026-02-10T19:39:18.447980,1,219,0.05732317505703812,7.270954337185018e-17,0.05732317505703799,0.05732317505703832,22.92927002281525,400
2026-02-10T19:39:18.493031,1,220,0.05852714620579663,1.8410966031475738e-16,0.058527146205796465,0.05852714620579691,23.410858482318652,400
2026-02-10T19:39:18.538731,1,221,0.059536489603130446,6.23728986632994e-17,0.059536489603130405,0.05953648960313063,23.814595841252178,400
2026-02-10T19:39:18.586493,1,222,0.06044435175398517,7.369614944603283e-17,0.060444351753985104,0.060444351753985326,24.177740701594068,400
2026-02-10T19:39:18.633864,1,223,0.06129718048606467,8.326672684688674e-17,0.06129718048606447,0.06129718048606492,24.518872194425867,400
2026-02-10T19:39:18.681432,1,224,0.062057222314473776,9.852251986074894e-17,0.062057222314473526,0.06205722231447386,24.82288892578951,400
2026-02-10T19:39:18.728846,1,225,0.06268084565199436,7.130536482749599e-17,0.06268084565199428,0.0626808456519945,25.072338260797743,400
2026-02-10T19:39:18.778136,1,226,0.0631548371152412,1.5353625799562712e-16,0.06315483711524106,0.06315483711524161,25.26193484609648,400
2026-02-10T19:39:18.828204,1,227,0.06348853836714953,1.469997754284842e-16,0.0634885383671494,0.06348853836714985,25.39541534685981,400
2026-02-10T19:39:18.875091,1,228,0.06369824750980743,1.319485001705613e-16,0.06369824750980735,0.06369824750980768,25.47929900392297,400
2026-02-10T19:39:18.921699,1,229,0.06377416641513647,1.0892074392614739e-16,0.06377416641513634,0.06377416641513656,25.509666566054587,400
2026-02-10T19:39:18.967779,1,230,0.06371132734070332,1.0838898772828417e-16,0.06371132734070295,0.0637113273407035,25.48453093628133,400
2026-02-10T19:39:19.013560,1,231,0.06357707721547098,1.7154652299081134e-16,0.06357707721547068,0.06357707721547123,25.430830886188392,400
2026-02-10T19:39:19.060666,1,232,0.06346070471182248,1.9399142020544772e-16,0.06346070471182197,0.06346070471182275,25.384281884728992,400
2026-02-10T19:39:19.107833,1,233,0.06337112535461105,8.798999020591314e-17,0.06337112535461087,0.06337112535461131,25.34845014184442,400
2026-02-10T19:39:19.155162,1,234,0.06325954965031684,1.5062355308809321e-16,0.06325954965031633,0.06325954965031699,25.303819860126737,400
2026-02-10T19:39:19.203188,1,235,0.06310807373056031,1.7955519282115549e-16,0.06310807373056015,0.06310807373056071,25.24322949222412,400
2026-02-10T19:39:19.250036,1,236,0.06290956352558308,1.0821115497893178e-16,0.06290956352558263,0.06290956352558319,25.16382541023323,400
2026-02-10T19:39:19.297698,1,237,0.06259968936260508,1.4166223921890758e-16,0.06259968936260496,0.06259968936260529,25.039875745042036,400
2026-02-10T19:39:19.343989,1,238,0.062088685496268115,1.7199501139797033e-16,0.06208868549626789,0.06208868549626834,24.835474198507246,400
2026-02-10T19:39:19.390018,1,239,0.0613458536884385,6.662783593823664e-17,0.06134585368843848,0.0613458536884387,24.5383414753754,400
2026-02-10T19:39:19.436042,1,240,0.06039557103024618,1.9061130187075792e-16,0.06039557103024573,0.0603955710302464,24.158228412098474,400
2026-02-10T19:39:19.482471,1,241,0.05926358225016919,1.4677031862052774e-16,0.05926358225016881,0.05926358225016948,23.705432900067677,400
2026-02-10T19:39:19.529667,1,242,0.057986692211708595,1.752397014470593e-16,0.05798669221170849,0.057986692211708935,23.19467688468344,400
2026-02-10T19:39:19.576740,1,243,0.05662952748083045,7.479857277010652e-17,0.05662952748083039,0.05662952748083061,22.65181099233218,400
2026-02-10T19:39:19.623953,1,244,0.05522850199027962,1.0821115497893178e-16,0.05522850199027951,0.055228501990279955,22.09140079611185,400
2026-02-10T19:39:19.672115,1,245,0.05373498230190256,4.518280359883027e-17,0.053734982301902545,0.053734982301902656,21.493992920761023,400
2026-02-10T19:39:19.719304,1,246,0.05207878653858424,1.1431288060698757e-16,0.052078786538584,0.052078786538584665,20.831514615433697,400
2026-02-10T19:39:19.766666,1,247,0.05027559184298021,2.5415682232579925e-16,0.050275591842979916,0.05027559184298047,20.110236737192082,400
2026-02-10T19:39:19.813168,1,248,0.048428039041369296,1.4729426609180077e-16,0.048428039041369164,0.04842803904136961,19.37121561654772,400
2026-02-10T19:39:19.858413,1,249,0.0466283969205201,7.270954337185018e-17,0.04662839692051979,0.04662839692052012,18.65135876820804,400
2026-02-10T19:39:19.904218,1,250,0.04487154120158536,2.0593440066051843e-16,0.0448715412015851,0.04487154120158554,17.948616480634143,400
2026-02-10T19:39:19.951189,1,251,0.043095998975583354,1.9242142079520307e-16,0.04309599897558314,0.04309599897558358,17.238399590233342,400
2026-02-10T19:39:19.997533,1,252,0.04129970731929981,1.2798450756639821e-16,0.04129970731929955,0.041299707319299994,16.519882927719923,400
2026-02-10T19:39:20.045099,1,253,0.03953533024883355,7.428182342046694e-17,0.03953533024883338,0.03953533024883371,15.81413209953342,400
2026-02-10T19:39:20.092224,1,254,0.03782753114906234,2.0471501066083614e-16,0.03782753114906201,0.037827531149062676,15.131012459624937,400
2026-02-10T19:39:20.139517,1,255,0.03616467939363731,1.9319555461299993e-16,0.0361646793936371,0.036164679393637655,14.465871757454924,400
2026-02-10T19:39:20.186496,1,256,0.034555454859069135,1.4261072965499198e-16,0.03455545485906897,0.0345554548590693,13.822181943627655,400
2026-02-10T19:39:20.234039,1,257,0.03304561048455176,1.4739229889206566e-16,0.03304561048455157,0.03304561048455201,13.218244193820706,400
2026-02-10T19:39:20.280821,1,258,0.03166107503365532,1.6199010924212654e-16,0.031661075033655006,0.03166107503365556,12.664430013462129,400
2026-02-10T19:39:20.326908,1,259,0.030378399950690246,1.0222806542594475e-16,0.030378399950690027,0.030378399950690582,12.151359980276098,400
2026-02-10T19:39:20.372114,1,260,0.029157382918994963,2.0252181506730744e-16,0.029157382918994723,0.029157382918995167,11.662953167597985,400
2026-02-10T19:39:20.419035,1,261,0.027990830176553825,1.4937973697311364e-16,0.02799083017655346,0.027990830176554016,11.19633207062153,400
2026-02-10T19:39:20.467049,1,262,0.026901559105201853,1.5416217277185247e-16,0.026901559105201645,0.026901559105201978,10.760623642080741,400
2026-02-10T19:39:20.515535,1,263,0.02590362402265821,1.261276390829487e-16,0.025903624022658,0.025903624022658445,10.361449609063284,400
2026-02-10T19:39:20.565822,1,264,0.025020611353595665,1.6572193882211848e-16,0.025020611353595457,0.025020611353596012,10.008244541438266,400
2026-02-10T19:39:20.617224,1,265,0.02430367979074704,6.546139416680338e-17,0.02430367979074688,0.0243036797907471,9.721471916298816,400
2026-02-10T19:39:20.664625,1,266,0.023764516662648626,1.5059957671783206e-16,0.02376451666264834,0.023764516662648782,9.50580666505945,400
2026-02-10T19:39:20.712403,1,267,0.02336019838335747,6.938893903907228e-17,0.023360198383357345,0.023360198383357567,9.344079353342988,400
2026-02-10T19:39:20.759332,1,268,0.023063331602186782,1.899597455265861e-16,0.023063331602186543,0.023063331602186987,9.225332640874713,400
2026-02-10T19:39:20.805336,1,269,0.022891403986300816,1.4518713180347043e-16,0.022891403986300518,0.022891403986300962,9.156561594520326,400
2026-02-10T19:39:20.852301,1,270,0.022853905790392818,1.0808872524523115e-16,0.022853905790392592,0.022853905790392925,9.141562316157128,400
2026-02-10T19:39:20.900795,1,271,0.022893363968799443,8.163159687020606e-17,0.022893363968799152,0.022893363968799485,9.157345587519778,400
2026-02-10T19:39:20.948519,1,272,0.022954641278142812,1.1577768529788096e-16,0.02295464127814273,0.022954641278143062,9.181856511257125,400
2026-02-10T19:39:20.994803,1,273,0.02307324501638521,1.2791865497260378e-16,0.023073245016384858,0.023073245016385302,9.229298006554083,400
2026-02-10T19:39:21.042038,1,274,0.023310651001424328,6.546139416680338e-17,0.023310651001424265,0.023310651001424487,9.324260400569731,400
2026-02-10T19:39:21.089220,1,275,0.0236681023832387,7.776515945702111e-17,0.023668102383238576,0.023668102383238798,9.46724095329548,400
2026-02-10T19:39:21.136338,1,276,0.02412371028337625,9.469747252991005e-17,0.02412371028337612,0.024123710283376343,9.6494841133505,400
2026-02-10T19:39:21.182739,1,277,0.024683104135351887,1.0296720033025922e-16,0.024683104135351797,0.02468310413535224,9.873241654140754,400
2026-02-10T19:39:21.228972,1,278,0.02537398485951018,1.1158466332997326e-16,0.025373984859509924,0.025373984859510257,10.149593943804073,400
2026-02-10T19:39:21.274127,1,279,0.02624320142163805,1.1644117316690923e-16,0.026243201421637607,0.026243201421638163,10.49728056865522,400
2026-02-10T19:39:21.321202,1,280,0.027339809155034804,1.0221629003393125e-16,0.027339809155034422,0.027339809155034867,10.935923662013922,400
2026-02-10T19:39:21.368298,1,281,0.028676423663665608,1.631746962036502e-16,0.028676423663665518,0.028676423663665962,11.470569465466243,400
2026-02-10T19:39:21.415644,1,282,0.03021550796335097,1.5011122659325205e-16,0.030215507963350596,0.03021550796335115,12.086203185340388,400
2026-02-10T19:39:21.462718,1,283,0.031899759104206844,1.1363696703589204e-16,0.031899759104206726,0.03189975910420717,12.759903641682737,400
2026-02-10T19:39:21.509450,1,284,0.03369461179191198,1.0695804724124398e-16,0.0336946117919118,0.033694611791912354,13.477844716764793,400
2026-02-10T19:39:21.556703,1,285,0.03559756358333713,2.4794290436477623e-16,0.035597563583336767,0.035597563583337544,14.239025433334852,400
2026-02-10T19:39:21.603636,1,286,0.03762906250387149,2.0621477437872915e-16,0.03762906250387088,0.03762906250387177,15.051625001548597,400
2026-02-10T19:39:21.648168,1,287,0.03981509973324231,1.0179146870343962e-16,0.039815099733242154,0.0398150997332426,15.926039893296924,400
2026-02-10T19:39:21.692244,1,288,0.04216310909811023,2.0253964504621835e-16,0.04216310909810994,0.04216310909811061,16.865243639244092,400
2026-02-10T19:39:21.737789,1,289,0.04465918697606311,1.2959208739370123e-16,0.04465918697606286,0.04465918697606319,17.863674790425243,400
2026-02-10T19:39:21.784872,1,290,0.047273573848057485,1.899787544906451e-16,0.04727357384805719,0.04727357384805775,18.909429539222995,400
2026-02-10T19:39:21.832007,1,291,0.04994347012221585,1.5113414286795891e-16,0.04994347012221567,0.049943470122216005,19.97738804888634,400
2026-02-10T19:39:21.879284,1,292,0.05260675461110878,1.2098374922832816e-16,0.05260675461110864,0.052606754611108975,21.042701844443513,400
2026-02-10T19:39:21.927067,1,293,0.05526660017588227,1.1431288060698757e-16,0.05526660017588203,0.05526660017588236,22.10664007035291,400
2026-02-10T19:39:21.974727,1,294,0.05796221233636336,1.0296720033025922e-16,0.057962212336363006,0.05796221233636356,23.184884934545344,400
2026-02-10T19:39:22.022686,1,295,0.06068946043173721,1.7235854893846466e-16,0.06068946043173695,0.06068946043173773,24.275784172694884,400
2026-02-10T19:39:22.070762,1,296,0.06339012533187806,1.125727277544078e-16,0.06339012533187771,0.06339012533187816,25.35605013275122,400
2026-02-10T19:39:22.117021,1,297,0.06602535921556729,1.8410966031475738e-16,0.06602535921556663,0.06602535921556762,26.410143686226917,400
2026-02-10T19:39:22.161523,1,298,0.06861381375965242,2.567953295833453e-16,0.06861381375965181,0.06861381375965281,27.445525503860967,400
2026-02-10T19:39:22.207890,1,299,0.07117001883750576,2.2650998591337196e-16,0.07117001883750529,0.07117001883750607,28.468007535002304,400
2026-02-10T19:39:22.254633,1,300,0.07367071016795348,1.9821445675202305e-16,0.07367071016795312,0.0736707101679539,29.468284067181393,400
2026-02-10T19:39:22.301858,1,301,0.07608446316188443,1.3209438025952638e-16,0.076084463161884,0.07608446316188455,30.433785264753773,400
2026-02-10T19:39:22.349948,1,302,0.0783990542998361,9.694605782913357e-17,0.07839905429983574,0.07839905429983618,31.359621719934438,400
2026-02-10T19:39:22.398339,1,303,0.08060261793410392,1.3988369538646852e-16,0.08060261793410373,0.08060261793410428,32.24104717364157,400
2026-02-10T19:39:22.445206,1,304,0.08265360042554287,1.336885555457667e-16,0.0826536004255427,0.08265360042554315,33.061440170217146,400
2026-02-10T19:39:22.498887,1,305,0.08451271807143158,1.7521222364188105e-16,0.08451271807143135,0.08451271807143179,33.80508722857263,400
2026-02-10T19:39:22.547185,1,306,0.0861638791514022,1.7510226930181342e-16,0.08616387915140178,0.08616387915140233,34.46555166056088,400
2026-02-10T19:39:22.595252,1,307,0.08761096758768716,1.6467268631127714e-16,0.08761096758768694,0.08761096758768738,35.04438703507486,400
2026-02-10T19:39:22.643158,1,308,0.08890179747141254,1.6572193882211848e-16,0.08890179747141236,0.08890179747141269,35.560718988565014,400
2026-02-10T19:39:22.692748,1,309,0.09006215931748955,1.4166223921890758e-16,0.09006215931748907,0.09006215931748973,36.02486372699582,400
2026-02-10T19:39:22.740799,1,310,0.09100579336700727,1.6243534171511178e-16,0.09100579336700709,0.09100579336700754,36.40231734680291,400
2026-02-10T19:39:22.788079,1,311,0.09160975250191633,1.2412670766236366e-16,0.09160975250191628,0.09160975250191683,36.64390100076653,400
2026-02-10T19:39:22.835924,1,312,0.09184451406689574,1.4435567878774251e-16,0.09184451406689542,0.09184451406689587,36.737805626758295,400
2026-02-10T19:39:22.884565,1,313,0.09175581878680174,6.597425008528065e-17,0.09175581878680161,0.09175581878680183,36.70232751472069,400
2026-02-10T19:39:22.932879,1,314,0.09140116870221711,1.0026641665932503e-16,0.09140116870221704,0.09140116870221748,36.56046748088684,400
2026-02-10T19:39:22.981361,1,315,0.090839477027475,1.0892074392614739e-16,0.09083947702747486,0.0908394770274753,36.33579081099,400
2026-02-10T19:39:23.030349,1,316,0.09007492568864443,1.6525642683844707e-16,0.09007492568864406,0.09007492568864461,36.02997027545777,400
2026-02-10T19:39:23.078301,1,317,0.0890388288689537,1.2899625854847775e-16,0.08903882886895342,0.08903882886895398,35.61553154758148,400
2026-02-10T19:39:23.124976,1,318,0.08769191817216626,8.233634315563857e-17,0.08769191817216615,0.0876919181721666,35.076767268866504,400
2026-02-10T19:39:23.172514,1,319,0.08607967124873138,1.125727277544078e-16,0.08607967124873095,0.0860796712487315,34.43186849949255,400
2026-02-10T19:39:23.220179,1,320,0.08424991325654864,1.6525642683844707e-16,0.0842499132565484,0.08424991325654885,33.699965302619454,400
2026-02-10T19:39:23.266756,1,321,0.08215521814954956,1.4647477455341519e-16,0.08215521814954929,0.08215521814954974,32.86208725981982,400
2026-02-10T19:39:23.314216,1,322,0.07973721624924218,1.2412670766236366e-16,0.0797372162492419,0.07973721624924257,31.894886499696874,400
2026-02-10T19:39:23.362728,1,323,0.07704003856713833,1.4220500840710912e-16,0.07704003856713804,0.07704003856713848,30.81601542685533,400
2026-02-10T19:39:23.410627,1,324,0.07407012013105853,2.0139534410903143e-16,0.0740701201310584,0.07407012013105896,29.62804805242341,400
2026-02-10T19:39:23.457947,1,325,0.07072878697819374,1.701939668836238e-16,0.0707287869781934,0.07072878697819396,28.291514791277493,400
2026-02-10T19:39:23.505097,1,326,0.0669986218294619,1.7154652299081134e-16,0.06699862182946159,0.06699862182946204,26.799448731784757,400
2026-02-10T19:39:23.551583,1,327,0.06289838490040035,9.871780750502623e-17,0.06289838490040023,0.06289838490040056,25.15935396016014,400
2026-02-10T19:39:23.597624,1,328,0.05835606097040296,6.546139416680338e-17,0.0583560609704028,0.05835606097040302,23.342424388161184,400
2026-02-10T19:39:23.644034,1,329,0.0533918326515975,1.4098083921610154e-16,0.053391832651597304,0.05339183265159775,21.356733060638998,400
2026-02-10T19:39:23.692151,1,330,0.048185249371626514,9.679694819282219e-17,0.04818524937162616,0.048185249371626604,19.274099748650606,400
2026-02-10T19:39:23.739826,1,331,0.04283996383941541,1.137640067256873e-16,0.04283996383941524,0.042839963839415574,17.135985535766164,400
2026-02-10T19:39:23.787370,1,332,0.037364682754547726,1.261276390829487e-16,0.03736468275454763,0.03736468275454807,14.94587310181909,400
2026-02-10T19:39:23.836037,1,333,0.03186845735754109,1.2948057833470968e-16,0.031868457357540736,0.03186845735754118,12.747382943016436,400
2026-02-10T19:39:23.883941,1,334,0.02649738381377606,1.6040705737907378e-16,0.026497383813775865,0.0264973838137762,10.598953525510424,400
2026-02-10T19:39:23.931653,1,335,0.02128545066952613,1.7163771704329226e-16,0.021285450669525807,0.021285450669526362,8.514180267810453,400
2026-02-10T19:39:23.977688,1,336,0.01619983646705825,1.4043333874306804e-16,0.016199836467058026,0.01619983646705847,6.479934586823299,400
2026-02-10T19:39:24.023455,1,337,0.011233522749767237,2.031330821370476e-16,0.011233522749766967,0.01123352274976741,4.493409099906895,400
2026-02-10T19:39:24.069183,1,338,0.006383075098367263,8.881801137644041e-17,0.006383075098366997,0.006383075098367441,2.5532300393469054,400
2026-02-10T19:39:24.115421,1,339,0.0016010944740720734,5.978735533182306e-17,0.0016010944740719735,0.0016010944740721955,0.6404377896288294,400
2026-02-10T19:39:24.163404,1,340,-0.0031257463771172554,1.1046593239679331e-16,-0.0031257463771174887,-0.0031257463771170446,-1.2502985508469022,400
2026-02-10T19:39:24.212831,1,341,-0.007764967594418792,1.308934791268237e-16,-0.0077649675944189145,-0.00776496759441847,-3.105987037767517,400
2026-02-10T19:39:24.261058,1,342,-0.012307180885711966,1.9984134909797777e-16,-0.012307180885712254,-0.01230718088571181,-4.922872354284786,400
2026-02-10T19:39:24.308701,1,343,-0.016758590700068975,1.0175598686815374e-16,-0.01675859070006913,-0.01675859070006891,-6.70343628002759,400
2026-02-10T19:39:24.356235,1,344,-0.02112005184200335,1.758978810463075e-16,-0.021120051842003607,-0.021120051842003162,-8.44802073680134,400
2026-02-10T19:39:24.402937,1,345,-0.02540588317646031,1.2161883888976234e-16,-0.02540588317646053,-0.025405883176460087,-10.162353270584124,400
2026-02-10T19:39:24.449914,1,346,-0.02966508609802733,1.4856364684093388e-16,-0.02966508609802765,-0.029665086098026983,-11.866034439210932,400
2026-02-10T19:39:24.496690,1,347,-0.03396390650017247,1.195827321860277e-16,-0.03396390650017267,-0.033963906500172225,-13.585562600068988,400
2026-02-10T19:39:24.543395,1,348,-0.0382902200257649,2.209359509914457e-16,-0.0382902200257651,-0.038290220025764654,-15.31608801030596,400
2026-02-10T19:39:24.591179,1,349,-0.042509150109245525,1.8947119613117473e-16,-0.04250915010924583,-0.042509150109245386,-17.00366004369821,400
2026-02-10T19:39:24.641326,1,350,-0.046477984409659376,2.118352371637509e-16,-0.04647798440965967,-0.04647798440965922,-18.59119376386375,400
2026-02-10T19:39:24.692365,1,351,-0.0501580341930386,1.1905815549843722e-16,-0.05015803419303899,-0.05015803419303855,-20.06321367721544,400
2026-02-10T19:39:24.744576,1,352,-0.053573439647388005,1.452865864093589e-16,-0.053573439647388366,-0.0535734396473877,-21.4293758589552,400
2026-02-10T19:39:24.795146,1,353,-0.05677296395246818,2.1400610757062163e-16,-0.05677296395246856,-0.05677296395246767,-22.709185580987274,400
2026-02-10T19:39:24.844832,1,354,-0.059794642053735636,2.1065000811460205e-16,-0.05979464205373608,-0.059794642053735414,-23.917856821494254,400
2026-02-10T19:39:24.892770,1,355,-0.06261784457091374,1.737773907273091e-16,-0.06261784457091424,-0.06261784457091357,-25.047137828365493,400
2026-02-10T19:39:24.941651,1,356,-0.0652334293319384,1.2959208739370123e-16,-0.06523342933193854,-0.0652334293319381,-26.093371732775363,400
2026-02-10T19:39:24.990627,1,357,-0.06767115059265678,1.0623534945633305e-16,-0.06767115059265705,-0.0676711505926566,-27.068460237062716,400
2026-02-10T19:39:25.039100,1,358,-0.06997067096000623,1.0892074392614739e-16,-0.06997067096000631,-0.06997067096000609,-27.988268384002488,400
2026-02-10T19:39:25.089200,1,359,-0.07217892728878952,1.2959208739370123e-16,-0.07217892728878983,-0.07217892728878939,-28.871570915515807,400
2026-02-10T19:39:25.139746,1,360,-0.07431689483755628,7.97218214573518e-17,-0.07431689483755632,-0.0743168948375561,-29.726757935022516,400
2026-02-10T19:39:25.189310,1,361,-0.07637747871057607,1.2959208739370123e-16,-0.07637747871057643,-0.07637747871057599,-30.55099148423043,400
2026-02-10T19:39:25.237667,1,362,-0.07831529761723187,7.15749512893306e-17,-0.0783152976172321,-0.07831529761723166,-31.32611904689275,400
2026-02-10T19:39:25.284057,1,363,-0.08007343050736146,2.0358293740687925e-16,-0.08007343050736182,-0.08007343050736115,-32.029372202944586,400
2026-02-10T19:39:25.330578,1,364,-0.08171435265242565,1.9119139715078641e-16,-0.08171435265242577,-0.08171435265242533,-32.68574106097026,400
2026-02-10T19:39:25.378561,1,365,-0.08335215207096311,1.7772239894833365e-16,-0.08335215207096325,-0.0833521520709628,-33.340860828385246,400
2026-02-10T19:39:25.426847,1,366,-0.0849104533171277,1.0623534945633305e-16,-0.0849104533171281,-0.08491045331712765,-33.964181326851076,400
2026-02-10T19:39:25.476177,1,367,-0.08623325524096716,1.0909742002592507e-16,-0.08623325524096725,-0.08623325524096703,-34.49330209638686,400
2026-02-10T19:39:25.527525,1,368,-0.0872446078592673,1.0235750533041807e-16,-0.08724460785926746,-0.08724460785926724,-34.89784314370692,400
2026-02-10T19:39:25.576862,1,369,-0.08788369086076725,2.1210781103223387e-16,-0.08788369086076742,-0.08788369086076697,-35.1534763443069,400
2026-02-10T19:39:25.626878,1,370,-0.08813799949787797,9.871780750502623e-17,-0.08813799949787815,-0.0881379994978777,-35.255199799151185,400
2026-02-10T19:39:25.676726,1,371,-0.088099616235442,1.2734335527125288e-16,-0.08809961623544238,-0.08809961623544194,-35.2398464941768,400
2026-02-10T19:39:25.726668,1,372,-0.08781315650235869,1.7597998041182627e-16,-0.08781315650235899,-0.08781315650235855,-35.12526260094347,400
2026-02-10T19:39:25.774969,1,373,-0.08722327536209928,1.3136335981433191e-16,-0.08722327536209962,-0.08722327536209917,-34.88931014483971,400
2026-02-10T19:39:25.821309,1,374,-0.08629503155135959,1.8410966031475738e-16,-0.08629503155135998,-0.08629503155135931,-34.518012620543836,400
2026-02-10T19:39:25.869716,1,375,-0.08493294768073166,1.7255398268433755e-16,-0.08493294768073212,-0.08493294768073145,-33.973179072292666,400
2026-02-10T19:39:25.920419,1,376,-0.08297831535589645,1.5895974606912447e-16,-0.08297831535589673,-0.08297831535589628,-33.19132614235858,400
2026-02-10T19:39:25.970305,1,377,-0.0804090315013012,1.1050065994108395e-16,-0.0804090315013013,-0.08040903150130108,-32.16361260052048,400
2026-02-10T19:39:26.020189,1,378,-0.07731234030357713,1.1050065994108395e-16,-0.07731234030357736,-0.0773123403035767,-30.924936121430854,400
2026-02-10T19:39:26.070036,1,379,-0.0737507335719732,2.315553705957619e-16,-0.07375073357197381,-0.07375073357197293,-29.500293428789284,400
2026-02-10T19:39:26.120380,1,380,-0.06979354428975151,1.6136471996107273e-16,-0.06979354428975215,-0.06979354428975126,-27.917417715900605,400
2026-02-10T19:39:26.170727,1,381,-0.06556328437634011,2.0593440066051843e-16,-0.06556328437634096,-0.06556328437633985,-26.225313750536046,400
2026-02-10T19:39:26.220500,1,382,-0.06121222944922744,2.3288234633381846e-16,-0.06121222944922833,-0.061212229449226996,-24.484891779690976,400
2026-02-10T19:39:26.277513,1,383,-0.05683688259405731,2.4228566755985165e-16,-0.05683688259405817,-0.05683688259405684,-22.734753037622923,400
2026-02-10T19:39:26.324120,1,384,-0.052467380663133396,2.378937817930913e-16,-0.05246738066313417,-0.05246738066313328,-20.986952265253358,400
2026-02-10T19:39:26.372329,1,385,-0.04810129499852223,1.3095955923401825e-16,-0.04810129499852267,-0.048101294998522004,-19.240517999408894,400
2026-02-10T19:39:26.419935,1,386,-0.04367197441306421,8.886119947416683e-17,-0.04367197441306425,-0.04367197441306403,-17.468789765225683,400
2026-02-10T19:39:26.468277,1,387,-0.039030912020946884,2.1065000811460205e-16,-0.039030912020947106,-0.03903091202094666,-15.612364808378754,400
2026-02-10T19:39:26.517770,1,388,-0.03411530042945421,1.3136335981433191e-16,-0.03411530042945454,-0.0341153004294541,-13.646120171781684,400
2026-02-10T19:39:26.567243,1,389,-0.029094624819047885,2.272739340717841e-16,-0.029094624819048676,-0.029094624819047565,-11.637849927619154,400
2026-02-10T19:39:26.616704,1,390,-0.02432855433318204,2.1642230995786356e-16,-0.024328554333182595,-0.024328554333181485,-9.731421733272816,400
2026-02-10T19:39:26.667399,1,391,-0.020088555095648494,2.419923704820555e-16,-0.020088555095649108,-0.020088555095647997,-8.035422038259398,400
2026-02-10T19:39:26.716985,1,392,-0.01630591087663167,2.7104353474792775e-16,-0.016305910876632357,-0.016305910876631247,-6.522364350652667,400
2026-02-10T19:39:26.765323,1,393,-0.0128649853688951,1.6126958280973744e-16,-0.012864985368895576,-0.01286498536889491,-5.1459941475580395,400
2026-02-10T19:39:26.817761,1,394,-0.00998218758925109,2.472586510625057e-16,-0.009982187589251623,-0.009982187589250735,-3.992875035700436,400
2026-02-10T19:39:26.865889,1,395,-0.007967529662366146,1.4853933797276152e-16,-0.007967529662366246,-0.007967529662365802,-3.1870118649464585,400
2026-02-10T19:39:26.914592,1,396,-0.006885786803845717,1.701939668836238e-16,-0.006885786803845884,-0.0068857868038452175,-2.754314721538287,400
2026-02-10T19:39:26.962650,1,397,-0.006671496930746645,7.021666937153402e-17,-0.0066714969307468674,-0.006671496930746423,-2.668598772298658,400
2026-02-10T19:39:27.011511,1,398,-0.007255371371280383,1.7055605017309218e-16,-0.007255371371280628,-0.007255371371279962,-2.9021485485121534,400
2026-02-10T19:39:27.060183,1,399,-0.008593084944850882,2.0441491519923777e-16,-0.008593084944851226,-0.00859308494485056,-3.4372339779403527,400
2026-02-10T19:39:27.109040,1,400,-0.010726306645275397,3.0180998017332824e-16,-0.010726306645276074,-0.010726306645274741,-4.2905226581101585,400
2026-02-10T19:39:27.160047,1,401,-0.013644832032447984,1.9704503972149788e-16,-0.013644832032448484,-0.013644832032447596,-5.457932812979194,400
2026-02-10T19:39:27.211219,1,402,-0.017140759873460486,1.9357524242651527e-16,-0.017140759873460976,-0.017140759873460087,-6.856303949384195,400
2026-02-10T19:39:27.259603,1,403,-0.021099802003022142,1.7022932598626021e-16,-0.02109980200302264,-0.021099802003021972,-8.439920801208856,400
2026-02-10T19:39:27.306874,1,404,-0.025528029441888887,1.4518713180347043e-16,-0.025528029441889144,-0.0255280294418887,-10.211211776755555,400
2026-02-10T19:39:27.354223,1,405,-0.030246789692055263,1.893949450598201e-16,-0.030246789692055964,-0.030246789692055076,-12.098715876822105,400
2026-02-10T19:39:27.402972,1,406,-0.03505977516843016,1.1050065994108395e-16,-0.035059775168430285,-0.03505977516843006,-14.023910067372064,400
2026-02-10T19:39:27.450803,1,407,-0.03995457903351051,2.044561308518895e-16,-0.03995457903351074,-0.039954579033510296,-15.981831613404204,400
2026-02-10T19:39:27.497496,1,408,-0.045027838209962534,9.614813431917819e-17,-0.0450278382099627,-0.04502783820996248,-18.011135283985013,400
2026-02-10T19:39:27.545911,1,409,-0.050326193709117915,1.893949450598201e-16,-0.05032619370911817,-0.05032619370911773,-20.130477483647166,400
2026-02-10T19:39:27.595192,1,410,-0.05587168068852272,1.1905815549843722e-16,-0.05587168068852311,-0.05587168068852266,-22.348672275409086,400
2026-02-10T19:39:27.644838,1,411,-0.06160211632101527,1.4541908674370036e-16,-0.06160211632101564,-0.0616021163210152,-24.640846528406108,400
2026-02-10T19:39:27.694252,1,412,-0.06735621248251907,1.5062355308809321e-16,-0.06735621248251955,-0.06735621248251888,-26.942484993007625,400
2026-02-10T19:39:27.742924,1,413,-0.07304915683899767,1.0623534945633305e-16,-0.07304915683899793,-0.07304915683899749,-29.21966273559907,400
2026-02-10T19:39:27.792528,1,414,-0.07865819200171424,1.6618614684296934e-16,-0.07865819200171442,-0.07865819200171398,-31.463276800685698,400
2026-02-10T19:39:27.842447,1,415,-0.08418657972425592,1.1102230246251565e-16,-0.08418657972425603,-0.0841865797242558,-33.67463188970237,400
2026-02-10T19:39:27.891390,1,416,-0.0896802547742206,4.8473028914566787e-17,-0.08968025477422081,-0.08968025477422059,-35.87210190968824,400
2026-02-10T19:39:27.939843,1,417,-0.09515605432598254,1.6326319374041212e-16,-0.09515605432598262,-0.09515605432598218,-38.06242173039301,400
2026-02-10T19:39:27.988568,1,418,-0.10066760736989949,1.0235750533041807e-16,-0.10066760736989955,-0.10066760736989933,-40.267042947959794,400
2026-02-10T19:39:28.035279,1,419,-0.10628091320489919,2.220446049250313e-16,-0.10628091320489941,-0.10628091320489896,-42.512365281959674,400
2026-02-10T19:39:28.084521,1,420,-0.11201664331495173,1.319485001705613e-16,-0.11201664331495209,-0.11201664331495165,-44.806657325980694,400
2026-02-10T19:39:28.134207,1,421,-0.11765702167104636,1.2412670766236366e-16,-0.11765702167104664,-0.11765702167104619,-47.06280866841854,400
2026-02-10T19:39:28.183620,1,422,-0.12281025927337044,1.0605390551611694e-16,-0.12281025927337086,-0.12281025927337041,-49.12410370934818,400
2026-02-10T19:39:28.231208,1,423,-0.12717347467690573,1.7064601008853095e-16,-0.12717347467690598,-0.12717347467690554,-50.8693898707623,400
2026-02-10T19:39:28.280863,1,424,-0.13068224107009604,1.319485001705613e-16,-0.1306822410700963,-0.13068224107009585,-52.27289642803842,400
2026-02-10T19:39:28.331860,1,425,-0.13342357333006,1.137640067256873e-16,-0.13342357333006039,-0.13342357333005994,-53.369429332024,400
2026-02-10T19:39:28.381510,1,426,-0.13540871910122743,2.0471501066083614e-16,-0.13540871910122765,-0.1354087191012272,-54.16348764049097,400
2026-02-10T19:39:28.432341,1,427,-0.13666056635296284,1.2959208739370123e-16,-0.1366605663529632,-0.13666056635296275,-54.66422654118514,400
2026-02-10T19:39:28.481186,1,428,-0.1372564857260385,1.6279065094399115e-16,-0.137256485726039,-0.13725648572603832,-54.902594290415394,400
2026-02-10T19:39:28.529086,1,429,-0.13722499331659413,1.4946834900704541e-16,-0.13722499331659432,-0.13722499331659388,-54.88999732663765,400
2026-02-10T19:39:28.576921,1,430,-0.1366000385494151,1.5895974606912447e-16,-0.1366000385494155,-0.13660003854941505,-54.640015419766044,400
2026-02-10T19:39:28.626943,1,431,-0.13555607337166414,1.9389211565826715e-16,-0.13555607337166453,-0.13555607337166387,-54.222429348665656,400
2026-02-10T19:39:28.678370,1,432,-0.13425485928591205,1.2719202621569003e-16,-0.1342548592859123,-0.13425485928591185,-53.701943714364816,400
2026-02-10T19:39:28.729225,1,433,-0.13267937452545295,1.0892074392614739e-16,-0.1326793745254531,-0.13267937452545286,-53.07174981018118,400
2026-02-10T19:39:28.779593,1,434,-0.13076623062952603,8.95090418262362e-17,-0.13076623062952608,-0.13076623062952586,-52.30649225181041,400
2026-02-10T19:39:28.840018,1,435,-0.12860708811872457,1.1102230246251565e-16,-0.12860708811872468,-0.12860708811872446,-51.442835247489825,400
2026-02-10T19:39:28.895005,1,436,-0.12636264249855703,2.1535178908206135e-16,-0.12636264249855733,-0.12636264249855667,-50.54505699942281,400
2026-02-10T19:39:28.942853,1,437,-0.12409563712072379,1.5565409952966683e-16,-0.12409563712072402,-0.12409563712072336,-49.63825484828951,400
2026-02-10T19:39:28.991568,1,438,-0.1218406658815238,1.9985941820837785e-16,-0.12184066588152431,-0.12184066588152342,-48.73626635260952,400
2026-02-10T19:39:29.041445,1,439,-0.11971211121580698,1.2366035645442177e-16,-0.11971211121580727,-0.11971211121580683,-47.88484448632279,400
2026-02-10T19:39:29.088122,1,440,-0.11785007318794243,2.0593440066051843e-16,-0.11785007318794283,-0.11785007318794194,-47.14002927517697,400
2026-02-10T19:39:29.133007,1,441,-0.11631256295197553,1.2719202621569003e-16,-0.1163125629519759,-0.11631256295197545,-46.525025180790216,400
2026-02-10T19:39:29.178659,1,442,-0.11514913435144226,1.6432144662310225e-16,-0.1151491343514428,-0.11514913435144214,-46.059653740576906,400
2026-02-10T19:39:29.224583,1,443,-0.11445087217766464,1.0235750533041807e-16,-0.1144508721776647,-0.11445087217766448,-45.780348871065854,400
2026-02-10T19:39:29.271818,1,444,-0.1142454710113787,1.6432144662310225e-16,-0.11424547101137894,-0.1142454710113785,-45.69818840455148,400
2026-02-10T19:39:29.319803,1,445,-0.11440610011079859,1.4002130849932112e-16,-0.11440610011079877,-0.11440610011079833,-45.76244004431943,400
2026-02-10T19:39:29.367391,1,446,-0.1147337438311563,1.9199557061445897e-16,-0.11473374383115664,-0.11473374383115598,-45.89349753246252,400
2026-02-10T19:39:29.414164,1,447,-0.11518784329451044,2.044325800678625e-16,-0.11518784329451104,-0.11518784329451015,-46.07513731780418,400
2026-02-10T19:39:29.460779,1,448,-0.11588053524140676,1.7064601008853095e-16,-0.11588053524140718,-0.11588053524140651,-46.352214096562705,400
2026-02-10T19:39:29.506744,1,449,-0.11684358570728733,2.91961742936603e-16,-0.11684358570728759,-0.11684358570728692,-46.73743428291493,400
2026-02-10T19:39:29.553303,1,450,-0.11801202180665989,9.71445146547012e-17,-0.11801202180666004,-0.11801202180665982,-47.204808722663955,400
2026-02-10T19:39:29.599105,1,451,-0.11937246993061684,1.5503420817984882e-16,-0.11937246993061712,-0.11937246993061645,-47.74898797224674,400
2026-02-10T19:39:29.643407,1,452,-0.12090106850625632,2.2887833992611187e-16,-0.12090106850625659,-0.12090106850625593,-48.36042740250252,400
2026-02-10T19:39:29.686799,1,453,-0.12252021281586975,1.5553031891404222e-16,-0.12252021281587,-0.12252021281586956,-49.0080851263479,400
2026-02-10T19:39:29.732169,1,454,-0.12420099058746682,1.6432144662310225e-16,-0.12420099058746725,-0.12420099058746659,-49.68039623498673,400
2026-02-10T19:39:29.779144,1,455,-0.12595867833671082,1.4895204919483638e-16,-0.12595867833671104,-0.1259586783367106,-50.38347133468432,400
2026-02-10T19:39:29.826698,1,456,-0.12778980798624245,1.6279065094399115e-16,-0.12778980798624295,-0.1277898079862423,-51.115923194496986,400
2026-02-10T19:39:29.873723,1,457,-0.1296556238637567,1.8452761694870049e-16,-0.12965562386375717,-0.1296556238637565,-51.862249545502685,400
2026-02-10T19:39:29.920042,1,458,-0.13153937266264354,1.8742721836921975e-16,-0.13153937266264393,-0.13153937266264326,-52.615749065057415,400
2026-02-10T19:39:29.968032,1,459,-0.1334256162303131,1.452865864093589e-16,-0.13342561623031357,-0.1334256162303129,-53.37024649212524,400
2026-02-10T19:39:30.015700,1,460,-0.13521971456665718,1.4946834900704541e-16,-0.13521971456665738,-0.13521971456665693,-54.08788582666287,400
2026-02-10T19:39:30.062319,1,461,-0.13671516777188167,2.210013198821679e-16,-0.13671516777188186,-0.1367151677718812,-54.68606710875267,400
2026-02-10T19:39:30.107241,1,462,-0.13772561635352903,1.2899625854847775e-16,-0.13772561635352942,-0.13772561635352898,-55.09024654141162,400
2026-02-10T19:39:30.150983,1,463,-0.13830989810424424,1.4739229889206566e-16,-0.13830989810424454,-0.1383098981042441,-55.32395924169769,400
2026-02-10T19:39:30.196323,1,464,-0.13859300271423178,2.0206364052201326e-16,-0.13859300271423192,-0.13859300271423147,-55.437201085692706,400
2026-02-10T19:39:30.242457,1,465,-0.13851692527977952,1.6136471996107273e-16,-0.13851692527977977,-0.1385169252797791,-55.40677011191181,400
2026-02-10T19:39:30.290037,1,466,-0.1379523185933687,1.1905815549843722e-16,-0.13795231859336887,-0.13795231859336843,-55.18092743734748,400
2026-02-10T19:39:30.339320,1,467,-0.1369305405983942,1.4686870114880517e-16,-0.1369305405983945,-0.13693054059839405,-54.77221623935769,400
2026-02-10T19:39:30.386506,1,468,-0.13564749086201122,1.790180836524724e-16,-0.13564749086201155,-0.1356474908620109,-54.258996344804494,400
2026-02-10T19:39:30.432346,1,469,-0.1342740502330418,1.137640067256873e-16,-0.13427405023304195,-0.1342740502330415,-53.709620093216714,400
2026-02-10T19:39:30.480106,1,470,-0.1329154834817162,1.452865864093589e-16,-0.13291548348171633,-0.1329154834817159,-53.16619339268648,400
2026-02-10T19:39:30.526944,1,471,-0.1316252160871386,1.0605390551611694e-16,-0.13162521608713873,-0.1316252160871385,-52.65008643485543,400
2026-02-10T19:39:30.573891,1,472,-0.1303493342648129,1.4739229889206566e-16,-0.1303493342648132,-0.13034933426481277,-52.13973370592516,400
2026-02-10T19:39:30.617868,1,473,-0.1290458857859402,1.5553031891404222e-16,-0.12904588578594045,-0.12904588578594,-51.61835431437608,400
2026-02-10T19:39:30.664077,1,474,-0.1277451851300153,7.947987303456223e-17,-0.12774518513001532,-0.1277451851300151,-51.09807405200611,400
2026-02-10T19:39:30.711966,1,475,-0.1264204065445907,8.95090418262362e-17,-0.12642040654459086,-0.12642040654459064,-50.56816261783627,400
2026-02-10T19:39:30.759964,1,476,-0.12501484644080016,1.6326319374041212e-16,-0.1250148464408003,-0.12501484644079963,-50.00593857632006,400
2026-02-10T19:39:30.808189,1,477,-0.12351806476994412,7.947987303456223e-17,-0.12351806476994431,-0.12351806476994409,-49.40722590797765,400
2026-02-10T19:39:30.855774,1,478,-0.12193493948695401,6.713178136967714e-17,-0.12193493948695422,-0.121934939486954,-48.773975794781606,400
2026-02-10T19:39:30.908368,1,479,-0.12028950291477251,1.9985941820837785e-16,-0.1202895029147728,-0.12028950291477214,-48.115801165909005,400
2026-02-10T19:39:30.955375,1,480,-0.11858077853367929,1.2959208739370123e-16,-0.11858077853367943,-0.11858077853367899,-47.432311413471716,400
2026-02-10T19:39:31.003549,1,481,-0.11670216788747814,2.0358293740687925e-16,-0.11670216788747845,-0.116702167887478,-46.680867154991255,400
2026-02-10T19:39:31.050307,1,482,-0.11454776618544933,1.5565409952966683e-16,-0.11454776618544948,-0.11454776618544882,-45.81910647417973,400
2026-02-10T19:39:31.097695,1,483,-0.11214427871639296,2.1391609448248796e-16,-0.11214427871639332,-0.11214427871639265,-44.857711486557186,400
2026-02-10T19:39:31.144973,1,484,-0.10962386882208892,1.8957281651720487e-16,-0.10962386882208941,-0.10962386882208874,-43.84954752883557,400
2026-02-10T19:39:31.192478,1,485,-0.107181563180658,1.7597998041182627e-16,-0.1071815631806583,-0.10718156318065741,-42.8726252722632,400
2026-02-10T19:39:31.240292,1,486,-0.10495784822850539,8.163159687020606e-17,-0.1049578482285054,-0.10495784822850518,-41.98313929140215,400
2026-02-10T19:39:31.290825,1,487,-0.10297446256692355,1.9860273225978183e-16,-0.102974462566924,-0.10297446256692311,-41.18978502676942,400
2026-02-10T19:39:31.338349,1,488,-0.10126619554797854,1.5565409952966683e-16,-0.10126619554797878,-0.10126619554797833,-40.506478219191415,400
2026-02-10T19:39:31.384669,1,489,-0.09989117745270207,1.1970346188077034e-16,-0.09989117745270226,-0.09989117745270182,-39.95647098108083,400
2026-02-10T19:39:31.430389,1,490,-0.09886780268145196,1.6279065094399115e-16,-0.09886780268145223,-0.09886780268145157,-39.54712107258078,400
2026-02-10T19:39:31.476062,1,491,-0.09820338664962058,4.965068306494546e-17,-0.0982033866496208,-0.09820338664962058,-39.28135465984823,400
2026-02-10T19:39:31.521164,1,492,-0.09791247611659362,1.2959208739370123e-16,-0.09791247611659393,-0.09791247611659348,-39.16499044663745,400
2026-02-10T19:39:31.566747,1,493,-0.0979691562582706,1.2719202621569003e-16,-0.09796915625827074,-0.0979691562582703,-39.18766250330824,400
2026-02-10T19:39:31.612762,1,494,-0.098292010464443,2.4732071290884355e-16,-0.09829201046444314,-0.09829201046444247,-39.3168041857772,400
2026-02-10T19:39:31.659920,1,495,-0.09881806890649351,2.1037554544675263e-16,-0.0988180689064937,-0.09881806890649325,-39.5272275625974,400
2026-02-10T19:39:31.707673,1,496,-0.09955119267202911,2.0014830212433605e-16,-0.09955119267202939,-0.09955119267202872,-39.82047706881164,400
2026-02-10T19:39:31.755054,1,497,-0.10051373787734344,1.2959208739370123e-16,-0.10051373787734352,-0.10051373787734308,-40.205495150937374,400
2026-02-10T19:39:31.802468,1,498,-0.10170018993479603,1.1050065994108395e-16,-0.10170018993479624,-0.10170018993479579,-40.68007597391841,400
2026-02-10T19:39:31.848488,1,499,-0.10308504568803169,2.1615517678472182e-16,-0.10308504568803212,-0.10308504568803123,-41.23401827521268,400
2026-02-10T19:39:31.894254,1,500,-0.10464125776724177,4.8473028914566787e-17,-0.10464125776724198,-0.10464125776724176,-41.85650310689671,400
2026-02-10T19:39:31.939557,1,501,-0.10629503649092976,1.3092278833360675e-16,-0.10629503649093008,-0.10629503649092964,-42.518014596371906,400
2026-02-10T19:39:31.984069,1,502,-0.10798014482617738,1.6136471996107273e-16,-0.10798014482617768,-0.10798014482617724,-43.19205793047095,400
2026-02-10T19:39:32.029364,1,503,-0.10969135303417409,2.210884483380985e-16,-0.10969135303417432,-0.10969135303417388,-43.87654121366963,400
2026-02-10T19:39:32.075694,1,504,-0.1114074243413821,2.251454555088156e-16,-0.11140742434138251,-0.11140742434138184,-44.56296973655284,400
2026-02-10T19:39:32.122390,1,505,-0.11306014116561514,2.1642230995786356e-16,-0.11306014116561536,-0.11306014116561491,-45.224056466246054,400
2026-02-10T19:39:32.169325,1,506,-0.11455796176716465,8.233634315563857e-17,-0.11455796176716482,-0.1145579617671646,-45.82318470686586,400
2026-02-10T19:39:32.216022,1,507,-0.11580158080359006,1.2974061705550982e-16,-0.11580158080359038,-0.11580158080358993,-46.32063232143602,400
2026-02-10T19:39:32.262983,1,508,-0.11670141965365154,7.15749512893306e-17,-0.11670141965365177,-0.11670141965365133,-46.68056786146062,400
2026-02-10T19:39:32.308303,1,509,-0.1171941900850516,2.3852037765607984e-16,-0.11719419008505194,-0.11719419008505105,-46.87767603402064,400
2026-02-10T19:39:32.354319,1,510,-0.1172688526504318,2.494915946531976e-16,-0.11726885265043219,-0.11726885265043152,-46.90754106017272,400
2026-02-10T19:39:32.399026,1,511,-0.11696228813168377,1.4739229889206566e-16,-0.11696228813168408,-0.11696228813168341,-46.78491525267351,400
2026-02-10T19:39:32.443092,1,512,-0.11631935947955524,1.137640067256873e-16,-0.11631935947955552,-0.11631935947955507,-46.5277437918221,400
2026-02-10T19:39:32.489486,1,513,-0.11537575236531819,2.0206364052201326e-16,-0.11537575236531872,-0.11537575236531805,-46.150300946127274,400
2026-02-10T19:39:32.536584,1,514,-0.11418449245278171,2.044325800678625e-16,-0.11418449245278195,-0.1141844924527815,-45.67379698111269,400
2026-02-10T19:39:32.583433,1,515,-0.1128081263612667,2.272739340717841e-16,-0.11280812636126702,-0.11280812636126614,-45.12325054450668,400
2026-02-10T19:39:32.630703,1,516,-0.11125758066868725,8.886119947416683e-17,-0.1112575806686873,-0.11125758066868707,-44.5030322674749,400
2026-02-10T19:39:32.678354,1,517,-0.10948278236889275,1.790180836524724e-16,-0.10948278236889286,-0.10948278236889242,-43.7931129475571,400
2026-02-10T19:39:32.725343,1,518,-0.1074223427972056,1.3325567187647328e-16,-0.10742234279720564,-0.1074223427972052,-42.96893711888224,400
2026-02-10T19:39:32.773033,1,519,-0.10506155628297988,1.3092278833360675e-16,-0.1050615562829802,-0.10506155628297975,-42.02462251319195,400
2026-02-10T19:39:32.819408,1,520,-0.10242929450782316,2.1400610757062163e-16,-0.10242929450782357,-0.1024292945078229,-40.971717803129266,400
2026-02-10T19:39:32.863561,1,521,-0.09954491456119065,4.8473028914566787e-17,-0.09954491456119086,-0.09954491456119063,-39.81796582447626,400
2026-02-10T19:39:32.906441,1,522,-0.09643370046335634,1.4739229889206566e-16,-0.09643370046335664,-0.0964337004633562,-38.57348018534253,400
2026-02-10T19:39:32.951493,1,523,-0.09316758434729769,2.210013198821679e-16,-0.0931675843472981,-0.09316758434729744,-37.267033738919075,400
2026-02-10T19:39:32.997084,1,524,-0.08984075858177082,8.95090418262362e-17,-0.08984075858177087,-0.08984075858177065,-35.93630343270833,400
2026-02-10T19:39:33.044098,1,525,-0.08652088316293546,1.8947119613117473e-16,-0.08652088316293582,-0.08652088316293516,-34.60835326517419,400
2026-02-10T19:39:33.090310,1,526,-0.0832110446047458,1.4111738243378816e-16,-0.08321104460474626,-0.0832110446047456,-33.284417841898325,400
2026-02-10T19:39:33.136469,1,527,-0.07988137236501673,1.1325499295668598e-16,-0.07988137236501691,-0.07988137236501647,-31.952548946006694,400
2026-02-10T19:39:33.185200,1,528,-0.07655435969109221,8.886119947416683e-17,-0.07655435969109226,-0.07655435969109203,-30.621743876436884,400
2026-02-10T19:39:33.238125,1,529,-0.07328399442136768,7.021666937153402e-17,-0.0732839944213679,-0.07328399442136746,-29.313597768547073,400
2026-02-10T19:39:33.305021,1,530,-0.07006620146768247,2.522552781658974e-16,-0.07006620146768272,-0.07006620146768205,-28.02648058707299,400
2026-02-10T19:39:33.348955,1,531,-0.06690941461133507,1.7597998041182627e-16,-0.06690941461133537,-0.06690941461133493,-26.763765844534028,400
2026-02-10T19:39:33.392613,1,532,-0.06392544863825621,1.3092278833360675e-16,-0.06392544863825655,-0.06392544863825611,-25.570179455302483,400
2026-02-10T19:39:33.438683,1,533,-0.061223815548056476,1.5553031891404222e-16,-0.061223815548057114,-0.061223815548056226,-24.48952621922259,400
2026-02-10T19:39:33.485222,1,534,-0.05882578443224392,1.758978810463075e-16,-0.05882578443224418,-0.05882578443224373,-23.530313772897568,400
2026-02-10T19:39:33.532269,1,535,-0.05669314306746074,1.0878804855433139e-16,-0.05669314306746087,-0.05669314306746065,-22.677257226984295,400
2026-02-10T19:39:33.577910,1,536,-0.05475105365209086,1.1050065994108395e-16,-0.054751053652090986,-0.054751053652090764,-21.900421460836345,400
2026-02-10T19:39:33.624737,1,537,-0.05288501499022638,1.0892074392614739e-16,-0.052885014990226464,-0.05288501499022624,-21.154005996090554,400
2026-02-10T19:39:33.671874,1,538,-0.050985795199437633,1.336885555457667e-16,-0.05098579519943791,-0.05098579519943747,-20.394318079775054,400
2026-02-10T19:39:33.718906,1,539,-0.04899156514823108,1.1970346188077034e-16,-0.04899156514823133,-0.04899156514823089,-19.596626059292433,400
2026-02-10T19:39:33.765787,1,540,-0.046899597118408465,9.614813431917819e-17,-0.04689959711840852,-0.0468995971184083,-18.759838847363387,400
2026-02-10T19:39:33.809339,1,541,-0.04477680823433351,1.6432144662310225e-16,-0.04477680823433361,-0.04477680823433294,-17.910723293733405,400
2026-02-10T19:39:33.853015,1,542,-0.042685413640961144,1.7056134324626198e-16,-0.042685413640961345,-0.0426854136409609,-17.074165456384456,400
2026-02-10T19:39:33.899008,1,543,-0.04061313617138923,1.5503420817984882e-16,-0.04061313617138951,-0.040613136171389064,-16.245254468555693,400
2026-02-10T19:39:33.945752,1,544,-0.038496279955306224,1.910150329068793e-16,-0.03849627995530658,-0.03849627995530569,-15.39851198212249,400
2026-02-10T19:39:33.992684,1,545,-0.036295772322698205,7.021666937153402e-17,-0.03629577232269843,-0.03629577232269798,-14.518308929079282,400
2026-02-10T19:39:34.039332,1,546,-0.03402766625194671,1.5062355308809321e-16,-0.034027666251946975,-0.03402766625194631,-13.611066500778684,400
2026-02-10T19:39:34.086184,1,547,-0.03170410535908456,1.6127518066630595e-16,-0.031704105359084966,-0.0317041053590843,-12.681642143633823,400
2026-02-10T19:39:34.133345,1,548,-0.0293230950329911,1.270878829633945e-16,-0.029323095032991464,-0.02932309503299102,-11.72923801319644,400
2026-02-10T19:39:34.180565,1,549,-0.02688018275510772,1.4853933797276152e-16,-0.02688018275510795,-0.026880182755107507,-10.752073102043088,400
2026-02-10T19:39:34.226337,1,550,-0.024356403384286542,1.270878829633945e-16,-0.024356403384286684,-0.02435640338428624,-9.742561353714617,400
2026-02-10T19:39:34.269505,1,551,-0.021743268149958795,1.5059957671783206e-16,-0.021743268149959194,-0.021743268149958528,-8.697307259983518,400
2026-02-10T19:39:34.313389,1,552,-0.019029254123666593,1.0591761858187545e-16,-0.01902925412366674,-0.019029254123666517,-7.611701649466638,400
2026-02-10T19:39:34.358687,1,553,-0.01616759299196304,1.0878804855433139e-16,-0.01616759299196313,-0.01616759299196291,-6.467037196785217,400
2026-02-10T19:39:34.404320,1,554,-0.013118674920147889,1.870993964492363e-16,-0.013118674920148399,-0.013118674920147733,-5.247469968059155,400
2026-02-10T19:39:34.451335,1,555,-0.009925581593798027,1.5503420817984882e-16,-0.009925581593798416,-0.00992558159379775,-3.970232637519211,400
2026-02-10T19:39:34.498344,1,556,-0.006711845501678448,1.631691635139148e-16,-0.006711845501678804,-0.00671184550167836,-2.6847382006713794,400
2026-02-10T19:39:34.545138,1,557,-0.0035611074929008278,1.308934791268237e-16,-0.003561107492901172,-0.003561107492900728,-1.4244429971603312,400
2026-02-10T19:39:34.592302,1,558,-0.0004522905022803725,1.8444410266488292e-16,-0.0004522905022810164,-0.00045229050228012824,-0.180916200912149,400
2026-02-10T19:39:34.638958,1,559,0.002702805407546127,1.7694051901306916e-16,0.0027028054075458607,0.002702805407546527,1.0811221630184509,400
2026-02-10T19:39:34.684619,1,560,0.005994622550232087,1.8577584504832502e-16,0.005994622550231643,0.005994622550232309,2.397849020092835,400
2026-02-10T19:39:34.727675,1,561,0.009436035210549403,1.6937867024533628e-16,0.009436035210549032,0.009436035210549698,3.7744140842197615,400
2026-02-10T19:39:34.772969,1,562,0.012953066972430326,6.474028916735484e-17,0.01295306697243026,0.012953066972430483,5.181226788972131,400
2026-02-10T19:39:34.819202,1,563,0.01647693941429962,1.4895204919483638e-16,0.016476939414299507,0.01647693941429995,6.590775765719847,400
2026-02-10T19:39:34.865427,1,564,0.01998182010372657,1.665695898455916e-16,0.01998182010372629,0.019981820103726733,7.992728041490627,400
2026-02-10T19:39:34.912397,1,565,0.023438712913389857,1.2118257228641695e-16,0.023438712913389503,0.02343871291339006,9.375485165355943,400
2026-02-10T19:39:34.959394,1,566,0.026837189102132165,1.8873918971393412e-16,0.02683718910213151,0.026837189102132286,10.734875640852866,400
2026-02-10T19:39:35.006436,1,567,0.030232819595212065,1.467785196832347e-16,0.030232819595211735,0.030232819595212512,12.093127838084825,400
2026-02-10T19:39:35.053255,1,568,0.03371502435462761,1.459808714683015e-16,0.03371502435462714,0.0337150243546277,13.486009741851042,400
2026-02-10T19:39:35.099292,1,569,0.0372769971566538,2.1812863011555055e-16,0.037276997156653446,0.03727699715665411,14.91079886266152,400
2026-02-10T19:39:35.144247,1,570,0.04079134513192171,1.8340219867472438e-16,0.0407913451319214,0.04079134513192195,16.316538052768685,400
2026-02-10T19:39:35.188302,1,571,0.04414286666458175,1.7235854893846466e-16,0.04414286666458156,0.044142866664582,17.6571466658327,400
2026-02-10T19:39:35.234248,1,572,0.04726350907169421,1.0700305378531081e-16,0.047263509071693854,0.0472635090716943,18.905403628677682,400
2026-02-10T19:39:35.280065,1,573,0.05008514006329942,8.50969834418119e-17,0.05008514006329923,0.05008514006329956,20.034056025319767,400
2026-02-10T19:39:35.326540,1,574,0.05258400940279591,1.5011122659325205e-16,0.05258400940279562,0.05258400940279617,21.033603761118364,400
2026-02-10T19:39:35.373989,1,575,0.054799104934950923,1.2794688166302258e-16,0.05479910493495044,0.054799104934951104,21.91964197398037,400
2026-02-10T19:39:35.422298,1,576,0.05679314511487413,2.2239127899237467e-16,0.056793145114873655,0.056793145114874544,22.717258045949652,400
2026-02-10T19:39:35.469888,1,577,0.0586031393924541,1.2616580753262948e-16,0.05860313939245376,0.05860313939245443,23.44125575698164,400
2026-02-10T19:39:35.517026,1,578,0.060197469425354005,1.8200548080610225e-16,0.060197469425353645,0.06019746942535442,24.0789877701416,400
2026-02-10T19:39:35.564028,1,579,0.06151304665614493,2.1784148785229479e-16,0.06151304665614454,0.06151304665614521,24.605218662457972,400
2026-02-10T19:39:35.609601,1,580,0.06253087078114208,1.2098374922832816e-16,0.06253087078114195,0.06253087078114228,25.012348312456833,400
2026-02-10T19:39:35.652697,1,581,0.06336386115426862,7.850462293418876e-17,0.06336386115426851,0.06336386115426873,25.345544461707448,400
2026-02-10T19:39:35.698899,1,582,0.06417408498268758,8.068235998053637e-17,0.0641740849826874,0.06417408498268773,25.66963399307503,400
2026-02-10T19:39:35.746706,1,583,0.06491526715195196,1.5113414286795891e-16,0.0649152671519514,0.06491526715195206,25.966106860780783,400
2026-02-10T19:39:35.793197,1,584,0.06539019914474938,1.0026641665932503e-16,0.06539019914474908,0.06539019914474942,26.156079657899753,400
2026-02-10T19:39:35.840369,1,585,0.06552721565183511,1.336885555457667e-16,0.06552721565183484,0.0655272156518355,26.210886260734046,400
2026-02-10T19:39:35.887008,1,586,0.06542172770324903,8.50969834418119e-17,0.06542172770324894,0.06542172770324917,26.168691081299613,400
2026-02-10T19:39:35.934133,1,587,0.06513543958973449,9.473559806558736e-17,0.06513543958973433,0.06513543958973467,26.054175835893794,400
2026-02-10T19:39:35.980631,1,588,0.06459154945549071,1.4435567878774251e-16,0.0645915494554904,0.06459154945549084,25.836619782196287,400
2026-02-10T19:39:36.026714,1,589,0.06376362322068113,1.4686870114880517e-16,0.06376362322068085,0.06376362322068141,25.50544928827245,400
2026-02-10T19:39:36.072467,1,590,0.06282554027934849,1.2794688166302258e-16,0.06282554027934839,0.06282554027934883,25.130216111739394,400
2026-02-10T19:39:36.116250,1,591,0.06198538497205552,1.8403118777003408e-16,0.06198538497205508,0.061985384972055746,24.794153988822206,400
2026-02-10T19:39:36.161525,1,592,0.06127166991526753,1.1577768529788096e-16,0.06127166991526711,0.06127166991526767,24.508667966107012,400
2026-02-10T19:39:36.208429,1,593,0.060586100806116594,1.8577584504832502e-16,0.06058610080611637,0.060586100806116816,24.234440322446638,400
2026-02-10T19:39:36.256070,1,594,0.059847266189709494,7.776515945702111e-17,0.05984726618970937,0.0598472661897097,23.938906475883797,400
2026-02-10T19:39:36.303014,1,595,0.059016933913907776,1.510066572755813e-16,0.0590169339139075,0.059016933913908276,23.60677356556311,400
2026-02-10T19:39:36.348942,1,596,0.05805553832111701,1.0007415106216802e-16,0.05805553832111687,0.05805553832111732,23.222215328446804,400
2026-02-10T19:39:36.395112,1,597,0.056952521895512975,7.447602459741819e-17,0.05695252189551281,0.05695252189551314,22.78100875820519,400
2026-02-10T19:39:36.441906,1,598,0.055822424743676706,1.6805880707192592e-16,0.05582242474367638,0.055822424743676935,22.32896989747068,400
2026-02-10T19:39:36.487490,1,599,0.05480995126380595,1.1123893155135927e-16,0.054809951263805834,0.054809951263806056,21.92398050552238,400
2026-02-10T19:39:36.532302,1,600,0.05393651194417989,1.7936738756247965e-16,0.0539365119441797,0.05393651194418014,21.574604777671954,400
2026-02-10T19:39:36.575523,1,601,0.05318924096674303,8.972394979902883e-17,0.053189240966742934,0.05318924096674338,21.275696386697213,400
2026-02-10T19:39:36.620835,1,602,0.05263864592885405,1.0838898772828417e-16,0.05263864592885381,0.052638645928854255,21.05545837154162,400
2026-02-10T19:39:36.666970,1,603,0.05231914540394398,1.0107946554555127e-16,0.05231914540394378,0.052319145403944334,20.927658161577593,400
2026-02-10T19:39:36.713949,1,604,0.05213941375047188,9.599778530722948e-17,0.05213941375047182,0.05213941375047204,20.855765500188753,400
2026-02-10T19:39:36.761057,1,605,0.05200498732308763,1.7344458980126368e-16,0.05200498732308734,0.05200498732308778,20.80199492923505,400
2026-02-10T19:39:36.807692,1,606,0.05190055875790172,1.1893677077138192e-16,0.05190055875790156,0.05190055875790189,20.760223503160688,400
2026-02-10T19:39:36.853000,1,607,0.05183228455628896,7.782704976483342e-17,0.051832284556288855,0.05183228455628908,20.732913822515584,400
2026-02-10T19:39:36.898319,1,608,0.05176690256297742,1.642041997679149e-16,0.05176690256297711,0.05176690256297767,20.706761025190968,400
2026-02-10T19:39:36.944282,1,609,0.05165576927632021,5.551115123125783e-17,0.051655769276320096,0.05165576927632043,20.662307710528083,400
2026-02-10T19:39:36.988087,1,610,0.05152615454433727,6.662783593823664e-17,0.05152615454433718,0.0515261545443374,20.610461817734908,400
2026-02-10T19:39:37.031108,1,611,0.05147238133925008,2.1203970041414418e-16,0.051472381339249806,0.05147238133925047,20.58895253570003,400
2026-02-10T19:39:37.076225,1,612,0.05150131227497586,5.089573435171981e-17,0.051501312274975786,0.0515013122749759,20.600524909990344,400
2026-02-10T19:39:37.122515,1,613,0.051516750552617,1.1926018882803992e-16,0.05151675055261673,0.051516750552617174,20.6067002210468,400
2026-02-10T19:39:37.169358,1,614,0.05149835586131967,1.381171100883434e-16,0.051498355861319345,0.0514983558613199,20.59934234452787,400
2026-02-10T19:39:37.216263,1,615,0.05155514776392165,1.8444932222049644e-16,0.05155514776392134,0.05155514776392178,20.62205910556866,400
2026-02-10T19:39:37.262046,1,616,0.0517757244402883,1.6040705737907378e-16,0.051775724440287996,0.05177572444028844,20.71028977611532,400
2026-02-10T19:39:37.311712,1,617,0.052115068383798355,1.5062355308809321e-16,0.05211506838379798,0.052115068383798535,20.846027353519343,400
2026-02-10T19:39:37.370999,1,618,0.05244688124377113,1.0179146870343962e-16,0.05244688124377106,0.05244688124377128,20.978752497508452,400
2026-02-10T19:39:37.423447,1,619,0.05269200817588052,8.688869536365455e-17,0.05269200817588027,0.05269200817588071,21.076803270352208,400
2026-02-10T19:39:37.468203,1,620,0.052854348534351454,1.3095955923401825e-16,0.052854348534351225,0.05285434853435167,21.14173941374058,400
2026-02-10T19:39:37.515293,1,621,0.05293970790660998,9.876656908246509e-17,0.052939707906609734,0.05293970790661007,21.17588316264399,400
2026-02-10T19:39:37.562872,1,622,0.052927408573503004,7.751710408992441e-17,0.052927408573502754,0.05292740857350309,21.1709634294012,400
2026-02-10T19:39:37.613588,1,623,0.0528296349199019,7.055869121689408e-17,0.05282963491990167,0.052829634919902,21.131853967960758,400
2026-02-10T19:39:37.662713,1,624,0.05267778141783572,2.1391609448248796e-16,0.05267778141783541,0.05267778141783608,21.071112567134286,400
2026-02-10T19:39:37.710556,1,625,0.05247303319120959,1.0179146870343962e-16,0.05247303319120944,0.05247303319120966,20.989213276483838,400
2026-02-10T19:39:37.756365,1,626,0.05221954188565943,1.0179146870343962e-16,0.05221954188565936,0.05221954188565969,20.88781675426377,400
2026-02-10T19:39:37.801520,1,627,0.051945866999160796,8.074201422896752e-17,0.051945866999160706,0.05194586699916093,20.77834679966432,400
2026-02-10T19:39:37.845338,1,628,0.051656169959335335,1.5749913550146108e-16,0.051656169959335085,0.05165616995933553,20.662467983734135,400
2026-02-10T19:39:37.888658,1,629,0.051315157148799445,8.50969834418119e-17,0.051315157148799306,0.05131515714879953,20.52606285951978,400
2026-02-10T19:39:37.930653,1,630,0.050924452429474104,2.251454555088156e-16,0.050924452429473965,0.05092445242947463,20.36978097178964,400
2026-02-10T19:39:37.974670,1,631,0.05054703641702263,1.3136335981433191e-16,0.050547036417022406,0.05054703641702296,20.21881456680905,400
2026-02-10T19:39:38.019981,1,632,0.05018593442380804,1.9061130187075792e-16,0.05018593442380781,0.050185934423808254,20.074373769523216,400
2026-02-10T19:39:38.065422,1,633,0.04975445090245295,1.7728839976828627e-16,0.04975445090245256,0.04975445090245312,19.90178036098118,400
2026-02-10T19:39:38.110521,1,634,0.049211074346105665,1.137640067256873e-16,0.0492110743461055,0.04921107434610583,19.684429738442265,400
2026-02-10T19:39:38.155885,1,635,0.048627240656268285,1.6644669492065736e-16,0.04862724065626789,0.048627240656268444,19.450896262507314,400
2026-02-10T19:39:38.201343,1,636,0.04811987230385841,8.309307342148467e-17,0.04811987230385817,0.04811987230385861,19.247948921543365,400
2026-02-10T19:39:38.246487,1,637,0.04776373859508011,1.1050065994108395e-16,0.047763738595079985,0.04776373859508021,19.105495438032044,400
2026-02-10T19:39:38.291968,1,638,0.04755071899122529,1.4946834900704541e-16,0.047550718991225094,0.04755071899122543,19.020287596490114,400
2026-02-10T19:39:38.335711,1,639,0.04742588135338206,1.1857187100668868e-16,0.04742588135338199,0.047425881353382326,18.970352541352824,400
2026-02-10T19:39:38.377546,1,640,0.047371309729309655,2.4394924734781536e-16,0.04737130972930936,0.04737130972930992,18.948523891723863,400
2026-02-10T19:39:38.420762,1,641,0.04743591666807619,1.221324175609373e-16,0.047435916668076006,0.04743591666807634,18.974366667230477,400
2026-02-10T19:39:38.465926,1,642,0.04768094743307258,5.952907774921861e-17,0.047680947433072496,0.04768094743307272,19.072378973229032,400
2026-02-10T19:39:38.511329,1,643,0.048110947602652485,1.5466108078404687e-16,0.04811094760265211,0.048110947602652665,19.244379041060995,400
2026-02-10T19:39:38.557159,1,644,0.048683402739616556,3.98609107286759e-17,0.048683402739616466,0.04868340273961658,19.473361095846624,400
2026-02-10T19:39:38.602200,1,645,0.04935262794722662,9.599778530722948e-17,0.04935262794722639,0.049352627947226835,19.741051178890647,400
2026-02-10T19:39:38.647472,1,646,0.05005585132250787,5.662749647834299e-17,0.05005585132250778,0.050055851322508005,20.02234052900315,400
2026-02-10T19:39:38.693473,1,647,0.05073686297150529,5.688200336284365e-17,0.05073686297150515,0.05073686297150537,20.294745188602114,400
2026-02-10T19:39:38.738913,1,648,0.05142601129789631,2.394069237615407e-16,0.051426011297896035,0.05142601129789681,20.570404519158526,400
2026-02-10T19:39:38.783813,1,649,0.05214469249907918,9.915579844919226e-17,0.05214469249907905,0.05214469249907938,20.85787699963167,400
2026-02-10T19:39:38.827997,1,650,0.05279395887823969,9.871780750502623e-17,0.052793958878239566,0.0527939588782399,21.117583551295876,400
2026-02-10T19:39:38.869472,1,651,0.05333089701381722,1.3615092990768423e-16,0.05333089701381677,0.053330897013817435,21.332358805526887,400
2026-02-10T19:39:38.913471,1,652,0.053860158780238906,1.4647477455341519e-16,0.05386015878023842,0.05386015878023909,21.544063512095562,400
2026-02-10T19:39:38.958206,1,653,0.05444291326319867,1.6653345369377348e-16,0.05444291326319828,0.05444291326319883,21.777165305279468,400
2026-02-10T19:39:39.003108,1,654,0.05501517426734658,1.4005569065048372e-16,0.055015174267346145,0.0550151742673467,22.006069706938632,400
2026-02-10T19:39:39.048605,1,655,0.05549887072916781,2.31492981972618e-16,0.05549887072916748,0.05549887072916837,22.199548291667124,400
2026-02-10T19:39:39.094079,1,656,0.05588047834409236,1.5416217277185247e-16,0.055880478344092044,0.05588047834409249,22.352191337636945,400
2026-02-10T19:39:39.140077,1,657,0.05620937414884371,1.0026641665932503e-16,0.05620937414884353,0.05620937414884386,22.483749659537484,400
2026-02-10T19:39:39.186310,1,658,0.056563542433469644,1.0007415106216802e-16,0.056563542433469616,0.05656354243346995,22.625416973387857,400
2026-02-10T19:39:39.231709,1,659,0.057004917233046355,1.2616580753262948e-16,0.057004917233046126,0.05700491723304657,22.80196689321854,400
2026-02-10T19:39:39.277247,1,660,0.05756580662839231,1.319485001705613e-16,0.05756580662839217,0.05756580662839261,23.026322651356924,400
2026-02-10T19:39:39.321868,1,661,0.058249203587551215,2.0291964471435264e-16,0.0582492035875507,0.05824920358755148,23.299681435020485,400
2026-02-10T19:39:39.364448,1,662,0.05902178680734105,2.1210781103223387e-16,0.059021786807340715,0.05902178680734127,23.60871472293642,400
2026-02-10T19:39:39.407410,1,663,0.059870282393878455,1.0007415106216802e-16,0.05987028239387826,0.05987028239387859,23.94811295755138,400
2026-02-10T19:39:39.452095,1,664,0.060834004847126054,1.5419340181557844e-16,0.06083400484712587,0.0608340048471262,24.33360193885042,400
2026-02-10T19:39:39.497073,1,665,0.06191444581408187,9.205483015737869e-17,0.06191444581408179,0.06191444581408201,24.76577832563275,400
2026-02-10T19:39:39.542661,1,666,0.0630622392221656,1.9319555461299993e-16,0.06306223922216525,0.0630622392221658,25.22489568886624,400
2026-02-10T19:39:39.588967,1,667,0.06426072368432562,6.568167990716596e-17,0.06426072368432545,0.06426072368432567,25.70428947373025,400
2026-02-10T19:39:39.636521,1,668,0.06550931409514343,8.95090418262362e-17,0.06550931409514327,0.06550931409514349,26.20372563805737,400
2026-02-10T19:39:39.684971,1,669,0.06675667916234901,8.95090418262362e-17,0.06675667916234895,0.06675667916234918,26.7026716649396,400
2026-02-10T19:39:39.735585,1,670,0.06793493566403246,8.886119947416683e-17,0.06793493566403241,0.06793493566403264,27.173974265612983,400
2026-02-10T19:39:39.784774,1,671,0.06902604867544819,1.7955519282115549e-16,0.06902604867544793,0.06902604867544848,27.610419470179274,400
2026-02-10T19:39:39.832132,1,672,0.07006258378855353,1.2794688166302258e-16,0.07006258378855335,0.07006258378855379,28.025033515421413,400
2026-02-10T19:39:39.877542,1,673,0.07106637494808832,1.7728839976828627e-16,0.07106637494808798,0.07106637494808865,28.42654997923533,400
2026-02-10T19:39:39.925497,1,674,0.07198543038660038,1.9704503972149788e-16,0.0719854303866001,0.07198543038660077,28.79417215464015,400
2026-02-10T19:39:39.978175,1,675,0.07272358376144575,2.0733247781937855e-16,0.07272358376144528,0.07272358376144594,29.0894335045783,400
2026-02-10T19:39:40.032712,1,676,0.073218115147611,1.0103182026100663e-16,0.07321811514761078,0.07321811514761123,29.287246059044396,400
2026-02-10T19:39:40.087042,1,677,0.07343255251465627,1.0749688212373146e-16,0.07343255251465608,0.07343255251465641,29.373021005862512,400
2026-02-10T19:39:40.143067,1,678,0.07333876944833173,1.5503420817984882e-16,0.0733387694483314,0.07333876944833195,29.33550777933269,400
2026-02-10T19:39:40.200075,1,679,0.07297778017718015,6.568167990716596e-17,0.07297778017718004,0.07297778017718026,29.19111207087206,400
2026-02-10T19:39:40.257203,1,680,0.07243457419949198,1.1970346188077034e-16,0.07243457419949162,0.07243457419949229,28.97382967979679,400
2026-02-10T19:39:40.312393,1,681,0.07172639304450074,8.233634315563857e-17,0.07172639304450068,0.07172639304450101,28.690557217800293,400
2026-02-10T19:39:40.368218,1,682,0.07080222309837125,1.890641683868921e-16,0.07080222309837103,0.07080222309837159,28.3208892393485,400
2026-02-10T19:39:40.422487,1,683,0.06961448103604641,1.3836091806290215e-16,0.06961448103604617,0.0696144810360465,27.84579241441856,400
2026-02-10T19:39:40.474420,1,684,0.06813744559786311,2.0014830212433605e-16,0.06813744559786283,0.0681374455978635,27.25497823914524,400
2026-02-10T19:39:40.526801,1,685,0.06636365183673344,2.085365630873008e-16,0.06636365183673287,0.06636365183673365,26.54546073469338,400
2026-02-10T19:39:40.581085,1,686,0.06431501651731,1.4843395354092667e-16,0.06431501651730964,0.0643150165173102,25.726006606924003,400
2026-02-10T19:39:40.636140,1,687,0.06204696673867339,1.4438902883526792e-16,0.06204696673867327,0.0620469667386736,24.818786695469356,400
2026-02-10T19:39:40.692399,1,688,0.059656614902790964,1.5664082319591336e-16,0.059656614902790506,0.05965661490279106,23.862645961116385,400
2026-02-10T19:39:40.748526,1,689,0.05726200816739091,1.0821115497893178e-16,0.05726200816739069,0.05726200816739113,22.904803266956364,400
2026-02-10T19:39:40.805169,1,690,0.054938598218269165,1.3271258169978186e-16,0.054938598218268964,0.05493859821826941,21.975439287307665,400
2026-02-10T19:39:40.861869,1,691,0.05269576785564427,7.264329320467944e-17,0.052695767855644116,0.05269576785564434,21.078307142257707,400
2026-02-10T19:39:40.918439,1,692,0.050517822037648694,1.585958545287275e-16,0.05051782203764843,0.050517822037648874,20.207128815059477,400
2026-02-10T19:39:40.972969,1,693,0.048421468270084256,1.0235750533041807e-16,0.04842146827008409,0.04842146827008442,19.368587308033703,400
2026-02-10T19:39:41.026578,1,694,0.046457351074859786,1.0107946554555127e-16,0.0464573510748596,0.04645735107485993,18.582940429943914,400
2026-02-10T19:39:41.078057,1,695,0.04466027691811512,1.0878804855433139e-16,0.044660276918114916,0.04466027691811536,17.864110767246046,400
2026-02-10T19:39:41.131940,1,696,0.04302954336367776,9.614813431917819e-17,0.04302954336367748,0.043029543363677925,17.211817345471104,400
2026-02-10T19:39:41.186573,1,697,0.04155496091380281,1.8115696578480912e-16,0.04155496091380262,0.041554960913803174,16.621984365521126,400
2026-02-10T19:39:41.242850,1,698,0.040234955150111024,6.449812927423887e-17,0.040234955150110885,0.04023495515011111,16.09398206004441,400
2026-02-10T19:39:41.299117,1,699,0.03904269403364515,8.309307342148467e-17,0.03904269403364491,0.03904269403364535,15.617077613458061,400
2026-02-10T19:39:41.355378,1,700,0.037933867667934405,8.804469334467935e-17,0.03793386766793427,0.037933867667934495,15.173547067173761,400
2026-02-10T19:39:41.411994,1,701,0.03690551936753634,1.3358046614212626e-16,0.036905519367536166,0.0369055193675365,14.762207747014536,400
2026-02-10T19:39:41.468400,1,702,0.03595472906248085,8.074201422896752e-17,0.03595472906248065,0.03595472906248098,14.381891624992342,400
2026-02-10T19:39:41.523898,1,703,0.03501865868880451,1.6803015498629072e-16,0.03501865868880416,0.035018658688804716,14.007463475521803,400
2026-02-10T19:39:41.577766,1,704,0.03405450536503509,1.3867375560900681e-16,0.03405450536503485,0.03405450536503529,13.621802146014037,400
2026-02-10T19:39:41.630454,1,705,0.033083170605998254,2.031330821370476e-16,0.03308317060599808,0.033083170605998524,13.233268242399301,400
2026-02-10T19:39:41.682205,1,706,0.03209913526700623,4.443059973708341e-17,0.03209913526700614,0.03209913526700625,12.839654106802492,400
2026-02-10T19:39:41.736804,1,707,0.031043277882234762,1.1894689089654565e-16,0.0310432778822346,0.031043277882234932,12.417311152893905,400
2026-02-10T19:39:41.792997,1,708,0.02987705705159463,8.50969834418119e-17,0.02987705705159449,0.029877057051594713,11.950822820637852,400
2026-02-10T19:39:41.850277,1,709,0.02862503807793202,1.3867375560900681e-16,0.02862503807793193,0.028625038077932263,11.450015231172808,400
2026-02-10T19:39:41.907476,1,710,0.02733527182217554,8.936099278720877e-17,0.027335271822175433,0.027335271822175655,10.934108728870216,400
2026-02-10T19:39:41.964844,1,711,0.026038673094923102,9.992970910418893e-17,0.026038673094923026,0.02603867309492347,10.41546923796924,400
2026-02-10T19:39:42.021199,1,712,0.024747120276921795,9.992970910418893e-17,0.024747120276921497,0.02474712027692194,9.898848110768718,400
2026-02-10T19:39:42.075754,1,713,0.0234689300467691,9.871780750502623e-17,0.023468930046768977,0.0234689300467692,9.38757201870764,400
2026-02-10T19:39:42.130700,1,714,0.022223706257788002,1.5935302418449957e-16,0.0222237062577878,0.022223706257788356,8.8894825031152,400
2026-02-10T19:39:42.185131,1,715,0.021044367889431755,8.936099278720877e-17,0.021044367889431537,0.02104436788943198,8.417747155772702,400
2026-02-10T19:39:42.236291,1,716,0.01996044977281213,1.0764235238938115e-16,0.019960449772811972,0.019960449772812416,7.984179909124851,400
2026-02-10T19:39:42.291147,1,717,0.018988158213811945,1.6467268631127714e-16,0.018988158213811723,0.01898815821381228,7.595263285524778,400
2026-02-10T19:39:42.347367,1,718,0.01813838000372675,1.1905815549843722e-16,0.018138380003726584,0.018138380003727028,7.2553520014907,400
2026-02-10T19:39:42.404169,1,719,0.017423775212482184,1.399955163445266e-16,0.01742377521248195,0.017423775212482284,6.969510084992874,400
2026-02-10T19:39:42.460255,1,720,0.01684300924754508,1.364335476065276e-16,0.016843009247544893,0.016843009247545337,6.737203699018033,400
2026-02-10T19:39:42.516928,1,721,0.016374784129494623,8.15873481018251e-17,0.016374784129494557,0.01637478412949489,6.54991365179785,400
2026-02-10T19:39:42.573527,1,722,0.01600321941987935,1.2791865497260378e-16,0.016003219419879144,0.016003219419879477,6.4012877679517395,400
2026-02-10T19:39:42.628831,1,723,0.01572609295624285,1.6193808571569166e-16,0.01572609295624261,0.015726092956243165,6.29043718249714,400
2026-02-10T19:39:42.683476,1,724,0.01554624805708054,1.7369425027566702e-16,0.01554624805708027,0.015546248057080825,6.218499222832216,400
2026-02-10T19:39:42.735999,1,725,0.015461121331724375,1.7297898455733343e-16,0.015461121331723948,0.015461121331724503,6.18444853268975,400
2026-02-10T19:39:42.786525,1,726,0.015445113042431674,1.7720181202208688e-16,0.015445113042431347,0.015445113042431902,6.17804521697267,400
2026-02-10T19:39:42.840043,1,727,0.015465527209250833,8.064132208641563e-17,0.015465527209250762,0.015465527209251095,6.186210883700333,400
2026-02-10T19:39:42.894527,1,728,0.015510844473387363,1.6800866271542496e-16,0.015510844473387242,0.015510844473387686,6.204337789354946,400
2026-02-10T19:39:42.950155,1,729,0.015583113027858597,8.15873481018251e-17,0.015583113027858309,0.015583113027858642,6.233245211143439,400
2026-02-10T19:39:43.004893,1,730,0.01568248202680609,1.0296720033025922e-16,0.01568248202680589,0.01568248202680622,6.272992810722435,400
2026-02-10T19:39:43.059251,1,731,0.015812754298647903,1.554374187650383e-16,0.01581275429864748,0.015812754298648035,6.325101719459161,400
2026-02-10T19:39:43.113732,1,732,0.015987542144076564,1.6572193882211848e-16,0.01598754214407616,0.015987542144076827,6.395016857630626,400
2026-02-10T19:39:43.168451,1,733,0.016220438886971573,1.8668719762243345e-16,0.01622043888697089,0.016220438886971777,6.488175554788629,400
2026-02-10T19:39:43.222385,1,734,0.01650397142306349,1.4433066119497422e-16,0.016503971423063035,0.01650397142306359,6.601588569225396,400
2026-02-10T19:39:43.275378,1,735,0.01682103580423564,5.662749647834299e-17,0.01682103580423544,0.016821035804235662,6.728414321694256,400
2026-02-10T19:39:43.326572,1,736,0.01720146280499743,8.50969834418119e-17,0.017201462804997125,0.01720146280499746,6.880585121998973,400
2026-02-10T19:39:43.380067,1,737,0.017681783048162536,9.614813431917819e-17,0.01768178304816237,0.01768178304816259,7.072713219265014,400
2026-02-10T19:39:43.434372,1,738,0.018228155390707566,8.309307342148467e-17,0.018228155390707435,0.018228155390707768,7.291262156283027,400
2026-02-10T19:39:43.489248,1,739,0.018800057616934724,8.063759033315297e-17,0.018800057616934596,0.018800057616934818,7.52002304677389,400
2026-02-10T19:39:43.543711,1,740,0.019395151239962393,1.3089520337947814e-16,0.01939515123996216,0.019395151239962605,7.7580604959849575,400
2026-02-10T19:39:43.597646,1,741,0.01997523943014249,9.992970910418893e-17,0.019975239430142344,0.019975239430142788,7.990095772056995,400
2026-02-10T19:39:43.652951,1,742,0.02049445865378736,1.870993964492363e-16,0.020494458653787073,0.02049445865378763,8.197783461514945,400
2026-02-10T19:39:43.707999,1,743,0.02096999178459762,1.870993964492363e-16,0.020969991784597464,0.020969991784597908,8.387996713839048,400
2026-02-10T19:39:43.762118,1,744,0.021421769530795488,1.7342376853833262e-16,0.02142176953079533,0.021421769530795776,8.568707812318195,400
2026-02-10T19:39:43.815950,1,745,0.021842617170520495,1.530336829712622e-16,0.021842617170520273,0.021842617170520717,8.737046868208198,400
2026-02-10T19:39:43.867407,1,746,0.022229758054304743,1.2098374922832816e-16,0.022229758054304494,0.022229758054304938,8.891903221721897,400
2026-02-10T19:39:43.918992,1,747,0.022591257517869643,7.111943135632468e-17,0.0225912575178695,0.022591257517869723,9.036503007147857,400
2026-02-10T19:39:43.972328,1,748,0.022956590235961277,4.8074067159589095e-17,0.022956590235961194,0.022956590235961305,9.182636094384511,400
2026-02-10T19:39:44.027919,1,749,0.023344663847776923,1.6044457335530515e-16,0.02334466384777678,0.023344663847777114,9.33786553911077,400
2026-02-10T19:39:44.083487,1,750,0.023715848184158884,6.474028916735484e-17,0.023715848184158728,0.02371584818415895,9.486339273663553,400
2026-02-10T19:39:44.138223,1,751,0.024002992891578433,1.870993964492363e-16,0.024002992891578145,0.02400299289157859,9.601197156631374,400
2026-02-10T19:39:44.191076,1,752,0.024176137089564897,2.432376777795247e-16,0.024176137089564342,0.02417613708956523,9.670454835825959,400
2026-02-10T19:39:44.243844,1,753,0.024231151675052506,1.8875832159447664e-16,0.024231151675051965,0.024231151675052742,9.692460670021003,400
2026-02-10T19:39:44.296836,1,754,0.02416342877120335,2.2555674872062534e-16,0.02416342877120281,0.024163428771203588,9.66537150848134,400
2026-02-10T19:39:44.352389,1,755,0.02402040558965953,1.893949450598201e-16,0.024020405589659233,0.024020405589659677,9.608162235863812,400
2026-02-10T19:39:44.405171,1,756,0.02388939646251886,1.467785196832347e-16,0.023889396462518753,0.023889396462519086,9.555758585007544,400
2026-02-10T19:39:44.456809,1,757,0.02378447940342498,8.936099278720877e-17,0.023784479403424874,0.023784479403425096,9.513791761369992,400
2026-02-10T19:39:44.515311,1,758,0.023669853639842933,1.6939998869943826e-16,0.023669853639842642,0.023669853639843086,9.467941455937174,400
2026-02-10T19:39:44.572054,1,759,0.023517466561444666,2.2860996577878694e-16,0.023517466561444267,0.023517466561444933,9.406986624577867,400
2026-02-10T19:39:44.626671,1,760,0.023295956091886425,1.6875213077231281e-16,0.02329595609188606,0.023295956091886616,9.31838243675457,400
2026-02-10T19:39:44.682480,1,761,0.023045299284741732,1.6193808571569166e-16,0.023045299284741305,0.023045299284742082,9.218119713896693,400
2026-02-10T19:39:44.738717,1,762,0.02283237292395022,1.5142059301141983e-16,0.022832372923950017,0.02283237292395046,9.132949169580087,400
2026-02-10T19:39:44.794590,1,763,0.022627870462980083,1.3552176737396387e-16,0.02262787046297965,0.022627870462980204,9.051148185192034,400
2026-02-10T19:39:44.849932,1,764,0.0223404687737113,1.0878804855433139e-16,0.022340468773710986,0.02234046877371143,8.936187509484519,400
2026-02-10T19:39:44.901686,1,765,0.02194594774578949,1.2791865497260378e-16,0.021945947745789174,0.02194594774578973,8.778379098315796,400
2026-02-10T19:39:44.951915,1,766,0.02149440347724851,5.527211208452462e-17,0.02149440347724829,0.021494403477248625,8.597761390899404,400
2026-02-10T19:39:45.011045,1,767,0.02108325530097667,1.6572193882211848e-16,0.021083255300976544,0.02108325530097699,8.433302120390668,400
2026-02-10T19:39:45.063412,1,768,0.02085771085547374,1.9634127240430375e-16,0.020857710855473277,0.020857710855474054,8.343084342189496,400
2026-02-10T19:39:45.115364,1,769,0.020894360940337812,1.2401999039817155e-16,0.020894360940337697,0.02089436094033814,8.357744376135125,400
2026-02-10T19:39:45.170268,1,770,0.021144125853904416,1.2363115109527695e-16,0.02114412585390424,0.021144125853904794,8.457650341561767,400
2026-02-10T19:39:45.224746,1,771,0.02155080093470272,2.264462072310114e-16,0.021550800934702408,0.021550800934702963,8.620320373881087,400
2026-02-10T19:39:45.279147,1,772,0.022160355491841956,2.7666963266623733e-16,0.0221603554918417,0.022160355491842587,8.864142196736783,400
2026-02-10T19:39:45.333167,1,773,0.023068854435087164,7.455679246043019e-17,0.023068854435086994,0.023068854435087327,9.227541774034865,400
2026-02-10T19:39:45.386904,1,774,0.024286631187403578,1.3264907634208345e-16,0.024286631187403374,0.024286631187403818,9.714652474961431,400
2026-02-10T19:39:45.439726,1,775,0.025758020688020144,2.0318640646059688e-16,0.025758020688019467,0.025758020688020355,10.303208275208057,400
2026-02-10T19:39:45.490629,1,776,0.027483683071014075,1.285194797902288e-16,0.027483683071013676,0.02748368307101423,10.99347322840563,400
2026-02-10T19:39:45.540298,1,777,0.029528922500102816,1.1854141199064306e-16,0.029528922500102528,0.029528922500102972,11.811569000041127,400
2026-02-10T19:39:45.593904,1,778,0.03191249782581828,1.0482094415110551e-16,0.031912497825817954,0.0319124978258184,12.764999130327311,400
2026-02-10T19:39:45.647101,1,779,0.03455775664312719,1.341559366196618e-16,0.03455775664312699,0.034557756643127546,13.823102657250876,400
2026-02-10T19:39:45.701080,1,780,0.03737140823623543,1.9831159689838452e-16,0.03737140823623508,0.03737140823623575,14.948563294494171,400
2026-02-10T19:39:45.755837,1,781,0.04031391290426244,1.3095955923401825e-16,0.04031391290426223,0.04031391290426267,16.125565161704976,400
2026-02-10T19:39:45.811099,1,782,0.04334358924410203,5.551115123125783e-17,0.04334358924410198,0.04334358924410209,17.337435697640814,400
2026-02-10T19:39:45.865446,1,783,0.04637473746001367,1.4169622320385585e-16,0.046374737460013415,0.04637473746001386,18.54989498400547,400
2026-02-10T19:39:45.919093,1,784,0.04928091994198519,7.447602459741819e-17,0.049280919941985024,0.049280919941985246,19.712367976794077,400
2026-02-10T19:39:45.972333,1,785,0.05189636821309861,9.231597913640692e-17,0.05189636821309851,0.05189636821309873,20.758547285239445,400
2026-02-10T19:39:46.024587,1,786,0.054099095831520325,1.1325499295668598e-16,0.05409909583152017,0.054099095831520505,21.63963833260813,400
2026-02-10T19:39:46.074552,1,787,0.05584108075632316,1.0821115497893178e-16,0.05584108075632299,0.055841080756323325,22.336432302529264,400
2026-02-10T19:39:46.128537,1,788,0.05711798473198744,9.473559806558736e-17,0.05711798473198726,0.05711798473198759,22.847193892794976,400
2026-02-10T19:39:46.184679,1,789,0.05795206554463921,9.599778530722948e-17,0.05795206554463905,0.057952065544639275,23.180826217855685,400
2026-02-10T19:39:46.239871,1,790,0.05835577080199009,1.319485001705613e-16,0.05835577080198995,0.05835577080199039,23.342308320796036,400
2026-02-10T19:39:46.294923,1,791,0.05829182647515671,1.8536070297630047e-16,0.058291826475156294,0.05829182647515696,23.316730590062683,400
2026-02-10T19:39:46.350084,1,792,0.057648389190918775,1.442222014787673e-16,0.057648389190918525,0.05764838919091897,23.05935567636751,400
2026-02-10T19:39:46.405239,1,793,0.05630339808032585,6.359601310784502e-17,0.056303398080325695,0.05630339808032592,22.52135923213034,400
2026-02-10T19:39:46.459601,1,794,0.054226464870617254,1.0591761858187545e-16,0.05422646487061711,0.05422646487061733,21.690585948246902,400
2026-02-10T19:39:46.513861,1,795,0.0514813184069806,1.3780300886286244e-16,0.05148131840698045,0.05148131840698078,20.59252736279224,400
2026-02-10T19:39:46.564652,1,796,0.04814952937439036,1.1857187100668868e-16,0.04814952937438999,0.04814952937439054,19.259811749756146,400
2026-02-10T19:39:46.613740,1,797,0.04427145550088655,1.3358046614212626e-16,0.04427145550088629,0.044271455500886625,17.70858220035462,400
2026-02-10T19:39:46.663263,1,798,0.03984659002178621,1.585958545287275e-16,0.03984659002178603,0.03984659002178648,15.938636008714484,400
2026-02-10T19:39:46.714837,1,799,0.03495582726970368,1.459808714683015e-16,0.03495582726970348,0.03495582726970392,13.982330907881472,400
2026-02-10T19:39:46.769122,1,800,0.029825078666767882,9.473559806558736e-17,0.029825078666767535,0.02982507866676798,11.930031466707153,400
2026-02-10T19:39:46.824268,1,801,0.02470327609240039,1.8865626247828648e-16,0.024703276092400084,0.02470327609240075,9.881310436960156,400
2026-02-10T19:39:46.879672,1,802,0.019743664696035522,1.0296720033025922e-16,0.019743664696035168,0.019743664696035612,7.897465878414209,400
2026-02-10T19:39:46.935971,1,803,0.014938248897698663,7.259356590173521e-17,0.01493824889769857,0.014938248897698903,5.975299559079465,400
2026-02-10T19:39:46.990534,1,804,0.010227789809186523,1.2300889796555304e-16,0.010227789809186372,0.010227789809186816,4.091115923674609,400
2026-02-10T19:39:47.045224,1,805,0.0056764606474575706,1.734224671263976e-16,0.005676460647457082,0.005676460647457748,2.2705842589830283,400
2026-02-10T19:39:47.097631,1,806,0.0014077741639586193,1.7936203978046255e-16,0.0014077741639583197,0.0014077741639587638,0.5631096655834478,400
2026-02-10T19:39:47.148423,1,807,-0.002531928841408049,1.554312476484614e-16,-0.002531928841408293,-0.002531928841407849,-1.0127715365632195,400
2026-02-10T19:39:47.197722,1,808,-0.006200920717616587,4.8393810606628816e-17,-0.006200920717616798,-0.006200920717616576,-2.480368287046635,400
2026-02-10T19:39:47.249519,1,809,-0.009685221523828414,1.0590909482538687e-16,-0.009685221523828558,-0.009685221523828336,-3.8740886095313654,400
2026-02-10T19:39:47.303607,1,810,-0.012991549586719265,2.3915036506559934e-16,-0.012991549586719664,-0.012991549586718776,-5.196619834687706,400
2026-02-10T19:39:47.357740,1,811,-0.016051873318023525,7.929792726436375e-17,-0.016051873318023713,-0.01605187331802349,-6.42074932720941,400
2026-02-10T19:39:47.411700,1,812,-0.018837246779382855,2.2315314500262475e-16,-0.018837246779383365,-0.018837246779382477,-7.534898711753142,400
2026-02-10T19:39:47.466867,1,813,-0.021430123009215117,9.679694819282219e-17,-0.02143012300921532,-0.021430123009214874,-8.572049203686047,400
2026-02-10T19:39:47.520904,1,814,-0.023914257953363438,1.1102230246251565e-16,-0.02391425795336355,-0.023914257953363327,-9.565703181345375,400
2026-02-10T19:39:47.574496,1,815,-0.026257927152961748,1.6127518066630595e-16,-0.026257927152961935,-0.02625792715296149,-10.5031708611847,400
2026-02-10T19:39:47.627594,1,816,-0.028406640075476542,8.528067162313099e-17,-0.028406640075476774,-0.02840664007547633,-11.362656030190617,400
2026-02-10T19:39:47.679113,1,817,-0.030444438019201457,7.929792726436375e-17,-0.030444438019201492,-0.03044443801920127,-12.177775207680583,400
2026-02-10T19:39:47.728718,1,818,-0.032519951597447826,1.2948057833470968e-16,-0.03251995159744814,-0.032519951597447694,-13.00798063897913,400
2026-02-10T19:39:47.779743,1,819,-0.034712324691226135,2.118352371637509e-16,-0.034712324691226426,-0.03471232469122598,-13.884929876490455,400
2026-02-10T19:39:47.833449,1,820,-0.03702835208989578,1.4518713180347043e-16,-0.037028352089895966,-0.03702835208989552,-14.811340835958312,400
2026-02-10T19:39:47.887571,1,821,-0.03936995826449981,1.4220500840710912e-16,-0.03936995826450018,-0.03936995826449974,-15.747983305799922,400
2026-02-10T19:39:47.941804,1,822,-0.04160148128478009,1.734723475976807e-16,-0.04160148128478025,-0.04160148128477981,-16.640592513912036,400
2026-02-10T19:39:47.996518,1,823,-0.043727962625231175,1.554374187650383e-16,-0.043727962625231376,-0.04372796262523071,-17.49118505009247,400
2026-02-10T19:39:48.050404,1,824,-0.04589021472170208,1.9242142079520307e-16,-0.04589021472170218,-0.04589021472170174,-18.35608588868083,400
2026-02-10T19:39:48.103901,1,825,-0.048195474744053064,1.920206467682411e-16,-0.04819547474405339,-0.048195474744052946,-19.278189897621225,400
2026-02-10T19:39:48.156480,1,826,-0.05059164559359833,1.0605390551611694e-16,-0.05059164559359841,-0.05059164559359819,-20.236658237439332,400
2026-02-10T19:39:48.207459,1,827,-0.052955053877007524,1.6136471996107273e-16,-0.05295505387700783,-0.052955053877007385,-21.18202155080301,400
2026-02-10T19:39:48.258105,1,828,-0.05527500398926784,2.636779683484747e-16,-0.05527500398926821,-0.055275003989267546,-22.110001595707136,400
2026-02-10T19:39:48.309628,1,829,-0.057661011165700604,1.382216518795857e-16,-0.05766101116570077,-0.05766101116570033,-23.06440446628024,400
2026-02-10T19:39:48.364279,1,830,-0.06022253249063516,1.554374187650383e-16,-0.06022253249063558,-0.06022253249063492,-24.089012996254063,400
2026-02-10T19:39:48.420615,1,831,-0.06298508886665873,1.4541908674370036e-16,-0.06298508886665899,-0.06298508886665855,-25.194035546663493,400
2026-02-10T19:39:48.476568,1,832,-0.06587708208045592,1.5553031891404222e-16,-0.06587708208045617,-0.0658770820804555,-26.35083283218237,400
2026-02-10T19:39:48.530670,1,833,-0.06883195853335179,1.6338111588922107e-16,-0.06883195853335211,-0.06883195853335144,-27.532783413340717,400
2026-02-10T19:39:48.583766,1,834,-0.07186733160728595,1.0605390551611694e-16,-0.0718673316072862,-0.07186733160728576,-28.74693264291438,400
2026-02-10T19:39:48.637239,1,835,-0.07501226803479878,1.1050065994108395e-16,-0.07501226803479888,-0.07501226803479866,-30.004907213919513,400
2026-02-10T19:39:48.690287,1,836,-0.0782319815982708,1.452865864093589e-16,-0.07823198159827105,-0.0782319815982706,-31.29279263930832,400
2026-02-10T19:39:48.740519,1,837,-0.0814312224378206,1.6618614684296934e-16,-0.08143122243782086,-0.08143122243782042,-32.57248897512824,400
2026-02-10T19:39:48.792068,1,838,-0.08444663065900723,1.452865864093589e-16,-0.08444663065900748,-0.08444663065900704,-33.77865226360289,400
2026-02-10T19:39:48.844537,1,839,-0.08710511371472443,1.0605390551611694e-16,-0.08710511371472451,-0.08710511371472429,-34.84204548588977,400
2026-02-10T19:39:48.897710,1,840,-0.08934861048934474,1.1050065994108395e-16,-0.08934861048934484,-0.08934861048934462,-35.739444195737896,400
2026-02-10T19:39:48.952316,1,841,-0.09122261275421102,1.3325567187647328e-16,-0.09122261275421129,-0.09122261275421084,-36.48904510168441,400
2026-02-10T19:39:49.007697,1,842,-0.09272039534613104,1.707588339091795e-16,-0.09272039534613152,-0.09272039534613086,-37.088158138452414,400
2026-02-10T19:39:49.062506,1,843,-0.09370181221176513,1.7944789959805766e-16,-0.09370181221176543,-0.09370181221176499,-37.48072488470605,400
2026-02-10T19:39:49.116032,1,844,-0.09401893084807673,1.8041124150158794e-16,-0.094018930848077,-0.09401893084807633,-37.60757233923069,400
2026-02-10T19:39:49.168762,1,845,-0.09364891962705435,1.9229626863835638e-16,-0.09364891962705468,-0.09364891962705424,-37.45956785082174,400
2026-02-10T19:39:49.219540,1,846,-0.09266235415330801,1.5553031891404222e-16,-0.09266235415330826,-0.09266235415330759,-37.0649416613232,400
2026-02-10T19:39:49.270511,1,847,-0.09111021701736444,1.3136335981433191e-16,-0.09111021701736477,-0.09111021701736433,-36.444086806945776,400
2026-02-10T19:39:49.323186,1,848,-0.08898772396784586,1.0623534945633305e-16,-0.08898772396784627,-0.08898772396784582,-35.59508958713835,400
2026-02-10T19:39:49.375599,1,849,-0.08630556503451016,1.9199557061445897e-16,-0.08630556503451059,-0.0863055650345097,-34.522226013804065,400
2026-02-10T19:39:49.429853,1,850,-0.08315469403498678,2.4802056854972393e-16,-0.08315469403498721,-0.08315469403498632,-33.26187761399471,400
2026-02-10T19:39:49.484873,1,851,-0.07965970409518851,2.044325800678625e-16,-0.07965970409518919,-0.07965970409518808,-31.863881638075405,400
2026-02-10T19:39:49.540344,1,852,-0.07581234797800737,2.5709514910120325e-16,-0.07581234797800818,-0.07581234797800684,-30.32493919120295,400
2026-02-10T19:39:49.594953,1,853,-0.07148297176161272,2.7976739077293704e-16,-0.07148297176161345,-0.07148297176161211,-28.593188704645087,400
2026-02-10T19:39:49.648613,1,854,-0.06663557204551221,2.251454555088156e-16,-0.06663557204551274,-0.06663557204551163,-26.654228818204885,400
2026-02-10T19:39:49.701581,1,855,-0.061385131320698214,1.3092278833360675e-16,-0.06138513132069834,-0.061385131320697894,-24.554052528279286,400
2026-02-10T19:39:49.751027,1,856,-0.0558412952477481,1.8041124150158794e-16,-0.05584129524774872,-0.055841295247747835,-22.33651809909924,400
2026-02-10T19:39:49.801677,1,857,-0.05002969392970273,1.3325567187647328e-16,-0.05002969392970291,-0.05002969392970247,-20.011877571881094,400
2026-02-10T19:39:49.853019,1,858,-0.04398047864557813,1.1926018882803992e-16,-0.043980478645578414,-0.04398047864557797,-17.59219145823125,400
2026-02-10T19:39:49.908533,1,859,-0.03778932796117569,1.8711869598989822e-16,-0.03778932796117629,-0.0377893279611754,-15.115731184470276,400
2026-02-10T19:39:49.965562,1,860,-0.031600874325255913,3.011991534356641e-16,-0.03160087432525649,-0.0316008743252556,-12.640349730102365,400
2026-02-10T19:39:50.023662,1,861,-0.02557054073950936,2.272739340717841e-16,-0.025570540739509928,-0.025570540739508818,-10.228216295803744,400
2026-02-10T19:39:50.082264,1,862,-0.019775272243974885,2.264462072310114e-16,-0.01977527224397524,-0.01977527224397435,-7.910108897589954,400
2026-02-10T19:39:50.139516,1,863,-0.014238470643969946,1.5059957671783206e-16,-0.014238470643970436,-0.01423847064396977,-5.695388257587979,400
2026-02-10T19:39:50.195794,1,864,-0.00906423489171294,1.4853933797276152e-16,-0.009064234891713152,-0.009064234891712708,-3.6256939566851765,400
2026-02-10T19:39:50.251204,1,865,-0.004411038050424698,1.5503420817984882e-16,-0.004411038050424976,-0.004411038050424532,-1.7644152201698793,400
2026-02-10T19:39:50.304801,1,866,-0.0003482210243737183,1.642980043034027e-16,-0.0003482210243739292,-0.0003482210243734851,-0.1392884097494873,400
2026-02-10T19:39:50.359337,1,867,0.00319146457939512,1.0532500405730103e-16,0.003191464579395009,0.0031914645793954532,1.276585831758048,400
2026-02-10T19:39:50.414249,1,868,0.006299889286613858,1.5263053003892566e-16,0.006299889286613736,0.006299889286614291,2.519955714645543,400
2026-02-10T19:39:50.471715,1,869,0.008980755462275896,1.4676416752275867e-16,0.008980755462275614,0.008980755462276058,3.5923021849103587,400
2026-02-10T19:39:50.529684,1,870,0.011203673561507293,1.5413874683689055e-16,0.011203673561507088,0.011203673561507643,4.481469424602917,400
2026-02-10T19:39:50.588513,1,871,0.012967170140650264,7.928654179053002e-17,0.012967170140649964,0.012967170140650297,5.1868680562601055,400
2026-02-10T19:39:50.647247,1,872,0.014336276040335905,6.181557554763848e-17,0.014336276040335827,0.014336276040336049,5.734510416134362,400
2026-02-10T19:39:50.705811,1,873,0.015411452544774313,1.5414069913411792e-16,0.01541145254477394,0.015411452544774829,6.164581017909725,400
2026-02-10T19:39:50.763055,1,874,0.01618500382420478,1.6616441606198816e-16,0.016185003824204403,0.016185003824204958,6.474001529681912,400
2026-02-10T19:39:50.819947,1,875,0.016604347384984067,2.3414526106546156e-16,0.01660434738498362,0.016604347384984397,6.641738953993627,400
2026-02-10T19:39:50.875516,1,876,0.016724780931575103,1.4594788516769548e-16,0.01672478093157459,0.016724780931575256,6.689912372630042,400
2026-02-10T19:39:50.930268,1,877,0.01665468042737154,1.758978810463075e-16,0.01665468042737117,0.016654680427371726,6.661872170948615,400
2026-02-10T19:39:50.983968,1,878,0.016443658748691466,1.664539265455786e-16,0.016443658748691248,0.016443658748691803,6.577463499476586,400
2026-02-10T19:39:51.041102,1,879,0.016086564735150403,7.428182342046694e-17,0.016086564735150244,0.016086564735150466,6.4346258940601615,400
2026-02-10T19:39:51.098944,1,880,0.015503326499821739,1.4163887049934834e-16,0.015503326499821557,0.01550332649982189,6.201330599928696,400
2026-02-10T19:39:51.156875,1,881,0.014575054577990599,1.246227083727528e-16,0.014575054577990243,0.014575054577990798,5.830021831196239,400
2026-02-10T19:39:51.215431,1,882,0.01332151341285313,1.459231405488224e-16,0.013321513412852815,0.01332151341285337,5.328605365141252,400
2026-02-10T19:39:51.272615,1,883,0.011918049678409893,9.992067454898889e-17,0.011918049678409592,0.011918049678410148,4.767219871363957,400
2026-02-10T19:39:51.329707,1,884,0.01054506239749422,1.9735786674442188e-16,0.010545062397493754,0.010545062397494642,4.218024958997688,400
2026-02-10T19:39:51.387096,1,885,0.009281366315237755,1.3721651729589888e-16,0.00928136631523746,0.009281366315238238,3.712546526095102,400
2026-02-10T19:39:51.444179,1,886,0.008148530010967414,1.989131095431191e-16,0.008148530010967159,0.008148530010967714,3.2594120043869657,400
2026-02-10T19:39:51.499618,1,887,0.007149537453622734,1.510066572755813e-16,0.0071495374536223455,0.007149537453622901,2.8598149814490936,400
2026-02-10T19:39:51.554341,1,888,0.006335529991675004,2.277989832992922e-16,0.006335529991674638,0.006335529991675415,2.5342119966700016,400
2026-02-10T19:39:51.610052,1,889,0.005898575683023088,1.5661632694062013e-16,0.0058985756830226554,0.005898575683023544,2.3594302732092354,400
2026-02-10T19:39:51.667273,1,890,0.00603658486795815,1.332268758926972e-16,0.006036584867957884,0.006036584867958328,2.41463394718326,400
2026-02-10T19:39:51.724244,1,891,0.0067855463679006465,1.7650459731424366e-16,0.006785546367900186,0.006785546367900852,2.7142185471602587,400
2026-02-10T19:39:51.782210,1,892,0.008044747459641566,1.6837365821701478e-16,0.008044747459641233,0.008044747459641788,3.2178989838566263,400
2026-02-10T19:39:51.840877,1,893,0.009660000598630147,1.530336829712622e-16,0.009660000598629925,0.00966000059863037,3.864000239452059,400
2026-02-10T19:39:51.899033,1,894,0.011494373740105446,9.678762121325763e-17,0.011494373740105313,0.011494373740105535,4.597749496042178,400
2026-02-10T19:39:51.957650,1,895,0.01349120006568717,1.159127636394347e-16,0.013491200065686826,0.013491200065687381,5.396480026274868,400
2026-02-10T19:39:52.015863,1,896,0.015675866004008138,5.952907774921861e-17,0.015675866004007943,0.015675866004008165,6.2703464016032555,400
2026-02-10T19:39:52.073537,1,897,0.018050320453878544,1.159127636394347e-16,0.018050320453878332,0.018050320453878776,7.220128181551417,400
2026-02-10T19:39:52.128171,1,898,0.020511089837952055,2.0199810217988207e-16,0.02051108983795169,0.020511089837952357,8.204435935180822,400
2026-02-10T19:39:52.180823,1,899,0.022899335205742045,2.455084214890174e-16,0.022899335205741278,0.022899335205742277,9.159734082296819,400
2026-02-10T19:39:52.236692,1,900,0.025107650719238102,1.6270189637985956e-16,0.025107650719237484,0.025107650719238372,10.04306028769524,400
2026-02-10T19:39:52.293493,1,901,0.027138931223229665,1.1698777571738765e-16,0.027138931223229523,0.027138931223229856,10.855572489291866,400
2026-02-10T19:39:52.351195,1,902,0.02905243660416901,1.335894769327967e-16,0.029052436604168785,0.02905243660416923,11.620974641667605,400
2026-02-10T19:39:52.409624,1,903,0.03086100253603423,2.3657456368741984e-16,0.030861002536034077,0.030861002536034854,12.344401014413691,400
2026-02-10T19:39:52.468680,1,904,0.03251175769134664,1.994977250515961e-16,0.0325117576913464,0.032511757691347065,13.004703076538656,400
2026-02-10T19:39:52.528322,1,905,0.03399109193015972,1.5142059301141983e-16,0.03399109193015948,0.03399109193015992,13.596436772063889,400
2026-02-10T19:39:52.587006,1,906,0.03534076874071652,1.0221629003393125e-16,0.03534076874071623,0.03534076874071668,14.136307496286607,400
2026-02-10T19:39:52.646523,1,907,0.03653707771593605,1.9517913387444757e-16,0.036537077715935506,0.036537077715936284,14.61483108637442,400
2026-02-10T19:39:52.704128,1,908,0.03752142065460129,2.3551386880256624e-16,0.03752142065460107,0.037521420654601734,15.008568261840516,400
2026-02-10T19:39:52.758556,1,909,0.03831624614400294,9.992970910418893e-17,0.03831624614400286,0.038316246144003197,15.326498457601176,400
2026-02-10T19:39:52.811799,1,910,0.038974763943037186,1.4220500840710912e-16,0.038974763943037005,0.03897476394303745,15.589905577214875,400
2026-02-10T19:39:52.868136,1,911,0.039527445205902206,1.2098374922832816e-16,0.03952744520590201,0.03952744520590257,15.810978082360883,400
2026-02-10T19:39:52.925552,1,912,0.040033684604240546,8.886119947416683e-17,0.04003368460424028,0.04003368460424073,16.013473841696218,400
2026-02-10T19:39:52.983317,1,913,0.04060578425921899,1.341559366196618e-16,0.04060578425921868,0.040605784259219124,16.242313703687596,400
2026-02-10T19:39:53.041645,1,914,0.04132330755296113,1.7936738756247965e-16,0.04132330755296043,0.04132330755296143,16.529323021184453,400
2026-02-10T19:39:53.101018,1,915,0.04213865474340636,1.1577768529788096e-16,0.042138654743405946,0.0421386547434065,16.855461897362545,400
2026-02-10T19:39:53.158927,1,916,0.04297078283320005,1.6279065094399115e-16,0.04297078283319955,0.04297078283320033,17.18831313328002,400
2026-02-10T19:39:53.216499,1,917,0.04386749615502897,1.8200548080610225e-16,0.04386749615502861,0.04386749615502916,17.546998462011587,400
2026-02-10T19:39:53.272971,1,918,0.044969684587566804,9.679694819282219e-17,0.04496968458756656,0.044969684587566894,17.987873835026722,400
2026-02-10T19:39:53.328345,1,919,0.04636190625401592,1.3358046614212626e-16,0.046361906254015706,0.04636190625401604,18.544762501606368,400
2026-02-10T19:39:53.381724,1,920,0.04802435230437245,6.479604369685062e-17,0.04802435230437241,0.04802435230437263,19.20974092174898,400
2026-02-10T19:39:53.435621,1,921,0.04991588459293309,1.0591761858187545e-16,0.049915884592932835,0.04991588459293328,19.966353837173237,400
2026-02-10T19:39:53.492261,1,922,0.052037053399518474,1.510066572755813e-16,0.05203705339951803,0.052037053399518696,20.81482135980739,400
2026-02-10T19:39:53.549412,1,923,0.05440603661052876,1.431499025786612e-16,0.05440603661052823,0.054406036610528896,21.762414644211503,400
2026-02-10T19:39:53.607678,1,924,0.05704574332329898,2.342018036142089e-16,0.05704574332329859,0.05704574332329937,22.81829732931959,400
2026-02-10T19:39:53.665930,1,925,0.05998645750029045,1.6199010924212654e-16,0.05998645750029019,0.059986457500290746,23.99458300011618,400
2026-02-10T19:39:53.723944,1,926,0.06323633462133715,1.510066572755813e-16,0.06323633462133682,0.06323633462133726,25.29453384853486,400
2026-02-10T19:39:53.780943,1,927,0.06674769082946512,1.5416217277185247e-16,0.06674769082946497,0.06674769082946541,26.699076331786046,400
2026-02-10T19:39:53.838405,1,928,0.07041947141773361,1.319485001705613e-16,0.0704194714177333,0.07041947141773375,28.167788567093446,400
2026-02-10T19:39:53.895151,1,929,0.07415827251152733,1.9359389638564438e-16,0.07415827251152685,0.07415827251152762,29.66330900461093,400
2026-02-10T19:39:53.950547,1,930,0.07794050515722302,1.4647477455341519e-16,0.07794050515722262,0.07794050515722328,31.176202062889207,400
2026-02-10T19:39:54.003738,1,931,0.08177959788698068,1.9985941820837785e-16,0.08177959788698053,0.08177959788698108,32.71183915479227,400
2026-02-10T19:39:54.059178,1,932,0.0856332161247931,1.3877787807814457e-16,0.08563321612479291,0.08563321612479347,34.25328644991724,400
2026-02-10T19:39:54.116411,1,933,0.0894214930496552,8.068235998053637e-17,0.08942149304965508,0.0894214930496553,35.76859721986208,400
2026-02-10T19:39:54.174565,1,934,0.09314083678596072,1.8865626247828648e-16,0.09314083678596041,0.09314083678596097,37.25633471438429,400
2026-02-10T19:39:54.233343,1,935,0.0968580859693497,2.0621477437872915e-16,0.09685808596934942,0.09685808596934986,38.743234387739875,400
2026-02-10T19:39:54.292478,1,936,0.10060795657030702,1.137640067256873e-16,0.10060795657030686,0.1006079565703073,40.24318262812281,400
2026-02-10T19:39:54.351897,1,937,0.10438141381399778,5.003707553108401e-17,0.10438141381399768,0.10438141381399779,41.75256552559911,400
2026-02-10T19:39:54.410097,1,938,0.1081833853065573,1.1905815549843722e-16,0.10818338530655691,0.10818338530655736,43.27335412262292,400
2026-02-10T19:39:54.467730,1,939,0.11201880709551194,1.5810936303124594e-16,0.11201880709551171,0.11201880709551215,44.807522838204775,400
2026-02-10T19:39:54.524764,1,940,0.11585149612116062,1.747719912285191e-16,0.1158514961211603,0.11585149612116086,46.34059844846425,400
2026-02-10T19:39:54.579106,1,941,0.11962812403436797,5.155369359468229e-17,0.11962812403436784,0.11962812403436807,47.851249613747186,400
2026-02-10T19:39:54.634795,1,942,0.12334788370537765,2.0101246288040006e-16,0.12334788370537741,0.12334788370537797,49.33915348215106,400
2026-02-10T19:39:54.692972,1,943,0.127071510545084,1.4843395354092667e-16,0.12707151054508392,0.12707151054508448,50.828604218033604,400
2026-02-10T19:39:54.752792,1,944,0.13080064715350959,2.1210781103223387e-16,0.13080064715350936,0.13080064715350992,52.32025886140383,400
2026-02-10T19:39:54.812322,1,945,0.13443495444238296,1.790180836524724e-16,0.13443495444238263,0.13443495444238307,53.77398177695318,400
2026-02-10T19:39:54.872604,1,946,0.13787775446421496,8.233634315563857e-17,0.13787775446421469,0.13787775446421502,55.15110178568599,400
2026-02-10T19:39:54.932909,1,947,0.1410607828142865,6.911082593979285e-17,0.14106078281428636,0.14106078281428658,56.4243131257146,400
2026-02-10T19:39:54.992145,1,948,0.14394777980591683,1.0235750533041807e-16,0.14394777980591666,0.143947779805917,57.57911192236673,400
2026-02-10T19:39:55.050302,1,949,0.14659962576014451,7.850462293418876e-17,0.1465996257601444,0.14659962576014474,58.6398503040578,400
2026-02-10T19:39:55.108230,1,950,0.14912331258129888,9.694605782913357e-17,0.14912331258129852,0.14912331258129907,59.649325032519556,400
2026-02-10T19:39:55.163407,1,951,0.1515416452650632,9.930136612989092e-17,0.15154164526506286,0.1515416452650633,60.616658106025284,400
2026-02-10T19:39:55.217489,1,952,0.15380723860209097,1.9976303073317525e-16,0.15380723860209067,0.15380723860209122,61.52289544083639,400
2026-02-10T19:39:55.274724,1,953,0.15590276509074216,1.1970346188077034e-16,0.15590276509074197,0.1559027650907423,62.36110603629686,400
2026-02-10T19:39:55.333794,1,954,0.1578385376731345,1.790180836524724e-16,0.15783853767313427,0.15783853767313494,63.1354150692538,400
2026-02-10T19:39:55.393156,1,955,0.15957537897559604,1.1905815549843722e-16,0.15957537897559582,0.15957537897559615,63.830151590238415,400
2026-02-10T19:39:55.452344,1,956,0.16099012245416572,1.6653345369377348e-16,0.16099012245416555,0.160990122454166,64.39604898166628,400
2026-02-10T19:39:55.511715,1,957,0.16194381480004463,8.326672684688674e-17,0.16194381480004438,0.1619438148000446,64.77752592001785,400
2026-02-10T19:39:55.571096,1,958,0.1623869028065724,2.2988587967508084e-16,0.16238690280657175,0.16238690280657264,64.95476112262895,400
2026-02-10T19:39:55.628831,1,959,0.16239087285193485,1.9743561501005246e-16,0.1623908728519342,0.162390872851935,64.95634914077394,400
2026-02-10T19:39:55.686697,1,960,0.16211781728738042,1.2597484963972303e-16,0.16211781728738017,0.16211781728738073,64.84712691495217,400
2026-02-10T19:39:55.743121,1,961,0.16180669751572155,1.0007415106216802e-16,0.1618066975157212,0.16180669751572163,64.72267900628862,400
2026-02-10T19:39:55.797172,1,962,0.16173384974485774,1.9586864091067191e-16,0.1617338497448575,0.16173384974485805,64.6935398979431,400
2026-02-10T19:39:55.854787,1,963,0.16204425987258816,9.852251986074894e-17,0.16204425987258786,0.1620442598725883,64.81770394903526,400
2026-02-10T19:39:55.913194,1,964,0.1626268866625239,1.790180836524724e-16,0.16262688666252356,0.16262688666252412,65.05075466500956,400
2026-02-10T19:39:55.972710,1,965,0.16325258943252366,1.8200548080610225e-16,0.1632525894325233,0.16325258943252385,65.30103577300946,400
2026-02-10T19:39:56.032202,1,966,0.1637883916628391,1.137640067256873e-16,0.16378839166283887,0.16378839166283932,65.51535666513564,400
2026-02-10T19:39:56.091632,1,967,0.1642508992013613,2.0955000055363631e-16,0.1642508992013607,0.1642508992013616,65.70035968054452,400
2026-02-10T19:39:56.150417,1,968,0.16473106939405643,1.8619006149354548e-16,0.1647310693940559,0.1647310693940569,65.89242775762257,400
2026-02-10T19:39:56.207976,1,969,0.16530666621974788,1.8742721836921975e-16,0.16530666621974743,0.16530666621974832,66.12266648789915,400
2026-02-10T19:39:56.266538,1,970,0.16600088332087687,1.737773907273091e-16,0.16600088332087637,0.16600088332087737,66.40035332835075,400
2026-02-10T19:39:56.322661,1,971,0.16677358084776742,1.8200548080610225e-16,0.16677358084776694,0.1667735808477676,66.70943233910697,400
2026-02-10T19:39:56.376159,1,972,0.16757362640484327,2.0433834978856825e-16,0.16757362640484286,0.16757362640484352,67.02945056193731,400
2026-02-10T19:39:56.431948,1,973,0.16842727609239275,1.2098374922832816e-16,0.1684272760923924,0.16842727609239294,67.3709104369571,400
2026-02-10T19:39:56.490149,1,974,0.16941289806901008,1.2719202621569003e-16,0.1694128980690096,0.16941289806901016,67.76515922760403,400
2026-02-10T19:39:56.549587,1,975,0.17054764922020746,9.534353327576943e-17,0.17054764922020715,0.1705476492202075,68.21905968808298,400
2026-02-10T19:39:56.608640,1,976,0.17175844577176672,2.0129969207603732e-16,0.17175844577176635,0.17175844577176702,68.70337830870669,400
2026-02-10T19:39:56.668930,1,977,0.17292303444285956,8.95090418262362e-17,0.1729230344428594,0.17292303444285972,69.16921377714382,400
2026-02-10T19:39:56.736840,1,978,0.17393630941304333,1.5503420817984882e-16,0.17393630941304294,0.1739363094130435,69.57452376521734,400
2026-02-10T19:39:56.792632,1,979,0.17477688507579878,2.3908492371835823e-16,0.17477688507579836,0.17477688507579903,69.91075403031951,400
2026-02-10T19:39:56.848884,1,980,0.17545633472496597,1.510066572755813e-16,0.17545633472496547,0.17545633472496636,70.18253388998639,400
2026-02-10T19:39:56.905161,1,981,0.17592704197631143,1.2412670766236366e-16,0.17592704197631093,0.17592704197631148,70.37081679052457,400
2026-02-10T19:39:56.959104,1,982,0.17611186531497985,1.0821115497893178e-16,0.1761118653149797,0.17611186531498024,70.44474612599194,400
2026-02-10T19:39:57.014330,1,983,0.17596697471842834,1.7154652299081134e-16,0.1759669747184277,0.17596697471842837,70.38678988737134,400
2026-02-10T19:39:57.073886,1,984,0.17546015536869441,1.1102230246251565e-16,0.1754601553686942,0.17546015536869441,70.18406214747776,400
2026-02-10T19:39:57.131455,1,985,0.1745633435947836,5.551115123125783e-17,0.17456334359478354,0.17456334359478365,69.82533743791343,400
2026-02-10T19:39:57.187820,1,986,0.17326117078939682,1.8536070297630047e-16,0.1732611707893964,0.17326117078939696,69.30446831575873,400
2026-02-10T19:39:57.244447,1,987,0.17153482757499994,1.6653345369377348e-16,0.17153482757499972,0.17153482757500016,68.61393102999997,400
2026-02-10T19:39:57.300875,1,988,0.16938680451799784,6.449812927423887e-17,0.1693868045179977,0.16938680451799792,67.75472180719913,400
2026-02-10T19:39:57.356957,1,989,0.16686557384568876,6.449812927423887e-17,0.16686557384568868,0.16686557384568879,66.7462295382755,400
2026-02-10T19:39:57.412221,1,990,0.1640359893107191,8.233634315563857e-17,0.16403598931071883,0.16403598931071917,65.61439572428765,400
2026-02-10T19:39:57.466662,1,991,0.16097435622451975,2.0733247781937855e-16,0.16097435622451928,0.16097435622452017,64.3897424898079,400
2026-02-10T19:39:57.519664,1,992,0.15775765430607405,1.354062519626272e-16,0.1577576543060737,0.15775765430607425,63.10306172242962,400
2026-02-10T19:39:57.572366,1,993,0.15440200418038721,1.6326319374041212e-16,0.15440200418038685,0.1544020041803874,61.76080167215489,400
2026-02-10T19:39:57.627047,1,994,0.15088884783123072,1.0605390551611694e-16,0.15088884783123058,0.1508888478312308,60.35553913249228,400
2026-02-10T19:39:57.683267,1,995,0.14726785694349562,1.3877787807814457e-16,0.14726785694349542,0.14726785694349587,58.90714277739824,400
2026-02-10T19:39:57.739090,1,996,0.14364299691085308,1.382216518795857e-16,0.1436429969108528,0.14364299691085314,57.45719876434123,400
2026-02-10T19:39:57.796177,1,997,0.1400852755656657,1.0235750533041807e-16,0.1400852755656653,0.14008527556566575,56.03411022626627,400
2026-02-10T19:39:57.852369,1,998,0.13663793148372658,7.751710408992441e-17,0.1366379314837265,0.13663793148372672,54.655172593490626,400
2026-02-10T19:39:57.908436,1,999,0.13334555757018016,6.206335383118183e-17,0.13334555757018018,0.1333455575701804,53.338223028072065,400
2026-02-10T19:39:57.963830,1,1000,0.1302338051628312,7.343435057440258e-17,0.13023380516283112,0.13023380516283145,52.093522065132476,400
2026-02-10T19:39:58.016963,1,1001,0.12731726815909775,1.6883057536160649e-16,0.12731726815909716,0.12731726815909794,50.926907263639094,400
2026-02-10T19:39:58.069152,1,1002,0.12461850403411649,1.576213700060856e-16,0.12461850403411634,0.12461850403411678,49.847401613646596,400
2026-02-10T19:39:58.121599,1,1003,0.12213430191854219,1.137640067256873e-16,0.12213430191854213,0.12213430191854246,48.853720767416874,400
2026-02-10T19:39:58.175837,1,1004,0.11983260563168241,1.0821115497893178e-16,0.1198326056316823,0.11983260563168263,47.93304225267296,400
2026-02-10T19:39:58.231300,1,1005,0.11770845272456444,9.871780750502623e-17,0.11770845272456432,0.11770845272456454,47.08338108982578,400
2026-02-10T19:39:58.287087,1,1006,0.11578291895739287,1.0007415106216802e-16,0.11578291895739268,0.11578291895739301,46.31316758295715,400
2026-02-10T19:39:58.343032,1,1007,0.11403392333470873,6.713178136967714e-17,0.11403392333470863,0.11403392333470885,45.61356933388349,400
2026-02-10T19:39:58.399068,1,1008,0.11240611667544313,8.711006819470243e-17,0.11240611667544287,0.11240611667544331,44.96244667017725,400
2026-02-10T19:39:58.454311,1,1009,0.1108752850252338,8.233634315563857e-17,0.1108752850252337,0.11087528502523403,44.35011401009352,400
2026-02-10T19:39:58.508559,1,1010,0.10942019463051347,7.947987303456223e-17,0.10942019463051333,0.10942019463051367,43.76807785220539,400
